iucn_sid,stressor,count
1086,oa,0
1086,slr,0
1086,sst,3
1793,oa,0
1793,slr,0
1793,sst,1
2057,oa,0
2057,slr,0
2057,sst,14
2058,oa,0
2058,slr,0
2058,sst,5
2059,oa,0
2059,slr,0
2059,sst,1
2060,oa,0
2060,slr,1
2060,sst,4
2061,oa,0
2061,slr,0
2061,sst,2
2062,oa,0
2062,slr,0
2062,sst,3
2066,oa,0
2066,slr,1
2066,sst,3
2067,oa,0
2067,slr,0
2067,sst,1
2467,oa,0
2467,slr,0
2467,sst,4
2472,oa,0
2472,slr,0
2472,sst,3
2475,oa,0
2475,slr,0
2475,sst,1
2480,oa,0
2480,slr,0
2480,sst,2
2762,oa,0
2762,slr,0
2762,sst,2
2763,oa,0
2763,slr,0
2763,sst,1
2958,oa,0
2958,slr,0
2958,sst,2
3590,oa,0
3590,slr,0
3590,sst,1
3764,oa,0
3764,slr,0
3764,sst,2
3897,oa,0
3897,slr,1
3897,sst,3
4161,oa,0
4161,slr,0
4161,sst,2
6204,oa,0
6204,slr,0
6204,sst,6
6335,oa,0
6335,slr,0
6335,sst,13
6336,oa,0
6336,slr,0
6336,sst,1
6494,oa,0
6494,slr,1
6494,sst,4
6814,oa,1
6814,slr,0
6814,sst,3
6909,oa,0
6909,slr,0
6909,sst,3
7750,oa,1
7750,slr,0
7750,sst,2
8005,oa,0
8005,slr,1
8005,sst,1
8010,oa,1
8010,slr,0
8010,sst,6
8012,oa,0
8012,slr,0
8012,sst,3
8013,oa,0
8013,slr,0
8013,sst,5
8097,oa,0
8097,slr,0
8097,sst,3
8153,oa,0
8153,slr,0
8153,sst,1
9250,oa,0
9250,slr,0
9250,sst,1
10060,oa,1
10060,slr,0
10060,sst,3
10064,oa,1
10064,slr,0
10064,sst,2
10070,oa,0
10070,slr,0
10070,sst,1
10077,oa,0
10077,slr,0
10077,sst,1
10083,oa,1
10083,slr,0
10083,sst,1
10340,oa,0
10340,slr,1
10340,sst,4
10707,oa,0
10707,slr,0
10707,sst,1
10708,oa,0
10708,slr,0
10708,sst,1
11047,oa,0
11047,slr,0
11047,sst,1
11048,oa,0
11048,slr,0
11048,sst,1
11130,oa,0
11130,slr,0
11130,sst,1
11141,oa,0
11141,slr,0
11141,sst,1
11142,oa,0
11142,slr,0
11142,sst,2
11145,oa,0
11145,slr,0
11145,sst,1
11146,oa,0
11146,slr,0
11146,sst,1
11533,oa,0
11533,slr,0
11533,sst,1
11534,oa,0
11534,slr,0
11534,sst,2
11696,oa,0
11696,slr,0
11696,sst,6
11987,oa,0
11987,slr,3
11987,sst,5
12137,oa,0
12137,slr,0
12137,sst,3
12246,oa,0
12246,slr,1
12246,sst,6
12303,oa,0
12303,slr,0
12303,sst,4
12695,oa,0
12695,slr,3
12695,sst,1
13145,oa,0
13145,slr,1
13145,sst,0
13241,oa,0
13241,slr,0
13241,sst,1
13242,oa,0
13242,slr,0
13242,sst,1
13243,oa,0
13243,slr,0
13243,sst,1
13244,oa,0
13244,slr,0
13244,sst,1
13245,oa,0
13245,slr,0
13245,sst,1
13246,oa,0
13246,slr,0
13246,sst,1
13247,oa,0
13247,slr,0
13247,sst,1
13248,oa,0
13248,slr,0
13248,sst,1
13249,oa,0
13249,slr,0
13249,sst,2
13250,oa,0
13250,slr,0
13250,sst,1
13251,oa,0
13251,slr,0
13251,sst,1
13252,oa,0
13252,slr,0
13252,sst,1
13581,oa,0
13581,slr,0
13581,sst,1
13583,oa,0
13583,slr,0
13583,sst,4
13654,oa,0
13654,slr,0
13654,sst,1
13704,oa,0
13704,slr,0
13704,sst,11
14049,oa,0
14049,slr,0
14049,sst,3
14549,oa,0
14549,slr,0
14549,sst,1
15106,oa,0
15106,slr,0
15106,sst,9
15108,oa,0
15108,slr,0
15108,sst,5
15184,oa,0
15184,slr,0
15184,sst,7
15269,oa,0
15269,slr,1
15269,sst,7
15421,oa,0
15421,slr,0
15421,sst,2
17013,oa,0
17013,slr,0
17013,sst,1
17014,oa,0
17014,slr,0
17014,sst,1
17020,oa,0
17020,slr,0
17020,sst,1
17021,oa,0
17021,slr,0
17021,sst,1
17022,oa,0
17022,slr,0
17022,sst,1
17023,oa,1
17023,slr,0
17023,sst,2
17177,oa,0
17177,slr,0
17177,sst,2
18383,oa,0
18383,slr,0
18383,sst,3
19488,oa,0
19488,slr,0
19488,sst,1
21309,oa,0
21309,slr,5
21309,sst,8
22103,oa,0
22103,slr,0
22103,sst,1
22823,oa,0
22823,slr,0
22823,sst,16
23211,oa,0
23211,slr,0
23211,sst,1
31382,oa,0
31382,slr,0
31382,sst,2
33705,oa,0
33705,slr,0
33705,sst,2
34364,oa,0
34364,slr,0
34364,sst,1
39355,oa,0
39355,slr,0
39355,sst,1
39393,oa,0
39393,slr,0
39393,sst,1
39413,oa,0
39413,slr,0
39413,sst,1
40635,oa,0
40635,slr,0
40635,sst,1
41005,oa,0
41005,slr,0
41005,sst,2
41006,oa,0
41006,slr,0
41006,sst,1
41665,oa,0
41665,slr,0
41665,sst,2
41666,oa,0
41666,slr,0
41666,sst,3
41668,oa,0
41668,slr,0
41668,sst,14
41670,oa,1
41670,slr,0
41670,sst,3
41671,oa,0
41671,slr,0
41671,sst,7
41672,oa,0
41672,slr,0
41672,sst,4
41673,oa,0
41673,slr,0
41673,sst,4
41677,oa,0
41677,slr,0
41677,sst,5
41714,oa,0
41714,slr,0
41714,sst,2
41716,oa,1
41716,slr,0
41716,sst,3
41759,oa,0
41759,slr,0
41759,sst,1
41760,oa,0
41760,slr,0
41760,sst,1
41762,oa,0
41762,slr,0
41762,sst,2
41870,oa,0
41870,slr,0
41870,sst,2
44173,oa,0
44173,slr,0
44173,sst,2
44174,oa,0
44174,slr,0
44174,sst,2
44175,oa,0
44175,slr,0
44175,sst,1
44176,oa,0
44176,slr,0
44176,sst,1
44177,oa,0
44177,slr,0
44177,sst,2
44178,oa,0
44178,slr,0
44178,sst,2
44179,oa,0
44179,slr,0
44179,sst,2
44571,oa,0
44571,slr,0
44571,sst,1
44617,oa,0
44617,slr,0
44617,sst,1
44673,oa,0
44673,slr,0
44673,sst,1
44678,oa,0
44678,slr,0
44678,sst,2
44681,oa,0
44681,slr,0
44681,sst,1
60198,oa,1
60198,slr,0
60198,sst,1
60199,oa,0
60199,slr,0
60199,sst,1
60200,oa,1
60200,slr,0
60200,sst,1
60344,oa,0
60344,slr,0
60344,sst,3
61339,oa,0
61339,slr,0
61339,sst,1
61743,oa,0
61743,slr,0
61743,sst,1
63576,oa,0
63576,slr,0
63576,sst,3
63579,oa,0
63579,slr,0
63579,sst,3
63580,oa,0
63580,slr,0
63580,sst,5
63584,oa,0
63584,slr,0
63584,sst,3
63585,oa,0
63585,slr,0
63585,sst,3
63586,oa,0
63586,slr,0
63586,sst,3
63587,oa,0
63587,slr,0
63587,sst,3
63588,oa,0
63588,slr,0
63588,sst,4
63589,oa,0
63589,slr,0
63589,sst,3
63590,oa,0
63590,slr,0
63590,sst,1
63591,oa,0
63591,slr,0
63591,sst,3
63593,oa,0
63593,slr,0
63593,sst,3
63594,oa,0
63594,slr,0
63594,sst,4
63595,oa,0
63595,slr,0
63595,sst,4
63596,oa,0
63596,slr,0
63596,sst,3
63597,oa,0
63597,slr,0
63597,sst,3
63598,oa,0
63598,slr,0
63598,sst,5
63599,oa,0
63599,slr,0
63599,sst,3
63600,oa,0
63600,slr,0
63600,sst,3
63601,oa,0
63601,slr,0
63601,sst,3
63602,oa,0
63602,slr,0
63602,sst,3
63603,oa,0
63603,slr,0
63603,sst,3
63604,oa,0
63604,slr,0
63604,sst,3
63605,oa,0
63605,slr,0
63605,sst,3
63606,oa,0
63606,slr,0
63606,sst,3
63607,oa,0
63607,slr,0
63607,sst,3
63608,oa,0
63608,slr,0
63608,sst,3
63609,oa,0
63609,slr,0
63609,sst,4
63610,oa,0
63610,slr,0
63610,sst,5
63611,oa,0
63611,slr,0
63611,sst,3
63612,oa,0
63612,slr,0
63612,sst,3
63613,oa,0
63613,slr,0
63613,sst,3
63614,oa,0
63614,slr,0
63614,sst,3
63615,oa,0
63615,slr,0
63615,sst,5
63616,oa,0
63616,slr,0
63616,sst,4
63617,oa,0
63617,slr,0
63617,sst,3
63618,oa,0
63618,slr,0
63618,sst,3
63619,oa,0
63619,slr,0
63619,sst,3
63620,oa,0
63620,slr,0
63620,sst,3
63621,oa,0
63621,slr,0
63621,sst,3
63622,oa,0
63622,slr,0
63622,sst,5
63623,oa,0
63623,slr,0
63623,sst,3
63624,oa,0
63624,slr,0
63624,sst,3
63625,oa,0
63625,slr,0
63625,sst,3
63626,oa,0
63626,slr,0
63626,sst,3
63627,oa,0
63627,slr,0
63627,sst,3
63628,oa,0
63628,slr,0
63628,sst,3
63629,oa,0
63629,slr,0
63629,sst,3
63630,oa,0
63630,slr,0
63630,sst,3
63631,oa,0
63631,slr,0
63631,sst,3
63632,oa,0
63632,slr,0
63632,sst,3
63633,oa,0
63633,slr,0
63633,sst,3
63634,oa,0
63634,slr,0
63634,sst,3
63635,oa,0
63635,slr,0
63635,sst,3
63636,oa,0
63636,slr,0
63636,sst,3
63637,oa,0
63637,slr,0
63637,sst,3
63638,oa,0
63638,slr,0
63638,sst,4
63639,oa,0
63639,slr,0
63639,sst,4
63640,oa,0
63640,slr,0
63640,sst,3
63641,oa,0
63641,slr,0
63641,sst,3
63643,oa,0
63643,slr,0
63643,sst,4
63645,oa,0
63645,slr,0
63645,sst,3
63646,oa,0
63646,slr,0
63646,sst,3
63647,oa,0
63647,slr,0
63647,sst,3
63648,oa,0
63648,slr,0
63648,sst,3
63649,oa,0
63649,slr,0
63649,sst,3
63650,oa,0
63650,slr,0
63650,sst,3
63651,oa,0
63651,slr,0
63651,sst,3
63652,oa,0
63652,slr,0
63652,sst,3
63653,oa,0
63653,slr,0
63653,sst,3
63654,oa,0
63654,slr,0
63654,sst,3
63655,oa,0
63655,slr,0
63655,sst,3
63656,oa,0
63656,slr,0
63656,sst,3
64411,oa,0
64411,slr,0
64411,sst,1
64442,oa,0
64442,slr,0
64442,sst,1
132776,oa,0
132776,slr,0
132776,sst,1
132787,oa,0
132787,slr,0
132787,sst,1
132797,oa,0
132797,slr,0
132797,sst,1
132804,oa,0
132804,slr,0
132804,sst,1
132829,oa,0
132829,slr,0
132829,sst,1
132859,oa,3
132859,slr,0
132859,sst,7
132860,oa,3
132860,slr,0
132860,sst,15
132861,oa,3
132861,slr,0
132861,sst,8
132862,oa,2
132862,slr,0
132862,sst,6
132863,oa,2
132863,slr,0
132863,sst,6
132864,oa,3
132864,slr,0
132864,sst,7
132865,oa,2
132865,slr,0
132865,sst,5
132866,oa,3
132866,slr,0
132866,sst,9
132867,oa,3
132867,slr,0
132867,sst,7
132868,oa,3
132868,slr,0
132868,sst,7
132869,oa,3
132869,slr,0
132869,sst,7
132870,oa,3
132870,slr,0
132870,sst,7
132871,oa,3
132871,slr,0
132871,sst,7
132872,oa,1
132872,slr,0
132872,sst,3
132873,oa,3
132873,slr,0
132873,sst,8
132874,oa,3
132874,slr,0
132874,sst,7
132875,oa,3
132875,slr,0
132875,sst,7
132876,oa,3
132876,slr,0
132876,sst,7
132877,oa,3
132877,slr,0
132877,sst,7
132878,oa,3
132878,slr,0
132878,sst,7
132879,oa,2
132879,slr,0
132879,sst,5
132880,oa,3
132880,slr,0
132880,sst,7
132881,oa,3
132881,slr,0
132881,sst,7
132882,oa,3
132882,slr,0
132882,sst,7
132883,oa,3
132883,slr,0
132883,sst,7
132884,oa,3
132884,slr,0
132884,sst,7
132885,oa,3
132885,slr,0
132885,sst,7
132886,oa,2
132886,slr,0
132886,sst,6
132887,oa,3
132887,slr,0
132887,sst,7
132888,oa,3
132888,slr,0
132888,sst,7
132889,oa,3
132889,slr,0
132889,sst,8
132890,oa,3
132890,slr,0
132890,sst,7
132891,oa,3
132891,slr,0
132891,sst,8
132892,oa,3
132892,slr,0
132892,sst,8
132893,oa,3
132893,slr,0
132893,sst,7
132894,oa,3
132894,slr,0
132894,sst,7
132895,oa,3
132895,slr,0
132895,sst,7
132896,oa,2
132896,slr,0
132896,sst,5
132897,oa,3
132897,slr,0
132897,sst,8
132898,oa,2
132898,slr,0
132898,sst,5
132899,oa,3
132899,slr,0
132899,sst,7
132900,oa,3
132900,slr,0
132900,sst,7
132901,oa,3
132901,slr,0
132901,sst,7
132902,oa,2
132902,slr,0
132902,sst,6
132903,oa,3
132903,slr,0
132903,sst,7
132904,oa,3
132904,slr,0
132904,sst,11
132905,oa,2
132905,slr,0
132905,sst,5
132906,oa,2
132906,slr,0
132906,sst,6
132907,oa,3
132907,slr,0
132907,sst,7
132908,oa,2
132908,slr,0
132908,sst,6
132909,oa,3
132909,slr,0
132909,sst,7
132910,oa,3
132910,slr,0
132910,sst,7
132911,oa,3
132911,slr,0
132911,sst,11
132912,oa,3
132912,slr,0
132912,sst,7
132913,oa,3
132913,slr,0
132913,sst,7
132914,oa,3
132914,slr,0
132914,sst,7
132915,oa,2
132915,slr,0
132915,sst,5
132916,oa,3
132916,slr,0
132916,sst,7
132917,oa,3
132917,slr,0
132917,sst,10
132918,oa,3
132918,slr,0
132918,sst,7
132919,oa,2
132919,slr,0
132919,sst,6
132920,oa,3
132920,slr,0
132920,sst,7
132921,oa,3
132921,slr,0
132921,sst,8
132922,oa,3
132922,slr,0
132922,sst,7
132923,oa,3
132923,slr,0
132923,sst,12
132924,oa,3
132924,slr,0
132924,sst,7
132925,oa,3
132925,slr,0
132925,sst,7
132926,oa,1
132926,slr,0
132926,sst,3
132927,oa,3
132927,slr,0
132927,sst,7
132928,oa,3
132928,slr,0
132928,sst,7
132929,oa,3
132929,slr,0
132929,sst,7
132930,oa,3
132930,slr,0
132930,sst,8
132931,oa,3
132931,slr,0
132931,sst,7
132932,oa,3
132932,slr,0
132932,sst,8
132933,oa,3
132933,slr,0
132933,sst,7
132934,oa,2
132934,slr,0
132934,sst,6
132935,oa,3
132935,slr,0
132935,sst,7
132936,oa,3
132936,slr,0
132936,sst,7
132937,oa,3
132937,slr,0
132937,sst,7
132938,oa,2
132938,slr,0
132938,sst,7
132939,oa,3
132939,slr,0
132939,sst,7
132940,oa,3
132940,slr,0
132940,sst,7
132941,oa,3
132941,slr,0
132941,sst,8
132942,oa,2
132942,slr,0
132942,sst,7
132943,oa,3
132943,slr,0
132943,sst,7
132944,oa,3
132944,slr,0
132944,sst,9
132945,oa,2
132945,slr,0
132945,sst,5
132946,oa,2
132946,slr,0
132946,sst,6
132947,oa,3
132947,slr,0
132947,sst,7
132948,oa,3
132948,slr,0
132948,sst,7
132949,oa,2
132949,slr,0
132949,sst,5
132950,oa,2
132950,slr,0
132950,sst,6
132951,oa,3
132951,slr,0
132951,sst,7
132952,oa,2
132952,slr,0
132952,sst,6
132953,oa,3
132953,slr,0
132953,sst,7
132954,oa,3
132954,slr,0
132954,sst,7
132955,oa,2
132955,slr,0
132955,sst,5
132956,oa,3
132956,slr,0
132956,sst,7
132957,oa,3
132957,slr,0
132957,sst,7
132958,oa,3
132958,slr,0
132958,sst,9
132959,oa,3
132959,slr,0
132959,sst,8
132960,oa,3
132960,slr,0
132960,sst,7
132961,oa,3
132961,slr,0
132961,sst,7
132962,oa,3
132962,slr,0
132962,sst,7
132963,oa,3
132963,slr,0
132963,sst,5
132964,oa,3
132964,slr,0
132964,sst,7
132965,oa,2
132965,slr,0
132965,sst,6
132966,oa,2
132966,slr,0
132966,sst,6
132967,oa,3
132967,slr,0
132967,sst,7
132968,oa,3
132968,slr,0
132968,sst,7
132969,oa,3
132969,slr,0
132969,sst,7
132970,oa,2
132970,slr,0
132970,sst,4
132971,oa,2
132971,slr,0
132971,sst,6
132972,oa,3
132972,slr,0
132972,sst,7
132973,oa,3
132973,slr,0
132973,sst,7
132974,oa,3
132974,slr,0
132974,sst,7
132975,oa,3
132975,slr,0
132975,sst,8
132976,oa,3
132976,slr,0
132976,sst,7
132977,oa,3
132977,slr,0
132977,sst,8
132978,oa,3
132978,slr,0
132978,sst,7
132979,oa,3
132979,slr,0
132979,sst,7
132980,oa,3
132980,slr,0
132980,sst,7
132981,oa,3
132981,slr,0
132981,sst,7
132982,oa,3
132982,slr,0
132982,sst,7
132983,oa,3
132983,slr,0
132983,sst,7
132984,oa,3
132984,slr,0
132984,sst,7
132985,oa,3
132985,slr,0
132985,sst,7
132986,oa,3
132986,slr,0
132986,sst,7
132987,oa,3
132987,slr,0
132987,sst,7
132988,oa,3
132988,slr,0
132988,sst,7
132989,oa,3
132989,slr,0
132989,sst,8
132990,oa,3
132990,slr,0
132990,sst,7
132991,oa,3
132991,slr,0
132991,sst,8
132992,oa,3
132992,slr,0
132992,sst,7
132993,oa,3
132993,slr,0
132993,sst,7
132994,oa,3
132994,slr,0
132994,sst,7
132995,oa,2
132995,slr,0
132995,sst,5
132996,oa,3
132996,slr,0
132996,sst,7
132997,oa,3
132997,slr,0
132997,sst,7
132998,oa,3
132998,slr,0
132998,sst,7
132999,oa,2
132999,slr,0
132999,sst,7
133000,oa,2
133000,slr,0
133000,sst,6
133001,oa,2
133001,slr,0
133001,sst,5
133002,oa,3
133002,slr,0
133002,sst,7
133003,oa,3
133003,slr,0
133003,sst,7
133004,oa,3
133004,slr,0
133004,sst,7
133005,oa,3
133005,slr,0
133005,sst,7
133006,oa,3
133006,slr,0
133006,sst,5
133007,oa,3
133007,slr,0
133007,sst,8
133008,oa,3
133008,slr,0
133008,sst,7
133009,oa,3
133009,slr,0
133009,sst,7
133010,oa,3
133010,slr,0
133010,sst,7
133011,oa,3
133011,slr,0
133011,sst,7
133012,oa,3
133012,slr,0
133012,sst,5
133013,oa,3
133013,slr,0
133013,sst,7
133014,oa,2
133014,slr,0
133014,sst,5
133015,oa,3
133015,slr,0
133015,sst,9
133016,oa,3
133016,slr,0
133016,sst,8
133017,oa,2
133017,slr,0
133017,sst,6
133018,oa,3
133018,slr,0
133018,sst,7
133019,oa,3
133019,slr,0
133019,sst,7
133020,oa,3
133020,slr,0
133020,sst,7
133021,oa,3
133021,slr,0
133021,sst,7
133022,oa,3
133022,slr,0
133022,sst,9
133023,oa,3
133023,slr,0
133023,sst,8
133024,oa,3
133024,slr,0
133024,sst,7
133025,oa,3
133025,slr,0
133025,sst,7
133026,oa,3
133026,slr,0
133026,sst,7
133027,oa,3
133027,slr,0
133027,sst,8
133028,oa,3
133028,slr,0
133028,sst,7
133029,oa,3
133029,slr,0
133029,sst,7
133030,oa,2
133030,slr,0
133030,sst,6
133031,oa,3
133031,slr,0
133031,sst,9
133032,oa,3
133032,slr,0
133032,sst,7
133033,oa,3
133033,slr,0
133033,sst,7
133034,oa,3
133034,slr,0
133034,sst,7
133035,oa,2
133035,slr,0
133035,sst,6
133036,oa,3
133036,slr,0
133036,sst,9
133037,oa,3
133037,slr,0
133037,sst,7
133038,oa,3
133038,slr,0
133038,sst,8
133039,oa,3
133039,slr,0
133039,sst,7
133040,oa,3
133040,slr,0
133040,sst,7
133041,oa,3
133041,slr,0
133041,sst,7
133042,oa,2
133042,slr,0
133042,sst,7
133043,oa,3
133043,slr,0
133043,sst,8
133044,oa,3
133044,slr,0
133044,sst,7
133045,oa,3
133045,slr,0
133045,sst,7
133046,oa,3
133046,slr,0
133046,sst,7
133047,oa,3
133047,slr,0
133047,sst,7
133048,oa,3
133048,slr,0
133048,sst,7
133049,oa,3
133049,slr,0
133049,sst,7
133050,oa,2
133050,slr,0
133050,sst,6
133051,oa,2
133051,slr,0
133051,sst,5
133052,oa,3
133052,slr,0
133052,sst,7
133053,oa,3
133053,slr,0
133053,sst,7
133054,oa,2
133054,slr,0
133054,sst,5
133055,oa,3
133055,slr,0
133055,sst,7
133056,oa,3
133056,slr,0
133056,sst,9
133057,oa,3
133057,slr,0
133057,sst,7
133058,oa,3
133058,slr,0
133058,sst,7
133059,oa,3
133059,slr,0
133059,sst,7
133060,oa,3
133060,slr,0
133060,sst,7
133061,oa,2
133061,slr,0
133061,sst,6
133062,oa,3
133062,slr,0
133062,sst,7
133063,oa,3
133063,slr,0
133063,sst,7
133064,oa,3
133064,slr,0
133064,sst,8
133065,oa,3
133065,slr,0
133065,sst,8
133066,oa,3
133066,slr,0
133066,sst,9
133067,oa,3
133067,slr,0
133067,sst,7
133068,oa,3
133068,slr,0
133068,sst,7
133069,oa,3
133069,slr,0
133069,sst,7
133070,oa,3
133070,slr,0
133070,sst,7
133071,oa,1
133071,slr,0
133071,sst,3
133072,oa,3
133072,slr,0
133072,sst,8
133073,oa,3
133073,slr,0
133073,sst,8
133074,oa,3
133074,slr,0
133074,sst,7
133075,oa,3
133075,slr,0
133075,sst,7
133076,oa,3
133076,slr,0
133076,sst,7
133077,oa,3
133077,slr,0
133077,sst,8
133078,oa,3
133078,slr,0
133078,sst,7
133079,oa,3
133079,slr,0
133079,sst,8
133080,oa,3
133080,slr,0
133080,sst,7
133081,oa,3
133081,slr,0
133081,sst,7
133082,oa,3
133082,slr,0
133082,sst,8
133083,oa,3
133083,slr,0
133083,sst,7
133084,oa,3
133084,slr,0
133084,sst,7
133085,oa,2
133085,slr,0
133085,sst,4
133086,oa,3
133086,slr,0
133086,sst,7
133087,oa,3
133087,slr,0
133087,sst,7
133088,oa,3
133088,slr,0
133088,sst,7
133089,oa,3
133089,slr,0
133089,sst,7
133090,oa,3
133090,slr,0
133090,sst,7
133091,oa,3
133091,slr,0
133091,sst,9
133092,oa,3
133092,slr,0
133092,sst,7
133093,oa,2
133093,slr,0
133093,sst,5
133094,oa,3
133094,slr,0
133094,sst,8
133095,oa,3
133095,slr,0
133095,sst,11
133096,oa,3
133096,slr,0
133096,sst,8
133097,oa,3
133097,slr,0
133097,sst,9
133098,oa,3
133098,slr,0
133098,sst,8
133099,oa,3
133099,slr,0
133099,sst,9
133100,oa,3
133100,slr,0
133100,sst,7
133101,oa,3
133101,slr,0
133101,sst,7
133102,oa,3
133102,slr,0
133102,sst,5
133103,oa,2
133103,slr,0
133103,sst,6
133104,oa,2
133104,slr,0
133104,sst,6
133105,oa,3
133105,slr,0
133105,sst,8
133106,oa,3
133106,slr,0
133106,sst,7
133107,oa,3
133107,slr,0
133107,sst,8
133108,oa,3
133108,slr,0
133108,sst,7
133109,oa,3
133109,slr,0
133109,sst,7
133110,oa,3
133110,slr,0
133110,sst,7
133111,oa,3
133111,slr,0
133111,sst,8
133112,oa,3
133112,slr,0
133112,sst,7
133113,oa,3
133113,slr,0
133113,sst,8
133114,oa,3
133114,slr,0
133114,sst,7
133115,oa,3
133115,slr,0
133115,sst,7
133116,oa,3
133116,slr,0
133116,sst,7
133117,oa,3
133117,slr,0
133117,sst,8
133118,oa,3
133118,slr,0
133118,sst,8
133119,oa,2
133119,slr,0
133119,sst,6
133120,oa,3
133120,slr,0
133120,sst,7
133121,oa,2
133121,slr,0
133121,sst,9
133122,oa,2
133122,slr,0
133122,sst,6
133123,oa,3
133123,slr,0
133123,sst,8
133124,oa,3
133124,slr,0
133124,sst,5
133125,oa,3
133125,slr,0
133125,sst,7
133126,oa,3
133126,slr,0
133126,sst,7
133127,oa,3
133127,slr,0
133127,sst,7
133128,oa,2
133128,slr,0
133128,sst,6
133129,oa,3
133129,slr,0
133129,sst,7
133130,oa,3
133130,slr,0
133130,sst,7
133131,oa,3
133131,slr,0
133131,sst,7
133132,oa,3
133132,slr,0
133132,sst,7
133133,oa,3
133133,slr,0
133133,sst,7
133134,oa,2
133134,slr,0
133134,sst,4
133135,oa,3
133135,slr,0
133135,sst,5
133136,oa,1
133136,slr,0
133136,sst,3
133137,oa,3
133137,slr,0
133137,sst,7
133138,oa,3
133138,slr,0
133138,sst,7
133139,oa,3
133139,slr,0
133139,sst,7
133140,oa,3
133140,slr,0
133140,sst,8
133141,oa,3
133141,slr,0
133141,sst,7
133142,oa,0
133142,slr,0
133142,sst,2
133143,oa,3
133143,slr,0
133143,sst,6
133144,oa,2
133144,slr,0
133144,sst,7
133145,oa,3
133145,slr,0
133145,sst,7
133146,oa,3
133146,slr,0
133146,sst,7
133147,oa,3
133147,slr,0
133147,sst,7
133148,oa,3
133148,slr,0
133148,sst,7
133149,oa,2
133149,slr,0
133149,sst,5
133150,oa,3
133150,slr,0
133150,sst,8
133151,oa,3
133151,slr,0
133151,sst,7
133152,oa,3
133152,slr,0
133152,sst,7
133153,oa,2
133153,slr,0
133153,sst,6
133154,oa,3
133154,slr,0
133154,sst,7
133155,oa,3
133155,slr,0
133155,sst,5
133156,oa,2
133156,slr,0
133156,sst,5
133157,oa,3
133157,slr,0
133157,sst,7
133158,oa,3
133158,slr,0
133158,sst,7
133159,oa,3
133159,slr,0
133159,sst,7
133160,oa,3
133160,slr,0
133160,sst,7
133161,oa,3
133161,slr,0
133161,sst,7
133162,oa,3
133162,slr,0
133162,sst,7
133163,oa,3
133163,slr,0
133163,sst,8
133164,oa,3
133164,slr,0
133164,sst,7
133165,oa,2
133165,slr,0
133165,sst,6
133166,oa,3
133166,slr,0
133166,sst,7
133167,oa,3
133167,slr,0
133167,sst,7
133168,oa,3
133168,slr,0
133168,sst,12
133169,oa,3
133169,slr,0
133169,sst,7
133170,oa,3
133170,slr,0
133170,sst,9
133171,oa,3
133171,slr,0
133171,sst,7
133172,oa,3
133172,slr,0
133172,sst,7
133173,oa,3
133173,slr,0
133173,sst,7
133174,oa,3
133174,slr,0
133174,sst,7
133175,oa,3
133175,slr,0
133175,sst,9
133176,oa,3
133176,slr,0
133176,sst,8
133177,oa,3
133177,slr,0
133177,sst,7
133178,oa,3
133178,slr,0
133178,sst,7
133179,oa,3
133179,slr,0
133179,sst,7
133180,oa,3
133180,slr,0
133180,sst,7
133181,oa,2
133181,slr,0
133181,sst,6
133182,oa,3
133182,slr,0
133182,sst,7
133183,oa,3
133183,slr,0
133183,sst,7
133184,oa,3
133184,slr,0
133184,sst,7
133185,oa,3
133185,slr,0
133185,sst,8
133186,oa,3
133186,slr,0
133186,sst,9
133187,oa,3
133187,slr,0
133187,sst,8
133188,oa,3
133188,slr,0
133188,sst,7
133189,oa,2
133189,slr,0
133189,sst,6
133190,oa,3
133190,slr,0
133190,sst,8
133191,oa,3
133191,slr,0
133191,sst,8
133192,oa,3
133192,slr,0
133192,sst,7
133193,oa,3
133193,slr,0
133193,sst,8
133194,oa,3
133194,slr,0
133194,sst,8
133195,oa,3
133195,slr,0
133195,sst,7
133196,oa,3
133196,slr,0
133196,sst,9
133197,oa,3
133197,slr,0
133197,sst,11
133198,oa,2
133198,slr,0
133198,sst,5
133199,oa,3
133199,slr,0
133199,sst,8
133200,oa,3
133200,slr,0
133200,sst,7
133201,oa,3
133201,slr,0
133201,sst,7
133202,oa,3
133202,slr,0
133202,sst,8
133203,oa,3
133203,slr,0
133203,sst,7
133204,oa,2
133204,slr,0
133204,sst,6
133205,oa,3
133205,slr,0
133205,sst,7
133206,oa,3
133206,slr,0
133206,sst,7
133207,oa,3
133207,slr,0
133207,sst,7
133208,oa,3
133208,slr,0
133208,sst,8
133209,oa,3
133209,slr,0
133209,sst,7
133210,oa,3
133210,slr,0
133210,sst,7
133211,oa,3
133211,slr,0
133211,sst,8
133212,oa,3
133212,slr,0
133212,sst,7
133213,oa,3
133213,slr,0
133213,sst,7
133214,oa,2
133214,slr,0
133214,sst,6
133215,oa,3
133215,slr,0
133215,sst,7
133216,oa,3
133216,slr,0
133216,sst,9
133217,oa,3
133217,slr,0
133217,sst,7
133218,oa,3
133218,slr,0
133218,sst,7
133219,oa,3
133219,slr,0
133219,sst,7
133220,oa,3
133220,slr,0
133220,sst,8
133221,oa,3
133221,slr,0
133221,sst,7
133222,oa,3
133222,slr,0
133222,sst,9
133223,oa,3
133223,slr,0
133223,sst,7
133224,oa,3
133224,slr,0
133224,sst,7
133225,oa,3
133225,slr,0
133225,sst,7
133226,oa,3
133226,slr,0
133226,sst,7
133227,oa,3
133227,slr,0
133227,sst,7
133228,oa,3
133228,slr,0
133228,sst,7
133229,oa,2
133229,slr,0
133229,sst,7
133230,oa,3
133230,slr,0
133230,sst,7
133231,oa,3
133231,slr,0
133231,sst,7
133232,oa,2
133232,slr,0
133232,sst,5
133233,oa,3
133233,slr,0
133233,sst,7
133234,oa,3
133234,slr,0
133234,sst,7
133235,oa,3
133235,slr,0
133235,sst,7
133236,oa,3
133236,slr,0
133236,sst,7
133237,oa,3
133237,slr,0
133237,sst,7
133238,oa,3
133238,slr,0
133238,sst,9
133239,oa,3
133239,slr,0
133239,sst,7
133240,oa,3
133240,slr,0
133240,sst,13
133241,oa,3
133241,slr,0
133241,sst,7
133242,oa,3
133242,slr,0
133242,sst,13
133243,oa,3
133243,slr,0
133243,sst,7
133244,oa,3
133244,slr,0
133244,sst,7
133245,oa,3
133245,slr,0
133245,sst,9
133246,oa,3
133246,slr,0
133246,sst,7
133247,oa,3
133247,slr,0
133247,sst,7
133248,oa,3
133248,slr,0
133248,sst,7
133249,oa,3
133249,slr,0
133249,sst,8
133250,oa,3
133250,slr,0
133250,sst,7
133251,oa,3
133251,slr,0
133251,sst,7
133252,oa,3
133252,slr,0
133252,sst,7
133253,oa,3
133253,slr,0
133253,sst,7
133254,oa,3
133254,slr,0
133254,sst,7
133255,oa,3
133255,slr,0
133255,sst,7
133256,oa,3
133256,slr,0
133256,sst,7
133257,oa,3
133257,slr,0
133257,sst,5
133258,oa,3
133258,slr,0
133258,sst,7
133259,oa,3
133259,slr,0
133259,sst,8
133260,oa,3
133260,slr,0
133260,sst,8
133261,oa,3
133261,slr,0
133261,sst,7
133262,oa,3
133262,slr,0
133262,sst,8
133263,oa,3
133263,slr,0
133263,sst,7
133264,oa,2
133264,slr,0
133264,sst,6
133265,oa,2
133265,slr,0
133265,sst,6
133266,oa,3
133266,slr,0
133266,sst,7
133267,oa,3
133267,slr,0
133267,sst,7
133268,oa,2
133268,slr,0
133268,sst,6
133269,oa,3
133269,slr,0
133269,sst,7
133270,oa,3
133270,slr,0
133270,sst,8
133271,oa,3
133271,slr,0
133271,sst,7
133272,oa,3
133272,slr,0
133272,sst,7
133273,oa,2
133273,slr,0
133273,sst,6
133274,oa,2
133274,slr,0
133274,sst,6
133275,oa,2
133275,slr,0
133275,sst,8
133276,oa,3
133276,slr,0
133276,sst,8
133277,oa,3
133277,slr,0
133277,sst,8
133278,oa,3
133278,slr,0
133278,sst,7
133279,oa,2
133279,slr,0
133279,sst,6
133280,oa,3
133280,slr,0
133280,sst,7
133281,oa,3
133281,slr,0
133281,sst,7
133282,oa,3
133282,slr,0
133282,sst,8
133283,oa,3
133283,slr,0
133283,sst,7
133284,oa,3
133284,slr,0
133284,sst,7
133285,oa,3
133285,slr,0
133285,sst,8
133286,oa,3
133286,slr,0
133286,sst,8
133287,oa,3
133287,slr,0
133287,sst,7
133288,oa,3
133288,slr,0
133288,sst,7
133289,oa,3
133289,slr,0
133289,sst,7
133290,oa,3
133290,slr,0
133290,sst,7
133291,oa,3
133291,slr,0
133291,sst,7
133292,oa,3
133292,slr,0
133292,sst,7
133293,oa,3
133293,slr,0
133293,sst,11
133294,oa,3
133294,slr,0
133294,sst,7
133295,oa,3
133295,slr,0
133295,sst,7
133296,oa,3
133296,slr,0
133296,sst,8
133297,oa,2
133297,slr,0
133297,sst,5
133298,oa,3
133298,slr,0
133298,sst,9
133299,oa,3
133299,slr,0
133299,sst,7
133300,oa,1
133300,slr,0
133300,sst,7
133301,oa,3
133301,slr,0
133301,sst,8
133302,oa,3
133302,slr,0
133302,sst,7
133303,oa,3
133303,slr,0
133303,sst,7
133304,oa,3
133304,slr,0
133304,sst,7
133305,oa,3
133305,slr,0
133305,sst,8
133306,oa,3
133306,slr,0
133306,sst,7
133307,oa,3
133307,slr,0
133307,sst,7
133308,oa,3
133308,slr,0
133308,sst,7
133309,oa,3
133309,slr,0
133309,sst,9
133310,oa,3
133310,slr,0
133310,sst,7
133311,oa,2
133311,slr,0
133311,sst,6
133312,oa,2
133312,slr,0
133312,sst,6
133313,oa,3
133313,slr,0
133313,sst,7
133314,oa,3
133314,slr,0
133314,sst,9
133315,oa,3
133315,slr,0
133315,sst,7
133316,oa,3
133316,slr,0
133316,sst,7
133317,oa,3
133317,slr,0
133317,sst,7
133318,oa,2
133318,slr,0
133318,sst,6
133319,oa,3
133319,slr,0
133319,sst,7
133320,oa,3
133320,slr,0
133320,sst,7
133321,oa,3
133321,slr,0
133321,sst,7
133322,oa,3
133322,slr,0
133322,sst,7
133323,oa,3
133323,slr,0
133323,sst,8
133324,oa,3
133324,slr,0
133324,sst,7
133325,oa,3
133325,slr,0
133325,sst,7
133326,oa,3
133326,slr,0
133326,sst,7
133327,oa,3
133327,slr,0
133327,sst,7
133328,oa,3
133328,slr,0
133328,sst,8
133329,oa,3
133329,slr,0
133329,sst,8
133330,oa,3
133330,slr,0
133330,sst,7
133331,oa,3
133331,slr,0
133331,sst,8
133332,oa,2
133332,slr,0
133332,sst,5
133333,oa,3
133333,slr,0
133333,sst,7
133334,oa,2
133334,slr,0
133334,sst,6
133335,oa,3
133335,slr,0
133335,sst,7
133336,oa,3
133336,slr,0
133336,sst,7
133337,oa,3
133337,slr,0
133337,sst,7
133338,oa,3
133338,slr,0
133338,sst,7
133339,oa,1
133339,slr,0
133339,sst,4
133340,oa,3
133340,slr,0
133340,sst,7
133341,oa,3
133341,slr,0
133341,sst,7
133342,oa,1
133342,slr,0
133342,sst,2
133343,oa,3
133343,slr,0
133343,sst,7
133344,oa,3
133344,slr,0
133344,sst,7
133345,oa,3
133345,slr,0
133345,sst,9
133346,oa,3
133346,slr,0
133346,sst,8
133347,oa,2
133347,slr,0
133347,sst,6
133348,oa,3
133348,slr,0
133348,sst,7
133349,oa,3
133349,slr,0
133349,sst,8
133350,oa,3
133350,slr,0
133350,sst,7
133351,oa,3
133351,slr,0
133351,sst,7
133352,oa,3
133352,slr,0
133352,sst,7
133353,oa,3
133353,slr,0
133353,sst,9
133354,oa,3
133354,slr,0
133354,sst,7
133355,oa,2
133355,slr,0
133355,sst,6
133356,oa,3
133356,slr,0
133356,sst,7
133357,oa,2
133357,slr,0
133357,sst,5
133358,oa,3
133358,slr,0
133358,sst,8
133359,oa,3
133359,slr,0
133359,sst,7
133360,oa,3
133360,slr,0
133360,sst,7
133361,oa,3
133361,slr,0
133361,sst,8
133362,oa,2
133362,slr,0
133362,sst,7
133363,oa,3
133363,slr,0
133363,sst,7
133364,oa,2
133364,slr,0
133364,sst,7
133365,oa,3
133365,slr,0
133365,sst,7
133366,oa,3
133366,slr,0
133366,sst,7
133367,oa,3
133367,slr,0
133367,sst,8
133368,oa,2
133368,slr,0
133368,sst,5
133369,oa,3
133369,slr,0
133369,sst,7
133370,oa,3
133370,slr,0
133370,sst,8
133371,oa,3
133371,slr,0
133371,sst,9
133372,oa,3
133372,slr,0
133372,sst,7
133373,oa,2
133373,slr,0
133373,sst,4
133374,oa,3
133374,slr,0
133374,sst,7
133375,oa,3
133375,slr,0
133375,sst,9
133376,oa,3
133376,slr,0
133376,sst,7
133377,oa,3
133377,slr,0
133377,sst,5
133378,oa,2
133378,slr,0
133378,sst,5
133379,oa,2
133379,slr,0
133379,sst,6
133380,oa,3
133380,slr,0
133380,sst,7
133381,oa,2
133381,slr,0
133381,sst,5
133382,oa,3
133382,slr,0
133382,sst,7
133383,oa,3
133383,slr,0
133383,sst,7
133384,oa,2
133384,slr,0
133384,sst,6
133385,oa,3
133385,slr,0
133385,sst,8
133386,oa,3
133386,slr,0
133386,sst,7
133387,oa,3
133387,slr,0
133387,sst,7
133388,oa,3
133388,slr,0
133388,sst,7
133389,oa,3
133389,slr,0
133389,sst,8
133390,oa,3
133390,slr,0
133390,sst,7
133391,oa,2
133391,slr,0
133391,sst,5
133392,oa,3
133392,slr,0
133392,sst,7
133393,oa,2
133393,slr,0
133393,sst,6
133394,oa,3
133394,slr,0
133394,sst,7
133395,oa,3
133395,slr,0
133395,sst,8
133396,oa,3
133396,slr,0
133396,sst,7
133397,oa,3
133397,slr,0
133397,sst,7
133398,oa,3
133398,slr,0
133398,sst,11
133399,oa,3
133399,slr,0
133399,sst,8
133400,oa,3
133400,slr,0
133400,sst,7
133401,oa,3
133401,slr,0
133401,sst,7
133402,oa,3
133402,slr,0
133402,sst,7
133403,oa,3
133403,slr,0
133403,sst,7
133404,oa,3
133404,slr,0
133404,sst,8
133405,oa,3
133405,slr,0
133405,sst,7
133406,oa,3
133406,slr,0
133406,sst,8
133407,oa,3
133407,slr,0
133407,sst,9
133408,oa,3
133408,slr,0
133408,sst,8
133409,oa,3
133409,slr,0
133409,sst,8
133410,oa,3
133410,slr,0
133410,sst,7
133411,oa,3
133411,slr,0
133411,sst,7
133412,oa,2
133412,slr,0
133412,sst,6
133413,oa,3
133413,slr,0
133413,sst,7
133414,oa,3
133414,slr,0
133414,sst,7
133415,oa,3
133415,slr,0
133415,sst,7
133416,oa,3
133416,slr,0
133416,sst,8
133417,oa,3
133417,slr,0
133417,sst,7
133418,oa,3
133418,slr,0
133418,sst,7
133419,oa,3
133419,slr,0
133419,sst,7
133420,oa,3
133420,slr,0
133420,sst,9
133421,oa,2
133421,slr,0
133421,sst,7
133422,oa,3
133422,slr,0
133422,sst,9
133423,oa,3
133423,slr,0
133423,sst,7
133424,oa,3
133424,slr,0
133424,sst,7
133425,oa,3
133425,slr,0
133425,sst,5
133426,oa,3
133426,slr,0
133426,sst,7
133427,oa,3
133427,slr,0
133427,sst,7
133428,oa,3
133428,slr,0
133428,sst,8
133429,oa,3
133429,slr,0
133429,sst,7
133430,oa,3
133430,slr,0
133430,sst,8
133431,oa,3
133431,slr,0
133431,sst,7
133432,oa,3
133432,slr,0
133432,sst,7
133433,oa,3
133433,slr,0
133433,sst,8
133434,oa,3
133434,slr,0
133434,sst,8
133435,oa,3
133435,slr,0
133435,sst,7
133436,oa,2
133436,slr,0
133436,sst,6
133437,oa,3
133437,slr,0
133437,sst,7
133438,oa,3
133438,slr,0
133438,sst,9
133439,oa,3
133439,slr,0
133439,sst,7
133440,oa,3
133440,slr,0
133440,sst,7
133441,oa,3
133441,slr,0
133441,sst,7
133442,oa,3
133442,slr,0
133442,sst,7
133443,oa,3
133443,slr,0
133443,sst,9
133444,oa,3
133444,slr,0
133444,sst,7
133445,oa,3
133445,slr,0
133445,sst,8
133446,oa,2
133446,slr,0
133446,sst,5
133447,oa,3
133447,slr,0
133447,sst,7
133448,oa,2
133448,slr,0
133448,sst,5
133449,oa,2
133449,slr,0
133449,sst,6
133450,oa,3
133450,slr,0
133450,sst,9
133451,oa,3
133451,slr,0
133451,sst,9
133452,oa,1
133452,slr,0
133452,sst,3
133453,oa,3
133453,slr,0
133453,sst,7
133454,oa,3
133454,slr,0
133454,sst,8
133455,oa,2
133455,slr,0
133455,sst,9
133456,oa,3
133456,slr,0
133456,sst,7
133457,oa,3
133457,slr,0
133457,sst,7
133458,oa,3
133458,slr,0
133458,sst,7
133459,oa,2
133459,slr,0
133459,sst,5
133460,oa,3
133460,slr,0
133460,sst,8
133461,oa,3
133461,slr,0
133461,sst,7
133462,oa,2
133462,slr,0
133462,sst,6
133463,oa,3
133463,slr,0
133463,sst,7
133464,oa,2
133464,slr,0
133464,sst,5
133465,oa,2
133465,slr,0
133465,sst,6
133466,oa,3
133466,slr,0
133466,sst,6
133467,oa,2
133467,slr,0
133467,sst,5
133468,oa,3
133468,slr,0
133468,sst,7
133469,oa,3
133469,slr,0
133469,sst,7
133470,oa,3
133470,slr,0
133470,sst,7
133471,oa,3
133471,slr,0
133471,sst,7
133472,oa,3
133472,slr,0
133472,sst,7
133473,oa,3
133473,slr,0
133473,sst,7
133474,oa,3
133474,slr,0
133474,sst,7
133475,oa,2
133475,slr,0
133475,sst,6
133476,oa,2
133476,slr,0
133476,sst,6
133477,oa,3
133477,slr,0
133477,sst,9
133478,oa,3
133478,slr,0
133478,sst,7
133479,oa,3
133479,slr,0
133479,sst,7
133480,oa,2
133480,slr,0
133480,sst,6
133481,oa,3
133481,slr,0
133481,sst,7
133482,oa,2
133482,slr,0
133482,sst,5
133483,oa,2
133483,slr,0
133483,sst,6
133484,oa,3
133484,slr,0
133484,sst,8
133485,oa,3
133485,slr,0
133485,sst,7
133486,oa,3
133486,slr,0
133486,sst,8
133487,oa,3
133487,slr,0
133487,sst,7
133488,oa,3
133488,slr,0
133488,sst,7
133489,oa,3
133489,slr,0
133489,sst,8
133490,oa,3
133490,slr,0
133490,sst,7
133491,oa,3
133491,slr,0
133491,sst,7
133492,oa,3
133492,slr,0
133492,sst,8
133493,oa,3
133493,slr,0
133493,sst,7
133494,oa,3
133494,slr,0
133494,sst,7
133495,oa,3
133495,slr,0
133495,sst,7
133496,oa,3
133496,slr,0
133496,sst,8
133497,oa,3
133497,slr,0
133497,sst,7
133498,oa,3
133498,slr,0
133498,sst,7
133499,oa,3
133499,slr,0
133499,sst,8
133500,oa,3
133500,slr,0
133500,sst,7
133501,oa,2
133501,slr,0
133501,sst,5
133502,oa,3
133502,slr,0
133502,sst,10
133503,oa,3
133503,slr,0
133503,sst,7
133504,oa,3
133504,slr,0
133504,sst,8
133505,oa,3
133505,slr,0
133505,sst,8
133506,oa,3
133506,slr,0
133506,sst,7
133507,oa,3
133507,slr,0
133507,sst,7
133508,oa,3
133508,slr,0
133508,sst,7
133509,oa,3
133509,slr,0
133509,sst,7
133510,oa,3
133510,slr,0
133510,sst,7
133511,oa,0
133511,slr,0
133511,sst,2
133512,oa,2
133512,slr,0
133512,sst,7
133513,oa,3
133513,slr,0
133513,sst,7
133514,oa,3
133514,slr,0
133514,sst,8
133515,oa,3
133515,slr,0
133515,sst,7
133516,oa,1
133516,slr,0
133516,sst,3
133517,oa,2
133517,slr,0
133517,sst,6
133518,oa,2
133518,slr,0
133518,sst,6
133519,oa,3
133519,slr,0
133519,sst,7
133520,oa,3
133520,slr,0
133520,sst,13
133521,oa,3
133521,slr,0
133521,sst,5
133522,oa,3
133522,slr,0
133522,sst,7
133523,oa,2
133523,slr,0
133523,sst,5
133524,oa,3
133524,slr,0
133524,sst,7
133525,oa,3
133525,slr,0
133525,sst,9
133526,oa,3
133526,slr,0
133526,sst,7
133527,oa,3
133527,slr,0
133527,sst,7
133528,oa,3
133528,slr,0
133528,sst,7
133529,oa,3
133529,slr,0
133529,sst,8
133530,oa,3
133530,slr,0
133530,sst,7
133531,oa,3
133531,slr,0
133531,sst,7
133532,oa,3
133532,slr,0
133532,sst,7
133533,oa,3
133533,slr,0
133533,sst,7
133534,oa,3
133534,slr,0
133534,sst,7
133535,oa,3
133535,slr,0
133535,sst,7
133536,oa,3
133536,slr,0
133536,sst,9
133537,oa,3
133537,slr,0
133537,sst,7
133538,oa,3
133538,slr,0
133538,sst,7
133539,oa,3
133539,slr,0
133539,sst,7
133540,oa,3
133540,slr,0
133540,sst,8
133541,oa,3
133541,slr,0
133541,sst,7
133542,oa,3
133542,slr,0
133542,sst,7
133543,oa,3
133543,slr,0
133543,sst,8
133544,oa,3
133544,slr,0
133544,sst,7
133545,oa,3
133545,slr,0
133545,sst,7
133546,oa,3
133546,slr,0
133546,sst,8
133547,oa,3
133547,slr,0
133547,sst,7
133548,oa,3
133548,slr,0
133548,sst,7
133549,oa,2
133549,slr,0
133549,sst,9
133550,oa,3
133550,slr,0
133550,sst,8
133551,oa,3
133551,slr,0
133551,sst,7
133552,oa,3
133552,slr,0
133552,sst,7
133553,oa,3
133553,slr,0
133553,sst,8
133554,oa,3
133554,slr,0
133554,sst,7
133555,oa,3
133555,slr,0
133555,sst,8
133556,oa,3
133556,slr,0
133556,sst,9
133557,oa,3
133557,slr,0
133557,sst,7
133558,oa,3
133558,slr,0
133558,sst,7
133559,oa,3
133559,slr,0
133559,sst,7
133560,oa,3
133560,slr,0
133560,sst,7
133561,oa,2
133561,slr,0
133561,sst,7
133562,oa,3
133562,slr,0
133562,sst,7
133563,oa,3
133563,slr,0
133563,sst,10
133564,oa,3
133564,slr,0
133564,sst,7
133565,oa,3
133565,slr,0
133565,sst,7
133566,oa,3
133566,slr,0
133566,sst,7
133567,oa,2
133567,slr,0
133567,sst,5
133568,oa,3
133568,slr,0
133568,sst,8
133569,oa,3
133569,slr,0
133569,sst,7
133570,oa,3
133570,slr,0
133570,sst,8
133571,oa,3
133571,slr,0
133571,sst,7
133572,oa,3
133572,slr,0
133572,sst,8
133573,oa,3
133573,slr,0
133573,sst,7
133574,oa,2
133574,slr,0
133574,sst,7
133575,oa,3
133575,slr,0
133575,sst,7
133576,oa,3
133576,slr,0
133576,sst,7
133577,oa,3
133577,slr,0
133577,sst,7
133578,oa,3
133578,slr,0
133578,sst,7
133579,oa,3
133579,slr,0
133579,sst,7
133580,oa,3
133580,slr,0
133580,sst,8
133581,oa,3
133581,slr,0
133581,sst,7
133582,oa,3
133582,slr,0
133582,sst,7
133583,oa,3
133583,slr,0
133583,sst,7
133584,oa,3
133584,slr,0
133584,sst,8
133585,oa,3
133585,slr,0
133585,sst,8
133586,oa,3
133586,slr,0
133586,sst,7
133587,oa,3
133587,slr,0
133587,sst,7
133588,oa,3
133588,slr,0
133588,sst,7
133589,oa,3
133589,slr,0
133589,sst,8
133590,oa,3
133590,slr,0
133590,sst,8
133591,oa,3
133591,slr,0
133591,sst,7
133592,oa,2
133592,slr,0
133592,sst,6
133593,oa,3
133593,slr,0
133593,sst,7
133594,oa,3
133594,slr,0
133594,sst,7
133595,oa,3
133595,slr,0
133595,sst,10
133596,oa,3
133596,slr,0
133596,sst,7
133597,oa,3
133597,slr,0
133597,sst,7
133598,oa,3
133598,slr,0
133598,sst,7
133599,oa,3
133599,slr,0
133599,sst,9
133600,oa,3
133600,slr,0
133600,sst,7
133601,oa,3
133601,slr,0
133601,sst,7
133602,oa,3
133602,slr,0
133602,sst,8
133603,oa,3
133603,slr,0
133603,sst,8
133604,oa,3
133604,slr,0
133604,sst,7
133605,oa,3
133605,slr,0
133605,sst,7
133606,oa,3
133606,slr,0
133606,sst,7
133607,oa,2
133607,slr,0
133607,sst,5
133608,oa,3
133608,slr,0
133608,sst,7
133609,oa,3
133609,slr,0
133609,sst,7
133610,oa,2
133610,slr,0
133610,sst,7
133611,oa,3
133611,slr,0
133611,sst,5
133612,oa,3
133612,slr,0
133612,sst,8
133613,oa,3
133613,slr,0
133613,sst,8
133614,oa,3
133614,slr,0
133614,sst,7
133615,oa,2
133615,slr,0
133615,sst,5
133616,oa,3
133616,slr,0
133616,sst,7
133617,oa,3
133617,slr,0
133617,sst,7
133618,oa,3
133618,slr,0
133618,sst,7
133619,oa,3
133619,slr,0
133619,sst,7
133620,oa,3
133620,slr,0
133620,sst,7
133621,oa,3
133621,slr,0
133621,sst,7
133622,oa,3
133622,slr,0
133622,sst,8
133623,oa,3
133623,slr,0
133623,sst,10
133624,oa,3
133624,slr,0
133624,sst,7
133625,oa,3
133625,slr,0
133625,sst,8
133626,oa,2
133626,slr,0
133626,sst,6
133627,oa,3
133627,slr,0
133627,sst,7
133628,oa,3
133628,slr,0
133628,sst,7
133629,oa,3
133629,slr,0
133629,sst,7
133630,oa,3
133630,slr,0
133630,sst,7
133631,oa,3
133631,slr,0
133631,sst,7
133632,oa,3
133632,slr,0
133632,sst,7
133633,oa,3
133633,slr,0
133633,sst,7
133634,oa,3
133634,slr,0
133634,sst,7
133635,oa,3
133635,slr,0
133635,sst,9
133636,oa,3
133636,slr,0
133636,sst,7
133637,oa,3
133637,slr,0
133637,sst,7
133638,oa,3
133638,slr,0
133638,sst,7
133639,oa,3
133639,slr,0
133639,sst,7
133640,oa,3
133640,slr,0
133640,sst,8
133641,oa,2
133641,slr,0
133641,sst,5
133642,oa,3
133642,slr,0
133642,sst,7
133643,oa,2
133643,slr,0
133643,sst,5
133644,oa,3
133644,slr,0
133644,sst,7
133645,oa,3
133645,slr,0
133645,sst,8
133646,oa,3
133646,slr,0
133646,sst,9
133647,oa,3
133647,slr,0
133647,sst,7
133648,oa,3
133648,slr,0
133648,sst,7
133649,oa,3
133649,slr,0
133649,sst,7
133650,oa,3
133650,slr,0
133650,sst,7
133651,oa,1
133651,slr,0
133651,sst,3
133652,oa,3
133652,slr,0
133652,sst,7
133653,oa,3
133653,slr,0
133653,sst,7
133654,oa,3
133654,slr,0
133654,sst,7
133655,oa,3
133655,slr,0
133655,sst,8
133656,oa,3
133656,slr,0
133656,sst,7
133657,oa,3
133657,slr,0
133657,sst,5
133658,oa,2
133658,slr,0
133658,sst,6
133659,oa,3
133659,slr,0
133659,sst,7
133660,oa,3
133660,slr,0
133660,sst,7
133661,oa,3
133661,slr,0
133661,sst,7
133662,oa,3
133662,slr,0
133662,sst,7
133663,oa,3
133663,slr,0
133663,sst,7
133664,oa,3
133664,slr,0
133664,sst,7
133665,oa,3
133665,slr,0
133665,sst,7
133666,oa,3
133666,slr,0
133666,sst,7
133667,oa,3
133667,slr,0
133667,sst,8
133668,oa,2
133668,slr,0
133668,sst,5
133669,oa,3
133669,slr,0
133669,sst,7
133670,oa,3
133670,slr,0
133670,sst,7
133671,oa,3
133671,slr,0
133671,sst,7
133672,oa,2
133672,slr,0
133672,sst,6
133673,oa,3
133673,slr,0
133673,sst,7
133674,oa,3
133674,slr,0
133674,sst,9
133675,oa,2
133675,slr,0
133675,sst,5
133676,oa,3
133676,slr,0
133676,sst,8
133677,oa,2
133677,slr,0
133677,sst,6
133678,oa,2
133678,slr,0
133678,sst,6
133679,oa,3
133679,slr,0
133679,sst,7
133680,oa,2
133680,slr,0
133680,sst,5
133681,oa,3
133681,slr,0
133681,sst,7
133682,oa,3
133682,slr,0
133682,sst,7
133683,oa,3
133683,slr,0
133683,sst,7
133684,oa,2
133684,slr,0
133684,sst,8
133685,oa,3
133685,slr,0
133685,sst,7
133686,oa,1
133686,slr,0
133686,sst,1
133687,oa,3
133687,slr,0
133687,sst,7
133688,oa,3
133688,slr,0
133688,sst,7
133689,oa,3
133689,slr,0
133689,sst,7
133690,oa,3
133690,slr,0
133690,sst,7
133691,oa,3
133691,slr,0
133691,sst,9
133692,oa,3
133692,slr,0
133692,sst,7
133693,oa,3
133693,slr,0
133693,sst,7
133694,oa,3
133694,slr,0
133694,sst,7
133695,oa,3
133695,slr,0
133695,sst,7
133696,oa,3
133696,slr,0
133696,sst,8
133697,oa,3
133697,slr,0
133697,sst,7
133698,oa,3
133698,slr,0
133698,sst,8
133699,oa,3
133699,slr,0
133699,sst,7
133700,oa,3
133700,slr,0
133700,sst,9
133701,oa,3
133701,slr,0
133701,sst,7
133702,oa,3
133702,slr,0
133702,sst,11
133703,oa,3
133703,slr,0
133703,sst,8
133706,oa,0
133706,slr,0
133706,sst,1
135301,oa,0
135301,slr,0
135301,sst,2
135302,oa,0
135302,slr,0
135302,sst,1
135303,oa,0
135303,slr,0
135303,sst,2
135306,oa,0
135306,slr,0
135306,sst,2
135308,oa,0
135308,slr,0
135308,sst,2
135309,oa,0
135309,slr,0
135309,sst,2
135310,oa,0
135310,slr,0
135310,sst,2
135311,oa,0
135311,slr,0
135311,sst,2
135312,oa,0
135312,slr,0
135312,sst,2
135313,oa,0
135313,slr,0
135313,sst,2
135315,oa,0
135315,slr,0
135315,sst,2
135316,oa,0
135316,slr,0
135316,sst,2
135317,oa,0
135317,slr,0
135317,sst,2
135318,oa,0
135318,slr,0
135318,sst,2
135319,oa,0
135319,slr,0
135319,sst,2
135320,oa,0
135320,slr,0
135320,sst,2
135321,oa,0
135321,slr,0
135321,sst,2
135322,oa,0
135322,slr,0
135322,sst,2
135323,oa,0
135323,slr,0
135323,sst,2
135324,oa,0
135324,slr,0
135324,sst,2
135325,oa,0
135325,slr,0
135325,sst,2
135326,oa,0
135326,slr,0
135326,sst,2
135327,oa,0
135327,slr,0
135327,sst,2
135328,oa,0
135328,slr,0
135328,sst,2
135329,oa,0
135329,slr,0
135329,sst,2
135330,oa,0
135330,slr,0
135330,sst,2
135331,oa,0
135331,slr,0
135331,sst,2
135332,oa,0
135332,slr,0
135332,sst,2
135333,oa,0
135333,slr,0
135333,sst,2
135334,oa,0
135334,slr,0
135334,sst,2
135335,oa,0
135335,slr,0
135335,sst,2
135336,oa,0
135336,slr,0
135336,sst,2
135337,oa,0
135337,slr,0
135337,sst,2
135338,oa,0
135338,slr,0
135338,sst,2
135339,oa,0
135339,slr,0
135339,sst,2
135340,oa,0
135340,slr,0
135340,sst,2
135341,oa,0
135341,slr,0
135341,sst,2
135342,oa,0
135342,slr,0
135342,sst,2
135343,oa,0
135343,slr,0
135343,sst,2
135344,oa,0
135344,slr,0
135344,sst,2
135345,oa,0
135345,slr,0
135345,sst,2
135346,oa,0
135346,slr,0
135346,sst,2
135347,oa,0
135347,slr,0
135347,sst,2
135348,oa,0
135348,slr,0
135348,sst,2
135351,oa,0
135351,slr,0
135351,sst,2
135352,oa,0
135352,slr,0
135352,sst,2
135353,oa,0
135353,slr,0
135353,sst,2
135354,oa,0
135354,slr,0
135354,sst,2
135355,oa,0
135355,slr,0
135355,sst,2
135356,oa,0
135356,slr,0
135356,sst,2
135357,oa,0
135357,slr,0
135357,sst,2
135358,oa,0
135358,slr,0
135358,sst,2
135359,oa,0
135359,slr,0
135359,sst,2
135360,oa,0
135360,slr,0
135360,sst,2
135361,oa,0
135361,slr,0
135361,sst,2
135362,oa,0
135362,slr,0
135362,sst,2
135363,oa,0
135363,slr,0
135363,sst,2
135365,oa,0
135365,slr,0
135365,sst,2
135366,oa,0
135366,slr,0
135366,sst,2
135368,oa,0
135368,slr,0
135368,sst,2
135369,oa,0
135369,slr,0
135369,sst,2
135370,oa,0
135370,slr,0
135370,sst,2
135371,oa,0
135371,slr,0
135371,sst,2
135372,oa,0
135372,slr,0
135372,sst,2
135373,oa,0
135373,slr,0
135373,sst,2
135374,oa,0
135374,slr,0
135374,sst,2
135375,oa,0
135375,slr,0
135375,sst,2
135376,oa,0
135376,slr,0
135376,sst,2
135377,oa,0
135377,slr,0
135377,sst,2
135379,oa,0
135379,slr,0
135379,sst,2
135380,oa,0
135380,slr,0
135380,sst,2
135381,oa,0
135381,slr,0
135381,sst,2
135707,oa,0
135707,slr,1
135707,sst,0
136315,oa,0
136315,slr,0
136315,sst,8
153534,oa,0
153534,slr,2
153534,sst,2
154617,oa,0
154617,slr,0
154617,sst,3
154629,oa,1
154629,slr,0
154629,sst,2
154639,oa,0
154639,slr,0
154639,sst,4
154657,oa,0
154657,slr,0
154657,sst,4
154681,oa,0
154681,slr,0
154681,sst,2
154708,oa,0
154708,slr,0
154708,sst,1
154712,oa,0
154712,slr,0
154712,sst,1
154724,oa,0
154724,slr,0
154724,sst,4
154737,oa,0
154737,slr,0
154737,sst,2
154752,oa,0
154752,slr,0
154752,sst,1
154763,oa,0
154763,slr,0
154763,sst,5
154779,oa,0
154779,slr,0
154779,sst,2
154817,oa,0
154817,slr,0
154817,sst,4
154876,oa,0
154876,slr,0
154876,sst,1
154951,oa,0
154951,slr,0
154951,sst,1
154957,oa,0
154957,slr,0
154957,sst,1
154989,oa,0
154989,slr,0
154989,sst,2
154990,oa,0
154990,slr,0
154990,sst,1
155053,oa,0
155053,slr,0
155053,sst,2
155073,oa,1
155073,slr,0
155073,sst,2
155103,oa,0
155103,slr,0
155103,sst,4
155116,oa,0
155116,slr,0
155116,sst,1
155152,oa,0
155152,slr,0
155152,sst,2
155156,oa,0
155156,slr,0
155156,sst,7
155165,oa,1
155165,slr,0
155165,sst,2
155166,oa,0
155166,slr,0
155166,sst,1
155212,oa,0
155212,slr,0
155212,sst,1
155285,oa,0
155285,slr,0
155285,sst,1
155309,oa,0
155309,slr,0
155309,sst,2
155597,oa,0
155597,slr,0
155597,sst,1
161350,oa,0
161350,slr,0
161350,sst,1
161355,oa,0
161355,slr,0
161355,sst,1
161426,oa,0
161426,slr,0
161426,sst,2
161430,oa,0
161430,slr,0
161430,sst,1
161471,oa,0
161471,slr,0
161471,sst,1
161476,oa,0
161476,slr,0
161476,sst,3
162496,oa,1
162496,slr,0
162496,sst,0
162497,oa,1
162497,slr,0
162497,sst,0
162498,oa,1
162498,slr,0
162498,sst,0
162500,oa,1
162500,slr,0
162500,sst,0
162503,oa,1
162503,slr,0
162503,sst,0
162504,oa,1
162504,slr,0
162504,sst,0
162505,oa,1
162505,slr,0
162505,sst,2
162506,oa,1
162506,slr,0
162506,sst,0
162507,oa,0
162507,slr,0
162507,sst,3
162509,oa,1
162509,slr,0
162509,sst,0
162510,oa,1
162510,slr,0
162510,sst,0
162511,oa,1
162511,slr,0
162511,sst,0
162512,oa,1
162512,slr,0
162512,sst,0
162513,oa,1
162513,slr,0
162513,sst,0
162514,oa,1
162514,slr,0
162514,sst,0
162515,oa,1
162515,slr,0
162515,sst,0
162520,oa,1
162520,slr,0
162520,sst,0
162522,oa,1
162522,slr,0
162522,sst,0
162524,oa,1
162524,slr,0
162524,sst,0
162525,oa,1
162525,slr,0
162525,sst,0
162528,oa,1
162528,slr,0
162528,sst,0
162532,oa,1
162532,slr,0
162532,sst,0
162533,oa,1
162533,slr,0
162533,sst,0
162535,oa,1
162535,slr,0
162535,sst,0
162538,oa,1
162538,slr,0
162538,sst,0
162540,oa,1
162540,slr,0
162540,sst,0
162541,oa,1
162541,slr,0
162541,sst,0
162542,oa,1
162542,slr,0
162542,sst,0
162544,oa,1
162544,slr,0
162544,sst,0
162545,oa,1
162545,slr,0
162545,sst,0
162548,oa,1
162548,slr,0
162548,sst,0
162549,oa,1
162549,slr,0
162549,sst,0
162551,oa,1
162551,slr,0
162551,sst,0
162553,oa,1
162553,slr,0
162553,sst,0
162554,oa,1
162554,slr,0
162554,sst,0
162556,oa,1
162556,slr,0
162556,sst,0
162558,oa,1
162558,slr,0
162558,sst,0
162561,oa,1
162561,slr,0
162561,sst,0
162563,oa,1
162563,slr,0
162563,sst,0
162564,oa,1
162564,slr,0
162564,sst,0
162565,oa,0
162565,slr,0
162565,sst,2
162566,oa,1
162566,slr,0
162566,sst,0
162567,oa,1
162567,slr,0
162567,sst,0
162568,oa,1
162568,slr,0
162568,sst,0
162570,oa,1
162570,slr,0
162570,sst,0
162577,oa,1
162577,slr,0
162577,sst,0
162578,oa,1
162578,slr,0
162578,sst,0
162579,oa,1
162579,slr,0
162579,sst,0
162581,oa,1
162581,slr,0
162581,sst,0
162582,oa,1
162582,slr,0
162582,sst,0
162583,oa,1
162583,slr,0
162583,sst,0
162584,oa,1
162584,slr,0
162584,sst,0
162588,oa,1
162588,slr,0
162588,sst,0
162590,oa,1
162590,slr,0
162590,sst,0
162591,oa,1
162591,slr,0
162591,sst,0
162593,oa,1
162593,slr,0
162593,sst,0
162594,oa,1
162594,slr,0
162594,sst,0
162596,oa,1
162596,slr,0
162596,sst,0
162600,oa,1
162600,slr,0
162600,sst,0
162603,oa,1
162603,slr,0
162603,sst,0
162605,oa,1
162605,slr,0
162605,sst,0
162606,oa,1
162606,slr,0
162606,sst,0
162608,oa,1
162608,slr,0
162608,sst,0
162612,oa,1
162612,slr,0
162612,sst,0
162613,oa,1
162613,slr,0
162613,sst,0
162615,oa,1
162615,slr,0
162615,sst,0
162618,oa,1
162618,slr,0
162618,sst,0
162619,oa,1
162619,slr,0
162619,sst,0
162621,oa,1
162621,slr,0
162621,sst,0
162622,oa,1
162622,slr,0
162622,sst,0
162623,oa,1
162623,slr,0
162623,sst,0
162624,oa,1
162624,slr,0
162624,sst,0
162625,oa,1
162625,slr,0
162625,sst,0
162626,oa,1
162626,slr,0
162626,sst,0
162627,oa,1
162627,slr,0
162627,sst,0
162629,oa,1
162629,slr,0
162629,sst,0
162632,oa,0
162632,slr,0
162632,sst,3
162633,oa,1
162633,slr,0
162633,sst,0
162634,oa,1
162634,slr,0
162634,sst,0
162635,oa,1
162635,slr,0
162635,sst,0
162637,oa,1
162637,slr,0
162637,sst,0
162638,oa,1
162638,slr,0
162638,sst,0
162639,oa,1
162639,slr,0
162639,sst,0
162640,oa,1
162640,slr,0
162640,sst,0
162641,oa,1
162641,slr,0
162641,sst,0
162642,oa,1
162642,slr,0
162642,sst,0
162645,oa,1
162645,slr,0
162645,sst,0
162647,oa,1
162647,slr,0
162647,sst,0
162648,oa,1
162648,slr,0
162648,sst,0
162649,oa,1
162649,slr,0
162649,sst,0
162650,oa,1
162650,slr,0
162650,sst,0
162651,oa,1
162651,slr,0
162651,sst,0
162652,oa,1
162652,slr,0
162652,sst,1
162653,oa,1
162653,slr,0
162653,sst,0
162655,oa,1
162655,slr,0
162655,sst,0
162658,oa,1
162658,slr,0
162658,sst,0
162660,oa,1
162660,slr,0
162660,sst,0
162662,oa,1
162662,slr,0
162662,sst,0
162664,oa,1
162664,slr,0
162664,sst,0
162666,oa,1
162666,slr,0
162666,sst,0
162667,oa,1
162667,slr,0
162667,sst,0
162668,oa,1
162668,slr,0
162668,sst,0
162670,oa,1
162670,slr,0
162670,sst,0
162673,oa,1
162673,slr,0
162673,sst,0
162676,oa,1
162676,slr,0
162676,sst,0
162677,oa,1
162677,slr,0
162677,sst,0
162678,oa,1
162678,slr,0
162678,sst,0
162679,oa,1
162679,slr,0
162679,sst,0
162680,oa,1
162680,slr,0
162680,sst,0
162681,oa,2
162681,slr,0
162681,sst,0
162684,oa,1
162684,slr,0
162684,sst,0
162687,oa,1
162687,slr,0
162687,sst,0
162695,oa,0
162695,slr,0
162695,sst,3
162696,oa,0
162696,slr,0
162696,sst,3
162697,oa,0
162697,slr,0
162697,sst,3
162698,oa,0
162698,slr,0
162698,sst,3
162699,oa,0
162699,slr,0
162699,sst,2
162700,oa,0
162700,slr,0
162700,sst,3
162701,oa,0
162701,slr,0
162701,sst,2
162703,oa,0
162703,slr,0
162703,sst,3
162705,oa,0
162705,slr,0
162705,sst,3
162706,oa,0
162706,slr,0
162706,sst,3
162707,oa,0
162707,slr,0
162707,sst,3
162708,oa,0
162708,slr,0
162708,sst,2
162710,oa,0
162710,slr,0
162710,sst,3
162713,oa,0
162713,slr,0
162713,sst,3
162714,oa,0
162714,slr,0
162714,sst,3
162716,oa,0
162716,slr,0
162716,sst,3
162717,oa,0
162717,slr,0
162717,sst,3
162718,oa,0
162718,slr,0
162718,sst,3
162720,oa,0
162720,slr,0
162720,sst,3
162721,oa,0
162721,slr,0
162721,sst,3
162912,oa,1
162912,slr,0
162912,sst,1
162913,oa,0
162913,slr,0
162913,sst,2
162935,oa,1
162935,slr,0
162935,sst,1
162954,oa,1
162954,slr,0
162954,sst,1
162974,oa,1
162974,slr,0
162974,sst,1
162977,oa,0
162977,slr,0
162977,sst,2
162992,oa,0
162992,slr,0
162992,sst,1
162997,oa,0
162997,slr,0
162997,sst,4
163004,oa,1
163004,slr,0
163004,sst,2
163006,oa,1
163006,slr,0
163006,sst,2
163017,oa,0
163017,slr,0
163017,sst,1
163032,oa,0
163032,slr,0
163032,sst,2
163036,oa,1
163036,slr,0
163036,sst,1
163048,oa,0
163048,slr,0
163048,sst,1
163055,oa,1
163055,slr,0
163055,sst,1
163117,oa,0
163117,slr,0
163117,sst,2
163128,oa,0
163128,slr,0
163128,sst,3
163138,oa,0
163138,slr,0
163138,sst,2
163145,oa,0
163145,slr,0
163145,sst,2
163147,oa,1
163147,slr,0
163147,sst,2
163165,oa,1
163165,slr,0
163165,sst,1
163174,oa,0
163174,slr,0
163174,sst,1
163175,oa,1
163175,slr,0
163175,sst,2
163200,oa,1
163200,slr,0
163200,sst,1
163210,oa,0
163210,slr,0
163210,sst,1
163224,oa,1
163224,slr,0
163224,sst,1
163236,oa,1
163236,slr,0
163236,sst,1
163241,oa,0
163241,slr,0
163241,sst,2
163271,oa,0
163271,slr,0
163271,sst,1
163275,oa,0
163275,slr,0
163275,sst,1
163280,oa,1
163280,slr,0
163280,sst,2
163291,oa,1
163291,slr,0
163291,sst,1
163293,oa,0
163293,slr,0
163293,sst,1
163301,oa,1
163301,slr,0
163301,sst,1
163303,oa,1
163303,slr,0
163303,sst,1
163317,oa,1
163317,slr,0
163317,sst,1
163318,oa,1
163318,slr,0
163318,sst,1
163329,oa,1
163329,slr,0
163329,sst,1
163339,oa,1
163339,slr,0
163339,sst,1
163344,oa,1
163344,slr,0
163344,sst,1
163346,oa,1
163346,slr,0
163346,sst,1
163359,oa,1
163359,slr,0
163359,sst,1
163384,oa,0
163384,slr,0
163384,sst,1
163403,oa,0
163403,slr,0
163403,sst,1
165633,oa,0
165633,slr,0
165633,sst,2
165635,oa,0
165635,slr,0
165635,sst,1
165658,oa,0
165658,slr,0
165658,sst,4
165672,oa,0
165672,slr,0
165672,sst,2
165687,oa,0
165687,slr,0
165687,sst,1
165713,oa,0
165713,slr,0
165713,sst,1
165719,oa,0
165719,slr,0
165719,sst,2
165823,oa,0
165823,slr,0
165823,sst,4
165836,oa,0
165836,slr,0
165836,sst,4
165861,oa,0
165861,slr,0
165861,sst,4
165880,oa,0
165880,slr,0
165880,sst,2
165910,oa,0
165910,slr,0
165910,sst,2
166184,oa,0
166184,slr,0
166184,sst,2
166189,oa,0
166189,slr,0
166189,sst,2
166894,oa,0
166894,slr,0
166894,sst,3
169015,oa,0
169015,slr,0
169015,sst,2
169676,oa,0
169676,slr,0
169676,sst,1
169976,oa,0
169976,slr,0
169976,sst,1
170009,oa,0
170009,slr,0
170009,sst,1
170063,oa,0
170063,slr,0
170063,sst,1
170075,oa,0
170075,slr,0
170075,sst,1
170153,oa,0
170153,slr,0
170153,sst,1
170173,oa,0
170173,slr,0
170173,sst,1
170181,oa,0
170181,slr,0
170181,sst,1
170189,oa,0
170189,slr,0
170189,sst,1
170199,oa,0
170199,slr,0
170199,sst,1
170244,oa,0
170244,slr,0
170244,sst,1
170257,oa,0
170257,slr,0
170257,sst,1
170354,oa,0
170354,slr,0
170354,sst,2
172284,oa,1
172284,slr,0
172284,sst,2
173320,oa,0
173320,slr,0
173320,sst,1
173327,oa,0
173327,slr,0
173327,sst,2
173328,oa,0
173328,slr,0
173328,sst,1
173331,oa,0
173331,slr,0
173331,sst,2
173364,oa,0
173364,slr,0
173364,sst,2
173384,oa,0
173384,slr,0
173384,sst,2
176704,oa,0
176704,slr,0
176704,sst,2
176706,oa,0
176706,slr,0
176706,sst,2
176714,oa,0
176714,slr,0
176714,sst,3
176720,oa,0
176720,slr,0
176720,sst,3
176721,oa,0
176721,slr,2
176721,sst,3
176725,oa,0
176725,slr,2
176725,sst,3
176736,oa,0
176736,slr,3
176736,sst,3
176739,oa,0
176739,slr,3
176739,sst,3
176740,oa,0
176740,slr,3
176740,sst,4
176742,oa,0
176742,slr,0
176742,sst,2
176743,oa,0
176743,slr,0
176743,sst,2
176748,oa,0
176748,slr,0
176748,sst,3
176750,oa,0
176750,slr,3
176750,sst,3
176763,oa,0
176763,slr,0
176763,sst,3
176770,oa,0
176770,slr,0
176770,sst,3
176771,oa,0
176771,slr,3
176771,sst,3
178105,oa,0
178105,slr,0
178105,sst,1
178796,oa,0
178796,slr,1
178796,sst,2
178797,oa,0
178797,slr,0
178797,sst,2
178798,oa,0
178798,slr,0
178798,sst,2
178799,oa,0
178799,slr,0
178799,sst,1
178800,oa,0
178800,slr,1
178800,sst,2
178801,oa,0
178801,slr,0
178801,sst,1
178802,oa,0
178802,slr,0
178802,sst,2
178803,oa,0
178803,slr,0
178803,sst,2
178804,oa,0
178804,slr,0
178804,sst,2
178805,oa,0
178805,slr,0
178805,sst,2
178806,oa,0
178806,slr,0
178806,sst,2
178807,oa,0
178807,slr,0
178807,sst,1
178808,oa,0
178808,slr,0
178808,sst,1
178809,oa,0
178809,slr,0
178809,sst,1
178811,oa,0
178811,slr,0
178811,sst,1
178812,oa,0
178812,slr,0
178812,sst,2
178814,oa,0
178814,slr,1
178814,sst,1
178815,oa,0
178815,slr,1
178815,sst,1
178816,oa,0
178816,slr,0
178816,sst,1
178817,oa,0
178817,slr,0
178817,sst,2
178818,oa,0
178818,slr,0
178818,sst,2
178819,oa,0
178819,slr,0
178819,sst,1
178820,oa,0
178820,slr,0
178820,sst,2
178821,oa,0
178821,slr,0
178821,sst,2
178822,oa,0
178822,slr,0
178822,sst,2
178823,oa,0
178823,slr,0
178823,sst,1
178824,oa,0
178824,slr,0
178824,sst,2
178825,oa,0
178825,slr,0
178825,sst,2
178826,oa,0
178826,slr,0
178826,sst,2
178827,oa,0
178827,slr,1
178827,sst,2
178828,oa,0
178828,slr,0
178828,sst,2
178829,oa,0
178829,slr,0
178829,sst,2
178830,oa,0
178830,slr,0
178830,sst,2
178831,oa,0
178831,slr,0
178831,sst,1
178832,oa,0
178832,slr,0
178832,sst,2
178833,oa,0
178833,slr,0
178833,sst,1
178834,oa,0
178834,slr,0
178834,sst,1
178835,oa,0
178835,slr,0
178835,sst,1
178836,oa,0
178836,slr,1
178836,sst,1
178837,oa,0
178837,slr,0
178837,sst,2
178838,oa,0
178838,slr,0
178838,sst,2
178839,oa,0
178839,slr,0
178839,sst,1
178840,oa,0
178840,slr,0
178840,sst,2
178841,oa,0
178841,slr,0
178841,sst,2
178842,oa,0
178842,slr,1
178842,sst,2
178843,oa,0
178843,slr,1
178843,sst,2
178844,oa,0
178844,slr,0
178844,sst,2
178845,oa,0
178845,slr,1
178845,sst,2
178846,oa,0
178846,slr,1
178846,sst,2
178847,oa,0
178847,slr,0
178847,sst,1
178848,oa,0
178848,slr,1
178848,sst,1
178849,oa,0
178849,slr,0
178849,sst,2
178850,oa,0
178850,slr,0
178850,sst,3
178851,oa,0
178851,slr,0
178851,sst,1
178852,oa,0
178852,slr,1
178852,sst,2
178853,oa,0
178853,slr,0
178853,sst,1
178854,oa,0
178854,slr,1
178854,sst,2
178855,oa,0
178855,slr,0
178855,sst,1
178856,oa,0
178856,slr,0
178856,sst,1
178857,oa,0
178857,slr,0
178857,sst,2
178858,oa,0
178858,slr,0
178858,sst,1
178934,oa,0
178934,slr,0
178934,sst,1
179030,oa,0
179030,slr,0
179030,sst,2
180133,oa,0
180133,slr,0
180133,sst,2
183097,oa,0
183097,slr,0
183097,sst,1
183155,oa,0
183155,slr,0
183155,sst,2
183221,oa,0
183221,slr,0
183221,sst,4
183228,oa,0
183228,slr,0
183228,sst,3
183236,oa,0
183236,slr,0
183236,sst,2
183243,oa,0
183243,slr,0
183243,sst,4
183256,oa,0
183256,slr,0
183256,sst,1
183258,oa,0
183258,slr,0
183258,sst,5
183259,oa,0
183259,slr,0
183259,sst,1
183265,oa,0
183265,slr,0
183265,sst,4
183266,oa,0
183266,slr,0
183266,sst,3
183271,oa,0
183271,slr,0
183271,sst,1
183277,oa,0
183277,slr,0
183277,sst,3
183280,oa,0
183280,slr,0
183280,sst,3
183284,oa,0
183284,slr,0
183284,sst,4
183303,oa,0
183303,slr,0
183303,sst,3
183305,oa,0
183305,slr,0
183305,sst,5
183307,oa,0
183307,slr,0
183307,sst,4
183315,oa,0
183315,slr,0
183315,sst,2
183318,oa,0
183318,slr,0
183318,sst,4
183319,oa,0
183319,slr,0
183319,sst,3
183321,oa,0
183321,slr,0
183321,sst,6
183325,oa,0
183325,slr,0
183325,sst,4
183326,oa,0
183326,slr,0
183326,sst,6
183327,oa,0
183327,slr,0
183327,sst,3
183333,oa,0
183333,slr,0
183333,sst,1
183338,oa,0
183338,slr,0
183338,sst,2
183347,oa,0
183347,slr,0
183347,sst,1
183348,oa,0
183348,slr,0
183348,sst,5
183359,oa,0
183359,slr,0
183359,sst,4
183360,oa,0
183360,slr,0
183360,sst,4
183372,oa,0
183372,slr,0
183372,sst,4
183373,oa,0
183373,slr,0
183373,sst,4
183392,oa,0
183392,slr,0
183392,sst,1
183393,oa,0
183393,slr,0
183393,sst,4
183395,oa,0
183395,slr,0
183395,sst,5
183404,oa,0
183404,slr,0
183404,sst,1
183407,oa,0
183407,slr,0
183407,sst,4
183417,oa,0
183417,slr,0
183417,sst,2
183427,oa,0
183427,slr,0
183427,sst,4
183433,oa,0
183433,slr,0
183433,sst,5
183441,oa,0
183441,slr,0
183441,sst,2
183445,oa,0
183445,slr,0
183445,sst,4
183455,oa,0
183455,slr,0
183455,sst,3
183456,oa,0
183456,slr,0
183456,sst,3
183462,oa,0
183462,slr,0
183462,sst,5
183473,oa,0
183473,slr,0
183473,sst,5
183476,oa,0
183476,slr,0
183476,sst,2
183478,oa,0
183478,slr,0
183478,sst,1
183482,oa,0
183482,slr,0
183482,sst,4
183487,oa,0
183487,slr,0
183487,sst,1
183489,oa,0
183489,slr,0
183489,sst,1
183493,oa,0
183493,slr,0
183493,sst,4
183513,oa,0
183513,slr,0
183513,sst,5
183519,oa,0
183519,slr,0
183519,sst,5
183525,oa,0
183525,slr,0
183525,sst,4
183530,oa,0
183530,slr,0
183530,sst,1
183534,oa,0
183534,slr,0
183534,sst,3
183539,oa,0
183539,slr,0
183539,sst,2
183551,oa,0
183551,slr,0
183551,sst,1
183563,oa,0
183563,slr,0
183563,sst,4
183567,oa,0
183567,slr,0
183567,sst,4
183572,oa,0
183572,slr,0
183572,sst,4
183576,oa,0
183576,slr,0
183576,sst,1
183582,oa,0
183582,slr,0
183582,sst,5
183583,oa,0
183583,slr,0
183583,sst,4
183585,oa,0
183585,slr,0
183585,sst,1
183605,oa,0
183605,slr,0
183605,sst,1
183608,oa,0
183608,slr,0
183608,sst,5
183612,oa,0
183612,slr,0
183612,sst,4
183621,oa,0
183621,slr,0
183621,sst,4
183625,oa,0
183625,slr,0
183625,sst,5
183626,oa,0
183626,slr,0
183626,sst,3
183627,oa,0
183627,slr,0
183627,sst,2
183635,oa,0
183635,slr,0
183635,sst,1
183641,oa,0
183641,slr,0
183641,sst,2
183647,oa,0
183647,slr,0
183647,sst,5
183653,oa,0
183653,slr,0
183653,sst,1
183657,oa,0
183657,slr,0
183657,sst,2
183670,oa,0
183670,slr,0
183670,sst,5
183681,oa,0
183681,slr,0
183681,sst,2
183690,oa,0
183690,slr,0
183690,sst,4
183694,oa,0
183694,slr,0
183694,sst,5
183699,oa,0
183699,slr,0
183699,sst,1
183702,oa,0
183702,slr,0
183702,sst,3
183703,oa,0
183703,slr,0
183703,sst,4
183705,oa,0
183705,slr,0
183705,sst,5
183708,oa,0
183708,slr,0
183708,sst,2
183709,oa,0
183709,slr,0
183709,sst,2
183714,oa,0
183714,slr,0
183714,sst,1
183720,oa,0
183720,slr,0
183720,sst,7
183728,oa,0
183728,slr,0
183728,sst,2
183732,oa,0
183732,slr,0
183732,sst,2
183739,oa,0
183739,slr,0
183739,sst,4
183741,oa,0
183741,slr,0
183741,sst,2
183745,oa,0
183745,slr,0
183745,sst,1
183746,oa,0
183746,slr,0
183746,sst,2
183749,oa,0
183749,slr,0
183749,sst,4
183764,oa,0
183764,slr,0
183764,sst,4
183769,oa,0
183769,slr,0
183769,sst,6
183771,oa,0
183771,slr,0
183771,sst,6
183774,oa,0
183774,slr,0
183774,sst,6
183775,oa,0
183775,slr,0
183775,sst,2
183782,oa,0
183782,slr,0
183782,sst,4
183784,oa,0
183784,slr,0
183784,sst,2
183785,oa,0
183785,slr,0
183785,sst,4
183789,oa,0
183789,slr,0
183789,sst,4
183794,oa,0
183794,slr,0
183794,sst,4
183798,oa,0
183798,slr,0
183798,sst,2
183805,oa,0
183805,slr,0
183805,sst,6
183813,oa,0
183813,slr,0
183813,sst,3
183820,oa,0
183820,slr,0
183820,sst,4
183821,oa,0
183821,slr,0
183821,sst,2
183823,oa,0
183823,slr,0
183823,sst,4
183826,oa,0
183826,slr,0
183826,sst,4
183839,oa,0
183839,slr,0
183839,sst,1
183842,oa,0
183842,slr,0
183842,sst,4
183848,oa,0
183848,slr,0
183848,sst,1
183851,oa,0
183851,slr,0
183851,sst,3
183852,oa,0
183852,slr,0
183852,sst,4
183853,oa,0
183853,slr,0
183853,sst,4
183855,oa,0
183855,slr,0
183855,sst,4
183858,oa,0
183858,slr,0
183858,sst,1
183860,oa,0
183860,slr,0
183860,sst,2
183865,oa,0
183865,slr,0
183865,sst,2
183873,oa,0
183873,slr,0
183873,sst,6
183878,oa,0
183878,slr,0
183878,sst,1
183880,oa,0
183880,slr,0
183880,sst,4
183884,oa,0
183884,slr,0
183884,sst,5
183885,oa,0
183885,slr,0
183885,sst,5
183902,oa,0
183902,slr,0
183902,sst,4
183905,oa,0
183905,slr,0
183905,sst,2
183914,oa,0
183914,slr,0
183914,sst,2
183925,oa,0
183925,slr,0
183925,sst,1
183934,oa,0
183934,slr,0
183934,sst,2
183937,oa,0
183937,slr,0
183937,sst,3
183943,oa,0
183943,slr,0
183943,sst,4
183950,oa,0
183950,slr,0
183950,sst,4
183952,oa,0
183952,slr,0
183952,sst,3
183961,oa,0
183961,slr,0
183961,sst,4
183962,oa,0
183962,slr,0
183962,sst,2
183963,oa,0
183963,slr,0
183963,sst,4
183968,oa,0
183968,slr,0
183968,sst,4
184001,oa,0
184001,slr,0
184001,sst,4
184004,oa,0
184004,slr,0
184004,sst,4
184014,oa,0
184014,slr,0
184014,sst,3
184017,oa,0
184017,slr,0
184017,sst,3
184022,oa,0
184022,slr,0
184022,sst,4
184025,oa,0
184025,slr,0
184025,sst,4
184028,oa,0
184028,slr,0
184028,sst,4
184056,oa,0
184056,slr,0
184056,sst,5
184985,oa,0
184985,slr,0
184985,sst,1
184993,oa,0
184993,slr,0
184993,sst,1
185027,oa,0
185027,slr,0
185027,sst,1
185032,oa,0
185032,slr,0
185032,sst,1
187368,oa,0
187368,slr,0
187368,sst,1
187455,oa,0
187455,slr,0
187455,sst,2
187595,oa,0
187595,slr,0
187595,sst,2
187628,oa,0
187628,slr,0
187628,sst,1
188343,oa,0
188343,slr,0
188343,sst,1
188397,oa,2
188397,slr,0
188397,sst,2
188472,oa,2
188472,slr,0
188472,sst,2
188528,oa,0
188528,slr,0
188528,sst,1
188546,oa,0
188546,slr,0
188546,sst,1
188919,oa,0
188919,slr,1
188919,sst,1
189121,oa,0
189121,slr,1
189121,sst,0
189201,oa,0
189201,slr,1
189201,sst,1
189378,oa,0
189378,slr,1
189378,sst,1
189403,oa,0
189403,slr,1
189403,sst,1
189417,oa,0
189417,slr,1
189417,sst,1
189470,oa,0
189470,slr,1
189470,sst,0
189480,oa,0
189480,slr,1
189480,sst,1
189618,oa,0
189618,slr,1
189618,sst,1
189728,oa,1
189728,slr,0
189728,sst,0
189729,oa,1
189729,slr,0
189729,sst,0
189730,oa,1
189730,slr,0
189730,sst,0
189731,oa,1
189731,slr,0
189731,sst,0
189732,oa,1
189732,slr,0
189732,sst,0
189733,oa,1
189733,slr,0
189733,sst,0
189734,oa,1
189734,slr,0
189734,sst,0
189735,oa,1
189735,slr,0
189735,sst,0
189736,oa,1
189736,slr,0
189736,sst,0
190083,oa,0
190083,slr,0
190083,sst,1
190132,oa,0
190132,slr,0
190132,sst,1
190154,oa,0
190154,slr,0
190154,sst,1
190183,oa,0
190183,slr,0
190183,sst,1
190201,oa,0
190201,slr,0
190201,sst,1
190219,oa,0
190219,slr,0
190219,sst,1
190262,oa,0
190262,slr,0
190262,sst,1
190282,oa,0
190282,slr,0
190282,sst,1
190409,oa,0
190409,slr,0
190409,sst,1
190419,oa,0
190419,slr,0
190419,sst,1
190678,oa,0
190678,slr,0
190678,sst,1
190719,oa,0
190719,slr,0
190719,sst,1
191108,oa,0
191108,slr,0
191108,sst,3
191368,oa,0
191368,slr,0
191368,sst,2
191823,oa,0
191823,slr,0
191823,sst,1
192341,oa,0
192341,slr,0
192341,sst,1
192663,oa,0
192663,slr,0
192663,sst,2
192941,oa,0
192941,slr,0
192941,sst,1
192942,oa,0
192942,slr,0
192942,sst,2
192988,oa,0
192988,slr,0
192988,sst,1
192992,oa,0
192992,slr,0
192992,sst,2
193015,oa,1
193015,slr,0
193015,sst,4
193106,oa,1
193106,slr,0
193106,sst,2
193112,oa,1
193112,slr,0
193112,sst,2
193142,oa,1
193142,slr,0
193142,sst,4
193171,oa,1
193171,slr,0
193171,sst,4
193706,oa,0
193706,slr,0
193706,sst,2
193751,oa,0
193751,slr,0
193751,sst,2
194300,oa,0
194300,slr,0
194300,sst,1
194303,oa,0
194303,slr,0
194303,sst,2
194341,oa,0
194341,slr,0
194341,sst,1
194344,oa,0
194344,slr,0
194344,sst,1
194418,oa,0
194418,slr,0
194418,sst,1
194419,oa,1
194419,slr,0
194419,sst,1
194422,oa,0
194422,slr,0
194422,sst,1
194991,oa,0
194991,slr,0
194991,sst,1
195319,oa,0
195319,slr,1
195319,sst,2
195459,oa,1
195459,slr,0
195459,sst,1
195502,oa,0
195502,slr,0
195502,sst,6
195503,oa,0
195503,slr,0
195503,sst,2
196301,oa,0
196301,slr,0
196301,sst,2
196302,oa,0
196302,slr,0
196302,sst,2
196303,oa,0
196303,slr,0
196303,sst,5
196690,oa,0
196690,slr,0
196690,sst,2
197275,oa,0
197275,slr,0
197275,sst,2
197276,oa,0
197276,slr,0
197276,sst,5
198585,oa,0
198585,slr,0
198585,sst,1
198765,oa,0
198765,slr,0
198765,sst,1
198921,oa,0
198921,slr,0
198921,sst,1
198972,oa,0
198972,slr,0
198972,sst,2
198973,oa,0
198973,slr,0
198973,sst,2
199655,oa,0
199655,slr,0
199655,sst,1
200966,oa,0
200966,slr,0
200966,sst,1
201429,oa,0
201429,slr,0
201429,sst,2
201430,oa,0
201430,slr,0
201430,sst,2
201431,oa,0
201431,slr,0
201431,sst,2
201432,oa,0
201432,slr,0
201432,sst,2
201433,oa,0
201433,slr,0
201433,sst,2
201434,oa,0
201434,slr,0
201434,sst,2
201435,oa,0
201435,slr,0
201435,sst,2
201436,oa,0
201436,slr,0
201436,sst,2
201437,oa,0
201437,slr,0
201437,sst,2
201438,oa,0
201438,slr,0
201438,sst,2
201439,oa,0
201439,slr,0
201439,sst,2
201440,oa,0
201440,slr,0
201440,sst,2
201441,oa,0
201441,slr,0
201441,sst,2
201442,oa,0
201442,slr,0
201442,sst,2
201444,oa,0
201444,slr,0
201444,sst,2
201445,oa,0
201445,slr,0
201445,sst,2
201446,oa,0
201446,slr,0
201446,sst,2
201447,oa,0
201447,slr,0
201447,sst,2
201448,oa,0
201448,slr,0
201448,sst,2
201449,oa,0
201449,slr,0
201449,sst,2
201450,oa,0
201450,slr,0
201450,sst,2
201451,oa,0
201451,slr,0
201451,sst,2
201452,oa,0
201452,slr,0
201452,sst,2
201453,oa,0
201453,slr,0
201453,sst,2
201454,oa,0
201454,slr,0
201454,sst,2
201499,oa,0
201499,slr,0
201499,sst,2
201500,oa,0
201500,slr,0
201500,sst,2
202413,oa,0
202413,slr,0
202413,sst,1
202415,oa,0
202415,slr,0
202415,sst,1
16208224,oa,1
16208224,slr,0
16208224,sst,2
16285718,oa,0
16285718,slr,3
16285718,sst,5
16369383,oa,0
16369383,slr,0
16369383,sst,6
16421352,oa,1
16421352,slr,0
16421352,sst,1
16674437,oa,0
16674437,slr,0
16674437,sst,2
18125362,oa,0
18125362,slr,0
18125362,sst,1
18138780,oa,0
18138780,slr,0
18138780,sst,1
18138825,oa,0
18138825,slr,0
18138825,sst,1
18138869,oa,0
18138869,slr,0
18138869,sst,1
18139074,oa,0
18139074,slr,0
18139074,sst,1
18139615,oa,0
18139615,slr,0
18139615,sst,1
18140291,oa,0
18140291,slr,0
18140291,sst,1
18237151,oa,0
18237151,slr,0
18237151,sst,1
18258249,oa,0
18258249,slr,0
18258249,sst,1
18435966,oa,0
18435966,slr,0
18435966,sst,4
20250059,oa,0
20250059,slr,0
20250059,sst,1
20437665,oa,0
20437665,slr,0
20437665,sst,2
20437783,oa,0
20437783,slr,0
20437783,sst,2
21113101,oa,0
21113101,slr,0
21113101,sst,1
22678632,oa,0
22678632,slr,0
22678632,sst,2
22679919,oa,0
22679919,slr,0
22679919,sst,2
22680398,oa,1
22680398,slr,0
22680398,sst,2
22680405,oa,0
22680405,slr,0
22680405,sst,1
22680409,oa,1
22680409,slr,0
22680409,sst,2
22680412,oa,1
22680412,slr,1
22680412,sst,6
22680415,oa,0
22680415,slr,0
22680415,sst,4
22680427,oa,1
22680427,slr,0
22680427,sst,2
22680441,oa,1
22680441,slr,0
22680441,sst,2
22680465,oa,0
22680465,slr,0
22680465,sst,1
22692384,oa,0
22692384,slr,0
22692384,sst,1
22693150,oa,0
22693150,slr,0
22693150,sst,2
22693158,oa,0
22693158,slr,0
22693158,sst,1
22693182,oa,0
22693182,slr,1
22693182,sst,1
22693190,oa,0
22693190,slr,0
22693190,sst,1
22693351,oa,0
22693351,slr,0
22693351,sst,2
22693359,oa,0
22693359,slr,0
22693359,sst,1
22693363,oa,0
22693363,slr,1
22693363,sst,1
22693404,oa,0
22693404,slr,0
22693404,sst,1
22693420,oa,0
22693420,slr,0
22693420,sst,1
22693452,oa,0
22693452,slr,0
22693452,sst,2
22693468,oa,0
22693468,slr,0
22693468,sst,1
22693490,oa,0
22693490,slr,0
22693490,sst,5
22693613,oa,0
22693613,slr,1
22693613,sst,1
22693632,oa,0
22693632,slr,1
22693632,sst,1
22693749,oa,0
22693749,slr,0
22693749,sst,1
22694240,oa,0
22694240,slr,0
22694240,sst,1
22694279,oa,0
22694279,slr,0
22694279,sst,2
22694292,oa,0
22694292,slr,0
22694292,sst,1
22694296,oa,0
22694296,slr,0
22694296,sst,2
22694432,oa,0
22694432,slr,0
22694432,sst,1
22694447,oa,0
22694447,slr,0
22694447,sst,1
22694473,oa,0
22694473,slr,0
22694473,sst,8
22694476,oa,0
22694476,slr,0
22694476,sst,1
22694479,oa,0
22694479,slr,0
22694479,sst,1
22694493,oa,0
22694493,slr,0
22694493,sst,1
22694497,oa,0
22694497,slr,0
22694497,sst,1
22694502,oa,0
22694502,slr,0
22694502,sst,2
22694552,oa,0
22694552,slr,0
22694552,sst,6
22694629,oa,0
22694629,slr,0
22694629,sst,2
22694656,oa,0
22694656,slr,1
22694656,sst,1
22694685,oa,0
22694685,slr,0
22694685,sst,3
22694691,oa,0
22694691,slr,2
22694691,sst,0
22694699,oa,0
22694699,slr,0
22694699,sst,2
22694716,oa,0
22694716,slr,0
22694716,sst,1
22694837,oa,0
22694837,slr,0
22694837,sst,4
22694841,oa,0
22694841,slr,0
22694841,sst,1
22694847,oa,0
22694847,slr,0
22694847,sst,1
22694852,oa,0
22694852,slr,1
22694852,sst,4
22694861,oa,0
22694861,slr,0
22694861,sst,1
22694870,oa,0
22694870,slr,0
22694870,sst,5
22694875,oa,0
22694875,slr,0
22694875,sst,3
22694896,oa,0
22694896,slr,0
22694896,sst,6
22694903,oa,0
22694903,slr,0
22694903,sst,3
22694918,oa,0
22694918,slr,0
22694918,sst,1
22694921,oa,0
22694921,slr,0
22694921,sst,4
22694924,oa,0
22694924,slr,0
22694924,sst,2
22694927,oa,0
22694927,slr,0
22694927,sst,3
22694934,oa,0
22694934,slr,0
22694934,sst,2
22696500,oa,0
22696500,slr,0
22696500,sst,1
22696599,oa,0
22696599,slr,0
22696599,sst,1
22696606,oa,0
22696606,slr,0
22696606,sst,1
22696610,oa,0
22696610,slr,0
22696610,sst,1
22696628,oa,0
22696628,slr,0
22696628,sst,2
22696649,oa,0
22696649,slr,1
22696649,sst,4
22696668,oa,0
22696668,slr,1
22696668,sst,0
22696683,oa,0
22696683,slr,0
22696683,sst,2
22696686,oa,0
22696686,slr,0
22696686,sst,2
22696753,oa,0
22696753,slr,0
22696753,sst,2
22696756,oa,0
22696756,slr,0
22696756,sst,5
22696766,oa,0
22696766,slr,0
22696766,sst,1
22696806,oa,0
22696806,slr,0
22696806,sst,1
22696810,oa,0
22696810,slr,0
22696810,sst,7
22696846,oa,0
22696846,slr,0
22696846,sst,1
22696861,oa,0
22696861,slr,1
22696861,sst,2
22696876,oa,0
22696876,slr,1
22696876,sst,2
22696887,oa,0
22696887,slr,0
22696887,sst,1
22696894,oa,0
22696894,slr,0
22696894,sst,3
22696898,oa,0
22696898,slr,0
22696898,sst,4
22696907,oa,0
22696907,slr,0
22696907,sst,1
22697619,oa,0
22697619,slr,0
22697619,sst,3
22697702,oa,0
22697702,slr,0
22697702,sst,1
22697713,oa,0
22697713,slr,1
22697713,sst,0
22697733,oa,0
22697733,slr,0
22697733,sst,3
22697738,oa,0
22697738,slr,0
22697738,sst,2
22697742,oa,0
22697742,slr,0
22697742,sst,4
22697748,oa,0
22697748,slr,0
22697748,sst,2
22697752,oa,0
22697752,slr,0
22697752,sst,8
22697758,oa,0
22697758,slr,0
22697758,sst,5
22697761,oa,0
22697761,slr,0
22697761,sst,1
22697776,oa,0
22697776,slr,0
22697776,sst,1
22697793,oa,0
22697793,slr,0
22697793,sst,1
22697797,oa,0
22697797,slr,0
22697797,sst,2
22697800,oa,0
22697800,slr,0
22697800,sst,2
22697817,oa,0
22697817,slr,0
22697817,sst,3
22697822,oa,0
22697822,slr,0
22697822,sst,4
22697825,oa,0
22697825,slr,0
22697825,sst,7
22697829,oa,0
22697829,slr,0
22697829,sst,1
22697870,oa,0
22697870,slr,0
22697870,sst,1
22697935,oa,0
22697935,slr,0
22697935,sst,1
22697957,oa,0
22697957,slr,0
22697957,sst,1
22697963,oa,0
22697963,slr,0
22697963,sst,1
22697967,oa,0
22697967,slr,0
22697967,sst,1
22697997,oa,0
22697997,slr,0
22697997,sst,1
22698012,oa,0
22698012,slr,1
22698012,sst,0
22698017,oa,0
22698017,slr,0
22698017,sst,1
22698020,oa,0
22698020,slr,0
22698020,sst,3
22698030,oa,0
22698030,slr,0
22698030,sst,1
22698035,oa,0
22698035,slr,0
22698035,sst,1
22698049,oa,0
22698049,slr,0
22698049,sst,1
22698097,oa,0
22698097,slr,0
22698097,sst,1
22698150,oa,0
22698150,slr,0
22698150,sst,1
22698155,oa,0
22698155,slr,0
22698155,sst,1
22698172,oa,0
22698172,slr,0
22698172,sst,2
22698175,oa,0
22698175,slr,0
22698175,sst,1
22698182,oa,0
22698182,slr,0
22698182,sst,1
22698209,oa,0
22698209,slr,0
22698209,sst,2
22698216,oa,0
22698216,slr,0
22698216,sst,1
22698222,oa,0
22698222,slr,0
22698222,sst,1
22698230,oa,0
22698230,slr,0
22698230,sst,1
22698235,oa,0
22698235,slr,0
22698235,sst,1
22698252,oa,0
22698252,slr,0
22698252,sst,1
22698280,oa,0
22698280,slr,0
22698280,sst,2
22698305,oa,0
22698305,slr,0
22698305,sst,1
22698310,oa,0
22698310,slr,0
22698310,sst,1
22698320,oa,0
22698320,slr,0
22698320,sst,5
22698350,oa,0
22698350,slr,0
22698350,sst,2
22698365,oa,0
22698365,slr,0
22698365,sst,2
22698375,oa,0
22698375,slr,0
22698375,sst,1
22698393,oa,0
22698393,slr,0
22698393,sst,1
22698398,oa,0
22698398,slr,0
22698398,sst,3
22698535,oa,0
22698535,slr,1
22698535,sst,1
22698557,oa,0
22698557,slr,0
22698557,sst,3
22698562,oa,0
22698562,slr,1
22698562,sst,1
22713491,oa,0
22713491,slr,0
22713491,sst,1
22716984,oa,0
22716984,slr,0
22716984,sst,2
22718556,oa,0
22718556,slr,0
22718556,sst,2
22718560,oa,0
22718560,slr,0
22718560,sst,1
22721033,oa,0
22721033,slr,0
22721033,sst,1
22721043,oa,0
22721043,slr,0
22721043,sst,1
22724836,oa,1
22724836,slr,0
22724836,sst,1
22724845,oa,1
22724845,slr,0
22724845,sst,2
22724879,oa,1
22724879,slr,0
22724879,sst,2
22728318,oa,0
22728318,slr,0
22728318,sst,2
22728328,oa,0
22728328,slr,0
22728328,sst,1
22728432,oa,0
22728432,slr,0
22728432,sst,1
22728442,oa,0
22728442,slr,1
22728442,sst,0
22728950,oa,0
22728950,slr,0
22728950,sst,1
22729604,oa,0
22729604,slr,0
22729604,sst,1
22731577,oa,0
22731577,slr,1
22731577,sst,0
22732425,oa,1
22732425,slr,0
22732425,sst,1
22734194,oa,1
22734194,slr,0
22734194,sst,2
22734408,oa,0
22734408,slr,0
22734408,sst,4
22735250,oa,0
22735250,slr,0
22735250,sst,4
42830242,oa,0
42830242,slr,0
42830242,sst,1
46085669,oa,0
46085669,slr,0
46085669,sst,1
46102713,oa,1
46102713,slr,0
46102713,sst,2
46104933,oa,0
46104933,slr,0
46104933,sst,1
46967807,oa,0
46967807,slr,1
46967807,sst,3
46967817,oa,0
46967817,slr,1
46967817,sst,3
46967827,oa,0
46967827,slr,1
46967827,sst,3
46967838,oa,0
46967838,slr,1
46967838,sst,3
46967863,oa,0
46967863,slr,1
46967863,sst,3
46967873,oa,0
46967873,slr,1
46967873,sst,4
47137303,oa,0
47137303,slr,0
47137303,sst,8
47137515,oa,0
47137515,slr,0
47137515,sst,2
47150446,oa,1
47150446,slr,0
47150446,sst,0
47166619,oa,0
47166619,slr,0
47166619,sst,2
47269499,oa,0
47269499,slr,0
47269499,sst,2
47385652,oa,0
47385652,slr,0
47385652,sst,2
47686544,oa,2
47686544,slr,0
47686544,sst,4
47728610,oa,1
47728610,slr,0
47728610,sst,2
47728648,oa,1
47728648,slr,0
47728648,sst,1
47728650,oa,1
47728650,slr,0
47728650,sst,2
48342178,oa,0
48342178,slr,0
48342178,sst,5
48342396,oa,0
48342396,slr,0
48342396,sst,4
49145114,oa,0
49145114,slr,0
49145114,sst,2
49217798,oa,0
49217798,slr,0
49217798,sst,2
50148930,oa,0
50148930,slr,0
50148930,sst,1
56084246,oa,0
56084246,slr,0
56084246,sst,3
56852595,oa,1
56852595,slr,0
56852595,sst,1
57453548,oa,0
57453548,slr,0
57453548,sst,1
57453584,oa,0
57453584,slr,0
57453584,sst,1
57453678,oa,0
57453678,slr,0
57453678,sst,1
57453696,oa,0
57453696,slr,0
57453696,sst,1
57453743,oa,0
57453743,slr,0
57453743,sst,1
57693936,oa,0
57693936,slr,0
57693936,sst,1
57714556,oa,0
57714556,slr,0
57714556,sst,1
57825241,oa,0
57825241,slr,0
57825241,sst,1
60469175,oa,0
60469175,slr,0
60469175,sst,1
60469204,oa,0
60469204,slr,0
60469204,sst,1
60469215,oa,0
60469215,slr,0
60469215,sst,1
60469264,oa,0
60469264,slr,0
60469264,sst,1
60469273,oa,0
60469273,slr,0
60469273,sst,1
60469298,oa,0
60469298,slr,0
60469298,sst,1
60469516,oa,0
60469516,slr,0
60469516,sst,1
60469527,oa,0
60469527,slr,0
60469527,sst,1
60470322,oa,0
60470322,slr,0
60470322,sst,1
60470977,oa,0
60470977,slr,0
60470977,sst,1
60471877,oa,0
60471877,slr,0
60471877,sst,1
60471883,oa,0
60471883,slr,0
60471883,sst,1
60471901,oa,0
60471901,slr,0
60471901,sst,1
60481885,oa,0
60481885,slr,0
60481885,sst,1
60482312,oa,0
60482312,slr,0
60482312,sst,1
60482715,oa,0
60482715,slr,0
60482715,sst,1
60482748,oa,0
60482748,slr,0
60482748,sst,1
60482786,oa,0
60482786,slr,0
60482786,sst,1
60483363,oa,0
60483363,slr,0
60483363,sst,1
61382004,oa,0
61382004,slr,0
61382004,sst,3
61382318,oa,0
61382318,slr,0
61382318,sst,6
61668607,oa,0
61668607,slr,0
61668607,sst,3
61963499,oa,0
61963499,slr,0
61963499,sst,9
62030590,oa,0
62030590,slr,0
62030590,sst,1
62101215,oa,0
62101215,slr,0
62101215,sst,3
62101249,oa,0
62101249,slr,0
62101249,sst,2
62289271,oa,0
62289271,slr,2
62289271,sst,1
64239743,oa,0
64239743,slr,0
64239743,sst,6
65134886,oa,1
65134886,slr,0
65134886,sst,0
65363378,oa,3
65363378,slr,0
65363378,sst,1
65363543,oa,0
65363543,slr,0
65363543,sst,3
65363628,oa,0
65363628,slr,0
65363628,sst,1
65363696,oa,1
65363696,slr,0
65363696,sst,2
65363711,oa,0
65363711,slr,0
65363711,sst,2
65363860,oa,0
65363860,slr,0
65363860,sst,2
65363869,oa,0
65363869,slr,0
65363869,sst,2
65364147,oa,1
65364147,slr,0
65364147,sst,2
65364515,oa,1
65364515,slr,0
65364515,sst,2
65364521,oa,1
65364521,slr,0
65364521,sst,2
65364553,oa,0
65364553,slr,0
65364553,sst,1
65364789,oa,0
65364789,slr,0
65364789,sst,1
65364818,oa,0
65364818,slr,0
65364818,sst,1
65364895,oa,1
65364895,slr,0
65364895,sst,2
65364931,oa,1
65364931,slr,0
65364931,sst,2
65365012,oa,1
65365012,slr,0
65365012,sst,3
65365054,oa,1
65365054,slr,0
65365054,sst,1
65365090,oa,1
65365090,slr,0
65365090,sst,3
65365100,oa,1
65365100,slr,0
65365100,sst,2
65365349,oa,0
65365349,slr,0
65365349,sst,2
65365681,oa,2
65365681,slr,0
65365681,sst,3
65365759,oa,1
65365759,slr,0
65365759,sst,3
65365899,oa,1
65365899,slr,0
65365899,sst,1
65366073,oa,1
65366073,slr,0
65366073,sst,2
65366280,oa,1
65366280,slr,0
65366280,sst,2
65366377,oa,0
65366377,slr,0
65366377,sst,2
65366458,oa,0
65366458,slr,0
65366458,sst,1
65366672,oa,1
65366672,slr,0
65366672,sst,4
65367054,oa,0
65367054,slr,0
65367054,sst,2
65367059,oa,1
65367059,slr,0
65367059,sst,2
65367204,oa,1
65367204,slr,0
65367204,sst,2
65367303,oa,1
65367303,slr,0
65367303,sst,3
65367328,oa,0
65367328,slr,0
65367328,sst,1
65367364,oa,1
65367364,slr,0
65367364,sst,2
65367461,oa,0
65367461,slr,0
65367461,sst,1
65367566,oa,0
65367566,slr,0
65367566,sst,1
65367574,oa,1
65367574,slr,0
65367574,sst,1
65367590,oa,0
65367590,slr,0
65367590,sst,1
65367712,oa,1
65367712,slr,0
65367712,sst,1
65367783,oa,1
65367783,slr,0
65367783,sst,4
65367942,oa,1
65367942,slr,0
65367942,sst,2
65368759,oa,0
65368759,slr,0
65368759,sst,1
65368802,oa,0
65368802,slr,0
65368802,sst,1
65370522,oa,1
65370522,slr,0
65370522,sst,2
65370525,oa,1
65370525,slr,0
65370525,sst,2
65370664,oa,1
65370664,slr,0
65370664,sst,1
65370744,oa,1
65370744,slr,0
65370744,sst,2
65371194,oa,1
65371194,slr,0
65371194,sst,2
65372036,oa,1
65372036,slr,0
65372036,sst,2
65372127,oa,1
65372127,slr,0
65372127,sst,2
65372290,oa,1
65372290,slr,0
65372290,sst,2
65372675,oa,0
65372675,slr,0
65372675,sst,1
65372732,oa,1
65372732,slr,0
65372732,sst,2
65372876,oa,1
65372876,slr,0
65372876,sst,1
65374054,oa,1
65374054,slr,0
65374054,sst,2
65374110,oa,0
65374110,slr,0
65374110,sst,2
65374417,oa,1
65374417,slr,0
65374417,sst,2
65374622,oa,0
65374622,slr,0
65374622,sst,2
65374676,oa,0
65374676,slr,0
65374676,sst,2
67968365,oa,1
67968365,slr,0
67968365,sst,2
67997836,oa,0
67997836,slr,0
67997836,sst,1
67997854,oa,0
67997854,slr,0
67997854,sst,2
67997896,oa,0
67997896,slr,0
67997896,sst,1
68330952,oa,1
68330952,slr,0
68330952,sst,2
69793032,oa,0
69793032,slr,0
69793032,sst,2
69793068,oa,0
69793068,slr,0
69793068,sst,2
69793201,oa,0
69793201,slr,0
69793201,sst,1
69793564,oa,0
69793564,slr,0
69793564,sst,1
69919546,oa,0
69919546,slr,0
69919546,sst,2
69921147,oa,0
69921147,slr,0
69921147,sst,1
69922228,oa,0
69922228,slr,0
69922228,sst,1
70010111,oa,0
70010111,slr,0
70010111,sst,1
70010275,oa,0
70010275,slr,0
70010275,sst,1
70010872,oa,0
70010872,slr,0
70010872,sst,1
72050476,oa,0
72050476,slr,0
72050476,sst,15
74491261,oa,0
74491261,slr,0
74491261,sst,5
79800470,oa,0
79800470,slr,0
79800470,sst,1
79800562,oa,0
79800562,slr,0
79800562,sst,1
79800594,oa,0
79800594,slr,0
79800594,sst,1
79800812,oa,0
79800812,slr,0
79800812,sst,1
79801109,oa,0
79801109,slr,0
79801109,sst,1
79803311,oa,0
79803311,slr,0
79803311,sst,1
82031667,oa,0
82031667,slr,0
82031667,sst,1
83644804,oa,0
83644804,slr,1
83644804,sst,3
83652278,oa,0
83652278,slr,1
83652278,sst,3
83776383,oa,0
83776383,slr,1
83776383,sst,3
84126444,oa,0
84126444,slr,1
84126444,sst,3
84127873,oa,0
84127873,slr,1
84127873,sst,3
84131194,oa,0
84131194,slr,1
84131194,sst,3
84156809,oa,0
84156809,slr,1
84156809,sst,4
84189617,oa,0
84189617,slr,1
84189617,sst,2
84191235,oa,0
84191235,slr,1
84191235,sst,3
84199475,oa,0
84199475,slr,2
84199475,sst,4
87568608,oa,1
87568608,slr,0
87568608,sst,3
91602885,oa,0
91602885,slr,0
91602885,sst,1
98471199,oa,0
98471199,slr,0
98471199,sst,2
98471289,oa,0
98471289,slr,2
98471289,sst,0
98471433,oa,0
98471433,slr,2
98471433,sst,0
98472935,oa,0
98472935,slr,0
98472935,sst,2
98841657,oa,0
98841657,slr,0
98841657,sst,4
98969433,oa,0
98969433,slr,0
98969433,sst,1
99167147,oa,0
99167147,slr,0
99167147,sst,3
101730467,oa,1
101730467,slr,0
101730467,sst,2
107261083,oa,1
107261083,slr,0
107261083,sst,3
107261198,oa,3
107261198,slr,0
107261198,sst,0
110847130,oa,1
110847130,slr,0
110847130,sst,1
120942051,oa,0
120942051,slr,1
120942051,sst,1
122898736,oa,0
122898736,slr,0
122898736,sst,1
122904064,oa,0
122904064,slr,0
122904064,sst,1
122913501,oa,0
122913501,slr,0
122913501,sst,2
123387810,oa,0
123387810,slr,0
123387810,sst,1
123423098,oa,0
123423098,slr,0
123423098,sst,1
123423510,oa,0
123423510,slr,0
123423510,sst,2
123434119,oa,1
123434119,slr,0
123434119,sst,4
123434776,oa,2
123434776,slr,0
123434776,sst,4
126710128,oa,1
126710128,slr,0
126710128,sst,1
130350511,oa,0
130350511,slr,0
130350511,sst,1
134820643,oa,0
134820643,slr,0
134820643,sst,1
141481850,oa,0
141481850,slr,0
141481850,sst,1
141482452,oa,0
141482452,slr,0
141482452,sst,2
141482455,oa,0
141482455,slr,0
141482455,sst,1
141483768,oa,2
141483768,slr,0
141483768,sst,4
141483795,oa,2
141483795,slr,0
141483795,sst,6
141483816,oa,3
141483816,slr,0
141483816,sst,6
141483916,oa,1
141483916,slr,0
141483916,sst,2
141484010,oa,2
141484010,slr,0
141484010,sst,4
142121108,oa,0
142121108,slr,1
142121108,sst,2
142121866,oa,0
142121866,slr,0
142121866,sst,4
157011948,oa,0
157011948,slr,0
157011948,sst,1
160075998,oa,2
160075998,slr,0
160075998,sst,2
