iucn_sid,marine_km2,bird_km2
907,771.9536777705409,NA
1793,17512.170933108566,NA
2057,105459.00267799334,NA
2469,539621.8213762837,NA
2475,316403472.7804917,NA
2478,205981749.28817698,NA
2480,173393352.59464157,NA
3590,16835337.004763857,NA
3851,10861891.299976585,NA
3852,15660502.966375068,NA
3853,9897667.009127108,NA
3854,10833425.070528036,NA
3897,126615927.63935739,NA
4160,172450.43563045395,NA
4161,141691.9237267496,NA
4162,86033.53922718558,NA
4615,178791903.2598317,NA
6204,7570916.525631832,NA
6229,6824163.987370638,NA
6494,33372246.67099603,NA
6909,3458076.5490178615,NA
7750,1949741.9277227141,NA
7859,2331426.741282858,NA
7860,1134708.1652862662,NA
7861,2149816.7783203083,NA
7862,977816.4388948255,NA
8005,278822807.9613796,NA
8099,2116465.5847854624,NA
8239,6374459.924952663,NA
9281,443196.5978340143,NA
10030,12201631.75976385,NA
10070,6475436.531750385,NA
10088,61632.292971736526,NA
11130,1667695.9007628558,NA
11200,93241651.53373246,NA
11533,13678470.844767397,NA
11534,79556799.8461328,NA
12303,168935.60126774883,NA
12305,12364.357691164,NA
12419,105710.49866077445,NA
12421,8632.957122860806,NA
12427,21878.424772164013,NA
13653,277541.79972845264,NA
13654,284716.42807646043,NA
14049,298129.55992474343,NA
14050,865601.0948326197,NA
14051,16025.024901615934,NA
14549,418314.19033709035,NA
15106,6502633.053869882,NA
15419,591515.6218256694,NA
17026,872179.2928744123,NA
17028,8386.700407132732,NA
17029,894948.4335186764,NA
17031,377128.1909435615,NA
17978,276997.76451632695,NA
18596,194315370.47633117,NA
19488,171905789.1169443,NA
20047,280427.893531661,NA
20425,163262.96428054647,NA
21856,199321380.07439393,NA
21857,210734196.5532682,NA
21858,66287056.64371205,NA
21859,219928932.4939664,NA
21860,31861906.193311647,NA
22103,855811.080534815,NA
22104,317273.8366193038,NA
22823,15358545.948554177,NA
39339,264507005.5206913,NA
39341,223106217.00372761,NA
39345,110382.39054835752,NA
39346,134364.47649273934,NA
39348,762777.5630210043,NA
39349,610812.7172444517,NA
39350,1053170.121022265,NA
39352,11158103.200449178,NA
39353,629422.5644814287,NA
39358,3562864.8945652544,NA
39359,2282320.3574173856,NA
39360,8552.61806154043,NA
39361,120735.65168506656,NA
39362,273213.0957043613,NA
39365,4521943.118589133,NA
39367,2164792.1559661087,NA
39368,8128155.308310669,NA
39369,5692291.26731159,NA
39370,167186165.60180655,NA
39371,331999.4644127998,NA
39372,7379032.767299465,NA
39374,201566211.77667865,NA
39378,29474116.355001215,NA
39379,984.1536184753386,NA
39380,5991514.137313687,NA
39381,282296638.8278457,NA
39383,5793814.529016074,NA
39384,27488602.58237122,NA
39385,31390301.875070423,NA
39386,31281306.206683412,NA
39388,17678240.56540511,NA
39389,5736903.029806084,NA
39390,3231200.758823296,NA
39393,5630773.370626801,NA
39394,508355.0774812487,NA
39397,2850644.1849975344,NA
39399,5135346.770571304,NA
39400,497841.13813215203,NA
39412,2032809.9079445545,NA
39771,509883.2662704205,NA
40797,5416727.380982623,NA
40802,790154.8480709834,NA
41008,1955309.7748486444,NA
41064,128830.68630912376,NA
41668,102344.99042104729,NA
41712,16091776.198291223,NA
41714,21645092.225427914,NA
41730,3128482.0170289273,NA
41737,9515281.848495025,NA
41738,8146248.190934223,NA
41740,252538.8836318724,NA
41741,7742949.547248297,NA
41747,5695773.791281571,NA
41749,3728902.1764601655,NA
41754,1029257.0218939177,NA
41755,347381182.8775364,NA
41761,92370.72008619795,NA
41762,2477797.542576754,NA
41791,3897155.7692885646,NA
41792,4729745.365167907,NA
41797,160195.23438114394,NA
41810,5965515.715593851,NA
41816,4227931.809262726,NA
41819,54391.29758637049,NA
41823,15077631.654145356,NA
41832,11457479.762867782,NA
41835,12460720.897718564,NA
41836,4936192.326684125,NA
41848,5011443.838477343,NA
41853,4042495.261251986,NA
41854,597210.0898594378,NA
41871,4181599.742831535,NA
41874,6316566.89189815,NA
42706,366316.4731685264,NA
42707,317835.33683048247,NA
42712,338630.0573986118,NA
42726,411922.86794412107,NA
42727,364538.5345961318,NA
42729,615166.7455383815,NA
42730,16550.721872613405,NA
43974,1012516.8045694983,NA
44166,30395.23953398723,NA
44496,301709.8881023145,NA
44575,58113.09234935368,NA
44577,22823.28216601869,NA
44578,61317.0494401707,NA
44581,859930.2042835134,NA
44586,271142.61808113183,NA
44591,1043369.6276416387,NA
44595,136123.20352396902,NA
44607,58114.8388486587,NA
44617,82720.42586997365,NA
44642,150062.03235584553,NA
44656,83262.71456862373,NA
44677,51996.843954731456,NA
44678,88646.30559472581,NA
44681,1650127.841708116,NA
44683,1615402.151493085,NA
44993,1245771.691532493,NA
46865,961847.3018379244,NA
60087,188147.11821950276,NA
60088,415896.15897575667,NA
60095,9750.71809630958,NA
60100,37686.883549761,NA
60104,36031.20008616839,NA
60105,387863.0626956425,NA
60113,713751.5181347812,NA
60117,1927774.431615891,NA
60125,226398.12176984508,NA
60128,1499226.6152287594,NA
60129,2485786.9141852427,NA
60130,431414.6984377978,NA
60131,4204.702464794053,NA
60147,86364.50131862586,NA
60148,815628.4461099191,NA
60151,5917.147228227068,NA
60153,408928.49108835025,NA
60155,4009.9675403634146,NA
60160,1119599.18076985,NA
60166,674219.45571233,NA
60167,130398.17145389548,NA
60168,211108.37401975555,NA
60170,267646.9952166863,NA
60171,163451.58641627556,NA
60172,96192.06548886413,NA
60175,1283819.2276747709,NA
60176,5798.38513063119,NA
60180,121392.3362629656,NA
60181,15563.94850724708,NA
60182,269928.79954474495,NA
60195,280967.5624687575,NA
60198,12464106.490656901,NA
60199,217080516.84532368,NA
60200,211769940.9555971,NA
60202,1149951.630859487,NA
60203,600367.7646871817,NA
60213,6907582.140738266,NA
60217,3668377.165694056,NA
60218,605601.1566427617,NA
60219,2991078.6275419164,NA
60222,3089633.710025946,NA
60225,185704863.75253183,NA
61337,287592.9161279804,NA
61339,4272630.023642768,NA
61398,352066.7670809005,NA
61401,25338.2443898351,NA
61402,125677.37780994225,NA
61403,357655.5720406466,NA
61404,132539.38239462947,NA
61406,76367.52646998093,NA
61408,3220744.4539029473,NA
61417,1416709.656708692,NA
61418,2142484.9648526,NA
61419,154135.74719012043,NA
61442,26898.743518492673,NA
63102,747803.932002733,NA
63104,782218.7448899809,NA
63106,5283.167168059882,NA
63109,205266.32638110995,NA
63110,496840.3927597495,NA
63113,610844.1542280058,NA
63114,3288094.7926790835,NA
63116,420117.4532041218,NA
63117,928896.0573084678,NA
63120,1484176.1381261281,NA
63124,11939.957799815333,NA
63128,929194.7090781356,NA
63129,669475.0842879043,NA
63130,528847.6532827732,NA
63131,809861.498139974,NA
63141,4502883.546981854,NA
63144,1098759.0508703482,NA
63145,517458.7167198575,NA
63147,801150.8216258282,NA
63149,34895.10081766458,NA
63153,2015019.169377404,NA
63154,10250.21755568868,NA
63155,76577.10667314337,NA
63156,30059.038060554947,NA
63166,34990.28517779172,NA
63167,12317.202137796412,NA
63571,3420943.30642601,NA
64400,1551331.7422911609,NA
64409,33430.65928304159,NA
64410,1531410.2725451041,NA
64411,2173789.258719361,NA
132722,1066611.196959016,NA
132724,1618088.2709172466,NA
132730,447580.3167161105,NA
132765,424246.1828595975,NA
132795,347265.6343846803,NA
132860,648955.437673347,NA
132865,310631.8912156008,NA
132866,5723604.293981117,NA
132868,261405.8719837891,NA
132869,6446525.818532293,NA
132870,4897237.4829097185,NA
132871,2482968.934094255,NA
132872,3303571.4165638303,NA
132873,3425079.0218688045,NA
132878,6160434.020332231,NA
132879,2633535.7054049345,NA
132880,6828771.259087716,NA
132888,5107760.779292284,NA
132890,5622561.320432006,NA
132892,2402160.054125768,NA
132893,742416.8480994547,NA
132894,5833817.273756008,NA
132896,3634880.1396725173,NA
132897,2789318.4034076235,NA
132898,128054.3664367223,NA
132899,1013452.0563098744,NA
132901,1065314.419765275,NA
132904,3158043.302457693,NA
132905,5608420.770613629,NA
132907,2457202.7967623053,NA
132909,3257331.914942295,NA
132910,6958250.770767131,NA
132913,696758.931437797,NA
132918,390411.20850416896,NA
132920,2545774.0026892163,NA
132921,396584.21820305986,NA
132924,1278395.4672854966,NA
132927,3160945.9877706813,NA
132928,6145984.339936412,NA
132929,2606753.104164424,NA
132930,1982964.7537069402,NA
132931,5464695.04591428,NA
132932,2531299.871300765,NA
132933,2344848.606047272,NA
132935,2304073.907710951,NA
132940,5926716.310754152,NA
132942,23460.755246839002,NA
132943,68293.44986986135,NA
132944,5530444.716304473,NA
132948,5229950.3934391895,NA
132956,3989718.6047811965,NA
132957,4890723.032167053,NA
132959,46339.92543785349,NA
132964,138713.2653281167,NA
132967,3307717.6113166674,NA
132968,204701.33317102602,NA
132969,5892581.811371826,NA
132970,856255.5652544741,NA
132972,3832279.3498376473,NA
132973,2646912.1607094565,NA
132974,2259111.098725956,NA
132976,4771084.1838590745,NA
132977,709033.3442163647,NA
132978,6536627.833184797,NA
132979,7041145.846809392,NA
132980,7194371.666684655,NA
132981,1140564.1851572993,NA
132983,4013337.4182483023,NA
132984,2218504.0645979634,NA
132985,4073175.1807338065,NA
132990,2977912.626205368,NA
132991,3299763.1700732433,NA
132992,6765048.403843541,NA
132994,1378567.8096753862,NA
132995,3570336.4286617828,NA
132996,329489.7416695789,NA
132997,6244701.846683695,NA
133002,3471302.805093427,NA
133003,3740143.5341701293,NA
133006,873197.5034689558,NA
133007,2159839.951005117,NA
133009,236108.67038213921,NA
133011,2363543.1585793663,NA
133012,955021.9740192983,NA
133014,3159061.512649359,NA
133019,1939874.1943764733,NA
133020,6901670.233622405,NA
133022,2658532.5086642983,NA
133025,6010253.226130907,NA
133028,6593093.101442014,NA
133031,3340094.2571013384,NA
133032,2861903.8808749197,NA
133036,3556164.4418928176,NA
133038,6491874.604412412,NA
133040,4054592.404659009,NA
133041,7128206.329045772,NA
133043,6247815.859089628,NA
133046,2892513.9400829226,NA
133055,6573004.84053358,NA
133057,1943558.439387079,NA
133059,4856130.9494159315,NA
133060,5944402.258536582,NA
133064,2046005.6001442177,NA
133067,3205216.308897643,NA
133069,3905099.7317585577,NA
133070,4212725.893584377,NA
133071,6999167.808959576,NA
133074,316152.58262116724,NA
133075,4169972.4091276554,NA
133078,2395677.9136413047,NA
133079,561933.3785613168,NA
133080,6300415.245973461,NA
133081,2883425.1462187953,NA
133083,2363935.2481067255,NA
133092,2499431.4575991393,NA
133093,2762575.0986800655,NA
133097,2778450.797626979,NA
133099,2629914.334465551,NA
133101,3755016.7412512396,NA
133102,959527.9480078347,NA
133105,6191723.468906385,NA
133106,6229039.220897322,NA
133107,2502065.1819757577,NA
133108,281460.0759750027,NA
133109,1612544.001815247,NA
133111,221995.1914229475,NA
133112,2212845.3995288378,NA
133113,2131699.4448566525,NA
133114,1641648.5764466508,NA
133115,2615802.6020922624,NA
133116,3267443.285742419,NA
133117,535323.6811801706,NA
133118,3395665.316264363,NA
133121,16094.884982457635,NA
133123,2850824.9482506923,NA
133124,883157.8017951943,NA
133126,3150310.6666755048,NA
133131,3484433.876990721,NA
133132,5374485.621508167,NA
133133,2134110.4902089573,NA
133134,920803.6425404346,NA
133136,3148049.820309978,NA
133139,6497575.185382,NA
133142,284828.20420990087,NA
133145,2063840.8739459051,NA
133147,5750967.606830396,NA
133150,3818087.2781527895,NA
133151,256203.04388059225,NA
133152,5350082.628557485,NA
133156,5542596.000854188,NA
133157,4224922.58747747,NA
133159,313186.14975152136,NA
133160,6322125.133513389,NA
133162,3098490.2194109643,NA
133164,2218297.9773372207,NA
133165,1164244.1263694202,NA
133170,13115.353349917264,NA
133173,5596061.652435043,NA
133174,1075730.5550030237,NA
133175,6713893.37366356,NA
133177,5434589.725553848,NA
133178,4607176.760347071,NA
133180,3389226.83821834,NA
133182,5410737.753899799,NA
133185,1851878.460352679,NA
133190,3025433.186513221,NA
133191,2532783.5242954656,NA
133193,7525478.668668777,NA
133195,480525.44865289156,NA
133196,4904076.78310539,NA
133200,6813056.238175075,NA
133203,1629512.1375008035,NA
133205,3236301.416680936,NA
133206,168108.6328324466,NA
133208,7643024.33536965,NA
133211,2058514.917485041,NA
133213,3758494.898876815,NA
133216,7721763.6110080555,NA
133219,2266214.993759215,NA
133220,5579887.301820707,NA
133223,5652925.996329613,NA
133225,5004580.960747216,NA
133226,2018388.1712634538,NA
133227,5644680.762636018,NA
133228,374501.4527461171,NA
133229,22938.55128704762,NA
133231,6753333.744639963,NA
133233,2633306.9136640513,NA
133235,1291064.5894944863,NA
133236,2280403.572285748,NA
133239,7084313.252247246,NA
133243,3005614.760446591,NA
133244,7267170.217267224,NA
133247,1309002.906675067,NA
133250,6735238.242278275,NA
133251,381306.69593216357,NA
133253,5572957.183560602,NA
133254,8867.861592319003,NA
133256,6868240.447463055,NA
133258,6645466.316441579,NA
133260,6513075.386508246,NA
133261,3027996.177566824,NA
133262,5671690.408877108,NA
133263,464365.9431284445,NA
133269,4204179.388303862,NA
133272,5850705.943743949,NA
133276,1197165.680400457,NA
133283,2287923.134686178,NA
133285,2336919.488986793,NA
133287,546723.0966265361,NA
133289,2617239.9726631916,NA
133290,7671434.675902624,NA
133291,2224754.793663931,NA
133294,2461627.5584444944,NA
133296,2236358.549854218,NA
133300,607499.6039423476,NA
133301,1937230.8642899895,NA
133303,4945850.480367948,NA
133306,2849417.26822158,NA
133307,5965515.71573103,NA
133309,73156.5834213065,NA
133310,2772374.7188188136,NA
133315,6239789.811199731,NA
133319,6867145.391137431,NA
133320,4997093.708778676,NA
133321,2886471.044947738,NA
133322,5726352.414172233,NA
133326,2714474.699582568,NA
133327,2987403.9885415137,NA
133329,6000147.96805926,NA
133331,45122.613879239005,NA
133332,6690695.466854787,NA
133333,5930374.358246054,NA
133335,1987051.5673111947,NA
133338,2592022.237120604,NA
133342,299532.0006684994,NA
133343,6553203.006151599,NA
133353,3354600.6987754474,NA
133354,7155971.337150678,NA
133356,841460.9506877504,NA
133358,2807170.268944836,NA
133359,5490018.445020069,NA
133360,4071199.014549533,NA
133361,1968922.0080735192,NA
133366,5434008.140508061,NA
133367,3236042.9344556066,NA
133368,2308298.694841094,NA
133369,49940.33837927857,NA
133372,539324.0429317463,NA
133373,916595.4470707325,NA
133374,3343196.0436611203,NA
133375,2935155.648636672,NA
133376,3340766.660183315,NA
133381,858865.7118006294,NA
133383,2935499.709509114,NA
133384,1157486.0384489018,NA
133386,4257331.543097391,NA
133387,2667210.875046597,NA
133391,2643714.3163809683,NA
133392,6414040.01656871,NA
133394,2755792.559757665,NA
133396,2287923.134686178,NA
133399,118338.5783162788,NA
133401,2050948.199542462,NA
133403,6729163.036538104,NA
133404,2654191.57915137,NA
133405,5733036.275505723,NA
133407,7044935.755176152,NA
133409,2454032.0231849523,NA
133411,5050480.767976124,NA
133413,6459011.558145882,NA
133415,3063794.2198380264,NA
133422,4465117.197964652,NA
133424,5573857.505194428,NA
133427,2073137.5015883837,NA
133429,4870578.883510835,NA
133432,3772264.317252979,NA
133433,5473649.359405431,NA
133434,2278692.8740283116,NA
133435,2319136.6102862805,NA
133438,5872962.486295049,NA
133439,355292.55560275825,NA
133441,453180.4739846148,NA
133443,4517716.585068916,NA
133445,644006.725612657,NA
133447,2194632.0082748258,NA
133448,7438315.142876372,NA
133450,5005879.484644062,NA
133453,5974886.569847271,NA
133456,6674370.043659991,NA
133458,7235640.624922313,NA
133459,7024849.240871629,NA
133460,2307498.7972233514,NA
133463,6165635.102177023,NA
133464,2853941.580273128,NA
133466,122756.35401276096,NA
133467,2001506.4873403374,NA
133470,3533408.4000384114,NA
133472,2790416.9529378223,NA
133478,7622140.543097148,NA
133479,6878311.648641394,NA
133482,6613983.006391034,NA
133484,1012747.342987212,NA
133486,2574646.293062828,NA
133488,401183.6300561579,NA
133489,2167823.2095500543,NA
133490,424984.0798297533,NA
133493,5858621.962016932,NA
133494,3561448.482079865,NA
133496,6573124.47589923,NA
133497,3520811.757545758,NA
133498,6947336.00935528,NA
133499,1971858.7503990848,NA
133500,1103931.31526828,NA
133501,2649983.3833062463,NA
133503,6578431.220871183,NA
133506,233678.4134911297,NA
133508,3196716.959196279,NA
133509,4612769.058220601,NA
133510,6651851.525981685,NA
133512,108449.88658750647,NA
133513,5982197.425184664,NA
133515,2153355.1907395166,NA
133517,42819.85162643663,NA
133523,5251106.639835712,NA
133526,1507511.1455705175,NA
133529,198893.3422845734,NA
133531,4894394.178474005,NA
133532,6096901.533944603,NA
133539,3619827.043083281,NA
133540,387346.0983164278,NA
133542,2473307.2874747035,NA
133545,2786524.8743766765,NA
133550,2224475.3531709113,NA
133552,81618.38339145092,NA
133554,481286.9233719313,NA
133555,2765258.598305279,NA
133557,3301997.8187079015,NA
133558,7172747.357850293,NA
133560,6065268.024660181,NA
133563,6198749.644576503,NA
133565,2758196.6192134195,NA
133567,423930.0660340961,NA
133568,2110386.013296147,NA
133571,2883640.8390633445,NA
133572,364361.26472812524,NA
133573,4260071.803986231,NA
133574,2418.031389576362,NA
133577,806517.820975449,NA
133578,3218529.890247752,NA
133580,2272664.823949066,NA
133581,733669.4950890788,NA
133583,1105994.8068478412,NA
133585,6925721.306209822,NA
133588,5438181.405948363,NA
133593,6865727.231781055,NA
133599,6146668.0953393495,NA
133600,2407286.0361312223,NA
133601,6454875.842411508,NA
133602,257077.16792446817,NA
133603,3575055.475741483,NA
133604,298910.2461957728,NA
133607,6608727.783205557,NA
133612,365249.3608154479,NA
133616,6871536.095879963,NA
133617,2196895.4742350085,NA
133619,3886520.447891575,NA
133620,3266748.1780435164,NA
133622,2588312.667750413,NA
133623,3285943.103346835,NA
133624,2565857.02404207,NA
133627,968651.6719030343,NA
133628,3547091.366276124,NA
133629,2982314.683181376,NA
133630,2299218.633405296,NA
133631,283973.29168278497,NA
133633,7710736.200207502,NA
133635,7273199.140584215,NA
133637,334500.45462249476,NA
133638,4738554.719229141,NA
133639,2373788.1365446374,NA
133642,4861090.140624097,NA
133644,7050820.592190657,NA
133645,164124.86279425453,NA
133647,5827110.707934996,NA
133650,3566770.072351904,NA
133651,7133547.130615321,NA
133654,6446218.434248583,NA
133656,2236918.3036151966,NA
133660,4689537.406898192,NA
133661,4651435.729221269,NA
133662,7211008.840397449,NA
133664,99811.68995216642,NA
133665,289916.6364621899,NA
133666,6332391.069529759,NA
133668,6891847.035477242,NA
133670,2520050.6547420816,NA
133671,2659289.616966013,NA
133676,329262.6965536661,NA
133683,2050261.8244093626,NA
133684,71113.176575093,NA
133685,6903552.962301104,NA
133687,709642.0001399361,NA
133688,856074.8023244835,NA
133689,2662379.178427337,NA
133692,234309.77380686608,NA
133694,3173032.6517028306,NA
133695,4565006.607211468,NA
133696,2513934.4064655476,NA
133697,7095893.430742083,NA
133698,5583906.875090124,NA
133701,43893.076800297276,NA
136315,515117.53141483775,NA
154717,562.3734941910242,NA
154957,62115.200650717044,NA
155156,15708.03487153234,NA
158617,258204.5346421264,NA
161320,171364.11169842235,NA
161325,1438277.2042654532,NA
161329,626266.6360530087,NA
161360,355221.82211560063,NA
161366,656811.2016005457,NA
161373,630255.6457099592,NA
161376,4996588.09646112,NA
161378,2305892.015551555,NA
161391,160472.05477468178,NA
161394,6588.677080134392,NA
161404,1433091.841236,NA
161408,250320.82668747206,NA
161409,299226.36293074,NA
161410,233192.88606319166,NA
161418,296409.2558860967,NA
161423,173827.5520770145,NA
161425,2064066.1722769367,NA
161442,1212465.0337685987,NA
161447,706789.9630912824,NA
161456,184985.950437235,NA
161461,2168786.404709339,NA
161463,1277319.62214333,NA
161464,2157319.748969665,NA
161465,130356.25544400523,NA
161476,276729.6764780022,NA
161477,554811.1452110583,NA
161484,2356519.602177292,NA
161488,32408.955885914198,NA
161495,329087.17302416806,NA
161496,516943.49871556176,NA
161506,210394.92815362808,NA
161525,153073.8742428483,NA
161529,253885.4364193204,NA
161540,509788.95524831506,NA
161541,7829.566420303803,NA
161542,2152488.0523860287,NA
161546,142402.7498667499,NA
161547,943536.1066168286,NA
161555,151236.55467676354,NA
161557,1636026.5883204232,NA
161558,1557790.3048711598,NA
161566,3793074.7561473656,NA
161570,2734280.9000593955,NA
161589,1372302.235215157,NA
161597,132811310.90234518,NA
161598,19898.765329290192,NA
161611,56178.84190966618,NA
161618,116720.44460585093,NA
161621,1391621.1625213905,NA
161624,1584.9501504179646,NA
161631,301489.8288875769,NA
161635,1691691.9584532992,NA
161637,108297.067701504,NA
161652,105346.35333111403,NA
161659,101492.6976615862,NA
161665,268028.6057919084,NA
161669,1523235.7718261648,NA
161675,323205.82905275293,NA
161691,1041949.7218605495,NA
161695,3345494.439273509,NA
161696,201089140.90819246,NA
161729,925199.586731087,NA
161736,317.8632828851153,NA
161743,236425.66039490324,NA
161745,87498.85405554727,NA
161746,112848.45070975907,NA
165717,336142.16604145983,NA
169676,9642.435026033945,NA
170158,554636.4951028341,NA
170168,466994.42780098587,NA
170173,109212.23448121284,NA
170199,31576.74791530239,NA
170309,169972204.07455873,NA
170314,185703912.7819304,NA
170316,32677302.355218288,NA
170322,61167086.94646241,NA
170330,2992878.3974187025,NA
170341,49540058.56052298,NA
173322,4759.216718410518,NA
173333,600488.273278867,NA
173335,315380.62889252044,NA
173337,668689.1586529898,NA
173338,7233.136155025769,NA
173339,660946.9173018544,NA
173341,327995.6095456085,NA
173342,1523930.8795154234,NA
173344,438132.6166503272,NA
173345,30767.24444982638,NA
173349,302180.5702145198,NA
173357,461726.9791979176,NA
173370,243403.8073252766,NA
173381,269641.4999839526,NA
173382,73097.20235518899,NA
176712,300758.9179721106,NA
176714,6128.473914949463,NA
176721,451480.25474121375,NA
176736,58919.10280716624,NA
176739,6414.900170981577,NA
176740,847.9265115921744,NA
176763,20456.772606708797,NA
176770,6128.473914949463,NA
178799,244415.90500702767,NA
178801,38712.07998328658,NA
178807,110600.70323328406,NA
178808,357178.77716434136,NA
178814,1190739.4281329806,NA
178815,215106.11611743458,NA
178816,412936.7122358846,NA
178831,238294.41704019337,NA
178833,95655.88952538237,NA
178834,268237.3128337875,NA
178835,1194396.6022402162,NA
178839,250870.1014714162,NA
178844,83338.68736711738,NA
178847,78996.01128403112,NA
178853,279872.50604325143,NA
178856,505243.6850206922,NA
178858,49545.62906104016,NA
181359,1006171.7646188006,NA
183513,21265.40278080787,NA
183535,27275.9878674953,NA
183720,9416.2630731758,NA
183771,32317.264554312722,NA
183873,15708.03487153234,NA
183896,4006.474538604364,NA
183968,105.66334336119763,NA
185152,124668.77315445349,NA
187944,37156.82033581493,NA
192284,0,NA
192286,0,NA
192343,0,NA
192350,0,NA
192406,15985.728638911893,NA
192438,0,NA
192469,0,NA
192475,88.1983251189054,NA
192492,635.7265594722046,NA
192514,0,NA
192523,422.65337344479053,NA
192530,0,NA
192541,4032.6720785638545,NA
192544,142.33987285277482,NA
192572,82.95882090582295,NA
192602,0,NA
192626,0,NA
192703,88.1983251189054,NA
192785,157.18513898852584,NA
192823,105.66334336119763,NA
193605,720234.5318107391,NA
193734,5024.684962313822,NA
194300,585.9512710224278,NA
195023,866554.6846734025,NA
195100,809713.0454020561,NA
195320,5752.976065448669,NA
195409,2374812.459581983,NA
195456,4047452.705961633,NA
195459,98272821.23414364,NA
195475,738843.5058452986,NA
196030,8088.921882000397,NA
196080,2773.4444484565506,NA
196087,4630.848836848882,NA
198582,2852380.2075588577,NA
198920,2323841.685095608,NA
201946,18079.783953555765,NA
14134315,362847.9211023527,NA
16727327,329563.9679435754,NA
22680038,27738.810784393143,49133.4546629569
22680405,4090789.522051029,6952542.329823443
22680412,346273.62135253305,1407330.0702277913
22680415,1616705.041597847,3531374.598474586
22680427,1939775.516241898,14133211.817963712
22694286,7121.360028473796,141588.88010400484
22694296,312851.6946608806,1486788.9044354118
22694436,16617.088896588328,278422.90975675575
22694452,675.8960915100857,2430.2568973075454
22694473,15176556.121739289,27651145.98753517
22694497,40402466.403409,41647312.449159406
22694502,12221948.812155342,12155511.020272175
22694552,545379.1636368553,2167155.1723381635
22694585,0,0
22694685,113395.97893230357,196745.14533855
22694691,550329.6221610303,818256.9309891145
22694699,433520.9793844605,744503.9173229985
22694716,1394278.4643410447,1446108.5172413508
22694750,46563.477623942505,147400.3639888707
22694834,140135.79081014096,551668.3156888129
22694852,8555790.57681347,9305981.976507397
22694870,2175865.8487948393,2516266.8588035605
22694875,1864637.5273843214,2257391.6675686263
22694887,734742.7201860838,746722.8475335836
22694899,898901.6397363691,920539.0473627538
22694903,4053584.6725860736,4079873.013862563
22694927,18655469.306581367,19089879.255037494
22696606,1873783.0824121926,23676724.990347084
22696668,1089783.7794569142,1108936.7885757692
22696730,8410.278189573315,21027.005328878327
22696756,58.507799145429466,105.66334336119763
22696766,95009.6839840538,108093.60025850518
22696802,381430.6975859312,778950.1672587489
22696806,281639.09241316706,505282.1079532471
22696810,451508.19866052055,600484.7803216862
22696846,747.5026535499811,845.3067468895811
22696853,11564.459962713778,14581.541383845273
22696861,6604.395577028574,6973.780661839044
22696898,271108.56132716755,526731.7666555702
22697619,455889.2978026142,463333.7606388516
22697728,2565595.9216405996,2565611.64015324
22697742,4196347.201983841,4266897.131611883
22697752,12231748.432776675,12320345.835915644
22697776,1221394.89614529,1237529.0774463466
22697782,3461583.523451834,3473788.0763427336
22697793,20705899.66800026,20759360.080144417
22697797,217925.84280150878,217983.47735415073
22697800,77180.52293564148,80938.12101467738
22697810,290797.74646500574,329141.3145701306
22697817,875722.9445046802,886304.1241137257
22697822,2256173.4827567176,2633553.1699344898
22697825,4385.465368017931,5811.48388486587
22697847,822004.9231055765,5415352.01060474
22697896,74893.47917343528,75126.63712981151
22697925,49814191.18933748,49822379.66167191
22697963,119681987.29770325,119404227.18526122
22697970,122325127.01455078,108717753.62773977
22698005,47626077.12508086,47635993.760842
22698017,19282270.37203173,19284194.143478736
22698020,15568116.527777905,15583546.86893951
22698030,44274318.85808725,44293439.55695388
22698035,26410441.770337258,26419217.06728697
22698049,1844827.8335261804,1845198.9651165942
22698062,31550468.29166185,31569248.422711737
22698084,19859290.90417724,19875803.20295808
22698088,15866836.405227445,15898000.978782434
22698092,7463366.087214464,7488466.807351437
22698140,107239285.05656882,106869807.41569579
22698150,39617040.20847014,39574303.315756075
22698155,18827439.45410496,18766338.097665507
22698159,82900809.75831625,82869858.2580068
22698172,32844264.40943184,33058890.237417903
22698182,110174526.28341575,109987404.36156793
22698188,117684811.26116563,117900320.81920129
22698195,14599494.546468152,14666072.058534231
22698209,209152618.89710987,210036008.98323825
22698230,2941589.7599234064,2994710.4775430635
22698235,2819384.4271501037,2821211.267743977
22698246,1879824.231479684,1891796.4995388824
22698252,3985700.7773896446,4007493.6236601425
22698280,459494.9502303424,470624.53133077425
22698305,97655712.37841366,93273788.03538041
22698310,11248394.710524362,11247017.594052598
22698314,56406397.06707757,56394111.30202159
22698320,1739668.3558482195,1746192.412387152
22698335,48038564.11292115,47989014.99101177
22698350,84545811.61796246,53798808.262383856
22698365,45388020.97591761,35714738.37280161
22698388,66951718.3698084,66850767.087732434
22698398,83809586.99108534,83904936.3695731
22698425,21647909.33203898,21660562.73567207
22698431,61331456.31923996,61355322.26285991
22698448,74282023.74433553,74413303.89878008
22698520,19569376.01425815,19678001.42418592
22698543,12094270.816901812,12106905.882326026
22698562,345072.9016479253,348160.7163751462
22724836,241819.7303023885,5811378.221522508
22728318,41238490.49454544,41155132.59578295
22728323,65258305.23412517,65228623.44045133
22728328,29099209.713146396,28498566.001291975
22728349,31995370.348013207,31907582.448154293
22728364,38698619.66757291,38717690.591126844
22728372,35274328.31811979,35284688.565321535
22728432,3760995.8888903856,3814024.0419657896
22728437,12042738.542397134,12051115.637031313
22729000,957227.8053159348,1280111.4048209093
22729604,23888377.39963473,23895976.427821565
22729609,54745637.397396594,54795424.91696668
22732425,1292640.8066941341,6229171.081172684
22734408,7021248.827282786,7021012.176321499
22735250,11089108.530286262,11140297.617257789
22735624,736920.6076133057,737847.126691243
43398244,229765.37679346933,NA
43398250,1521513.721433166,NA
43508842,245407.0446095366,NA
43508845,1643788.9142749112,NA
43508905,4886596.0490981685,NA
43508949,124047.01857603813,NA
46079873,28729.077135183015,NA
46967807,36300199.74680839,NA
46967817,86730133.15367863,NA
46967827,42130389.536462024,NA
46967838,33372246.67099603,NA
46967863,13278159.592543354,NA
47143176,21565.8010824516,NA
48342104,6168.643452498117,NA
48342178,569.3595040071515,NA
48342288,1075.8449448612614,NA
48342467,6066.4731108959695,NA
48342534,354.53981867471856,NA
62101215,1148522.119274357,1156590.9564316692
62101249,793710.7250256509,801984.77611149
70680197,648392.1908932899,NA
70680908,1697324.4261188572,NA
70682503,1009482.2582195761,NA
70688138,298835.1465146731,NA
71711344,8413045.51286526,NA
71711476,7505992.0773784835,NA
72050476,306917.0824388161,NA
82031425,1009966.0393060534,NA
82031633,454157.6415954389,NA
82031667,520687.1247909073,NA
83776383,3602254.617059745,NA
84126444,4837316.761169729,NA
84127873,3584344.2438126416,NA
84156809,47580536.22426971,NA
84189617,6582525.019854073,NA
84199475,10499789.134391787,NA
91209505,11518751.403017715,NA
98894402,1001777.5665986766,NA
98895427,1049746.9779496337,NA
104019954,8281.910322871083,NA
104023514,477179.1516728863,NA
104050689,490671.74935684836,NA
104061138,4326777.683794346,NA
104176764,764981.6480024547,NA
107604987,306067.4094137483,NA
107605014,172741.22815049367,NA
110847130,200386911.06077814,NA
117636167,18702.41177493198,NA
118360372,220948.16373866217,NA
126710128,18005696.506320555,NA
130391495,217.43944058798712,NA
130393378,590150.730673396,NA
132438298,110124639.2134301,110452851.389074
132467692,12533851.28332447,12539385.946703406
134820643,1104195.0368929205,NA
134822416,125703.5753226431,NA
135381188,477038.5582138231,NA
157011948,14184.212294409437,NA
