iucn_sid,cat_score,sens,code,stressor
169676,0.6,1,11.1,sst
169676,0.6,1,11.1,slr
169676,0.6,1,11.1,oa
169676,0.6,1,11.1,uv
169676,0.6,1,11.3,sst
169676,0.6,1,11.3,oa
165823,0.2,0,11.3,sst
165823,0.2,0,11.3,oa
165836,0.2,2,11.5,oa
165836,0.2,2,11.5,uv
165880,0,0,11.5,oa
165880,0,0,11.5,uv
165876,0,2,11.1,sst
165876,0,2,11.1,slr
165876,0,2,11.1,oa
165876,0,2,11.1,uv
165861,0.4,2,11.5,oa
165861,0.4,2,11.5,uv
155083,0,0,11.1,sst
155083,0,0,11.1,slr
155083,0,0,11.1,oa
155083,0,0,11.1,uv
194299,0.4,0,11.1,sst
194299,0.4,0,11.1,slr
194299,0.4,0,11.1,oa
194299,0.4,0,11.1,uv
194303,0.2,0,11.1,sst
194303,0.2,0,11.1,slr
194303,0.2,0,11.1,oa
194303,0.2,0,11.1,uv
194303,0.2,0,11.3,sst
194303,0.2,0,11.3,oa
165657,0,0,11.1,sst
165657,0,0,11.1,slr
165657,0,0,11.1,oa
165657,0,0,11.1,uv
165627,0,0,11.1,sst
165627,0,0,11.1,slr
165627,0,0,11.1,oa
165627,0,0,11.1,uv
165676,NA,0,11.1,sst
165676,NA,0,11.1,slr
165676,NA,0,11.1,oa
165676,NA,0,11.1,uv
165692,0,0,11.1,sst
165692,0,0,11.1,slr
165692,0,0,11.1,oa
165692,0,0,11.1,uv
165609,0,0,11.1,sst
165609,0,0,11.1,slr
165609,0,0,11.1,oa
165609,0,0,11.1,uv
165711,0,0,11.1,sst
165711,0,0,11.1,slr
165711,0,0,11.1,oa
165711,0,0,11.1,uv
165623,0,0,11.1,sst
165623,0,0,11.1,slr
165623,0,0,11.1,oa
165623,0,0,11.1,uv
165631,0,0,11.1,sst
165631,0,0,11.1,slr
165631,0,0,11.1,oa
165631,0,0,11.1,uv
165607,0,1,11.1,sst
165607,0,1,11.1,slr
165607,0,1,11.1,oa
165607,0,1,11.1,uv
165669,0,0,11.1,sst
165669,0,0,11.1,slr
165669,0,0,11.1,oa
165669,0,0,11.1,uv
165668,0,0,11.1,sst
165668,0,0,11.1,slr
165668,0,0,11.1,oa
165668,0,0,11.1,uv
165712,0.2,2,11.3,sst
165712,0.2,2,11.3,oa
165691,0,0,11.1,sst
165691,0,0,11.1,slr
165691,0,0,11.1,oa
165691,0,0,11.1,uv
165678,0,0,11.1,sst
165678,0,0,11.1,slr
165678,0,0,11.1,oa
165678,0,0,11.1,uv
165667,0,0,11.1,sst
165667,0,0,11.1,slr
165667,0,0,11.1,oa
165667,0,0,11.1,uv
165694,0,0,11.1,sst
165694,0,0,11.1,slr
165694,0,0,11.1,oa
165694,0,0,11.1,uv
165687,0,0,11.1,sst
165687,0,0,11.1,slr
165687,0,0,11.1,oa
165687,0,0,11.1,uv
165673,0,2,11.1,sst
165673,0,2,11.1,slr
165673,0,2,11.1,oa
165673,0,2,11.1,uv
154788,0,0,11.1,sst
154788,0,0,11.1,slr
154788,0,0,11.1,oa
154788,0,0,11.1,uv
165724,0,0,11.1,sst
165724,0,0,11.1,slr
165724,0,0,11.1,oa
165724,0,0,11.1,uv
165634,0,0,11.1,sst
165634,0,0,11.1,slr
165634,0,0,11.1,oa
165634,0,0,11.1,uv
165670,0,0,11.1,sst
165670,0,0,11.1,slr
165670,0,0,11.1,oa
165670,0,0,11.1,uv
165640,0,0,11.1,sst
165640,0,0,11.1,slr
165640,0,0,11.1,oa
165640,0,0,11.1,uv
165624,0,0,11.1,sst
165624,0,0,11.1,slr
165624,0,0,11.1,oa
165624,0,0,11.1,uv
165612,0,0,11.1,sst
165612,0,0,11.1,slr
165612,0,0,11.1,oa
165612,0,0,11.1,uv
165632,0,0,11.1,sst
165632,0,0,11.1,slr
165632,0,0,11.1,oa
165632,0,0,11.1,uv
165655,0,0,11.1,sst
165655,0,0,11.1,slr
165655,0,0,11.1,oa
165655,0,0,11.1,uv
165695,0,0,11.1,sst
165695,0,0,11.1,slr
165695,0,0,11.1,oa
165695,0,0,11.1,uv
165638,0,0,11.1,sst
165638,0,0,11.1,slr
165638,0,0,11.1,oa
165638,0,0,11.1,uv
165703,0,0,11.1,sst
165703,0,0,11.1,slr
165703,0,0,11.1,oa
165703,0,0,11.1,uv
165689,0,0,11.1,sst
165689,0,0,11.1,slr
165689,0,0,11.1,oa
165689,0,0,11.1,uv
165686,NA,0,11.1,sst
165686,NA,0,11.1,slr
165686,NA,0,11.1,oa
165686,NA,0,11.1,uv
165717,0.2,1,11.1,sst
165717,0.2,1,11.1,slr
165717,0.2,1,11.1,oa
165717,0.2,1,11.1,uv
165684,0,0,11.1,sst
165684,0,0,11.1,slr
165684,0,0,11.1,oa
165684,0,0,11.1,uv
165672,0,0,11.5,oa
165672,0,0,11.5,uv
165705,0,0,11.1,sst
165705,0,0,11.1,slr
165705,0,0,11.1,oa
165705,0,0,11.1,uv
165641,0,1,11.1,sst
165641,0,1,11.1,slr
165641,0,1,11.1,oa
165641,0,1,11.1,uv
165713,NA,0,11.1,sst
165713,NA,0,11.1,slr
165713,NA,0,11.1,oa
165713,NA,0,11.1,uv
165619,0,0,11.1,sst
165619,0,0,11.1,slr
165619,0,0,11.1,oa
165619,0,0,11.1,uv
165704,0,1,11.1,sst
165704,0,1,11.1,slr
165704,0,1,11.1,oa
165704,0,1,11.1,uv
165665,0,0,11.1,sst
165665,0,0,11.1,slr
165665,0,0,11.1,oa
165665,0,0,11.1,uv
165714,0,0,11.1,sst
165714,0,0,11.1,slr
165714,0,0,11.1,oa
165714,0,0,11.1,uv
165680,0,0,11.1,sst
165680,0,0,11.1,slr
165680,0,0,11.1,oa
165680,0,0,11.1,uv
165696,0,0,11.1,sst
165696,0,0,11.1,slr
165696,0,0,11.1,oa
165696,0,0,11.1,uv
165630,0,0,11.1,sst
165630,0,0,11.1,slr
165630,0,0,11.1,oa
165630,0,0,11.1,uv
165664,0,0,11.1,sst
165664,0,0,11.1,slr
165664,0,0,11.1,oa
165664,0,0,11.1,uv
165719,0,0,11.5,oa
165719,0,0,11.5,uv
165633,0,0,11.1,sst
165633,0,0,11.1,slr
165633,0,0,11.1,oa
165633,0,0,11.1,uv
165707,NA,0,11.1,sst
165707,NA,0,11.1,slr
165707,NA,0,11.1,oa
165707,NA,0,11.1,uv
165653,0,0,11.1,sst
165653,0,0,11.1,slr
165653,0,0,11.1,oa
165653,0,0,11.1,uv
165658,0.2,0,11.5,oa
165658,0.2,0,11.5,uv
165723,0,0,11.1,sst
165723,0,0,11.1,slr
165723,0,0,11.1,oa
165723,0,0,11.1,uv
39355,0,2,11.1,sst
39355,0,2,11.1,slr
39355,0,2,11.1,oa
39355,0,2,11.1,uv
41870,NA,0,11.1,sst
41870,NA,0,11.1,slr
41870,NA,0,11.1,oa
41870,NA,0,11.1,uv
43398244,0.8,0,11.1,sst
43398244,0.8,0,11.1,slr
43398244,0.8,0,11.1,oa
43398244,0.8,0,11.1,uv
43398244,0.8,0,11.3,sst
43398244,0.8,0,11.3,oa
39390,0.6,0,11.1,sst
39390,0.6,0,11.1,slr
39390,0.6,0,11.1,oa
39390,0.6,0,11.1,uv
39390,0.6,0,11.3,sst
39390,0.6,0,11.3,oa
43508842,0.8,0,11.1,sst
43508842,0.8,0,11.1,slr
43508842,0.8,0,11.1,oa
43508842,0.8,0,11.1,uv
43508842,0.8,0,11.3,sst
43508842,0.8,0,11.3,oa
43508949,0.8,0,11.1,sst
43508949,0.8,0,11.1,slr
43508949,0.8,0,11.1,oa
43508949,0.8,0,11.1,uv
43508949,0.8,0,11.3,sst
43508949,0.8,0,11.3,oa
39389,0.6,0,11.1,sst
39389,0.6,0,11.1,slr
39389,0.6,0,11.1,oa
39389,0.6,0,11.1,uv
39389,0.6,0,11.3,sst
39389,0.6,0,11.3,oa
43508905,0.8,0,11.1,sst
43508905,0.8,0,11.1,slr
43508905,0.8,0,11.1,oa
43508905,0.8,0,11.1,uv
43508905,0.8,0,11.3,sst
43508905,0.8,0,11.3,oa
43508845,0.8,0,11.1,sst
43508845,0.8,0,11.1,slr
43508845,0.8,0,11.1,oa
43508845,0.8,0,11.1,uv
43508845,0.8,0,11.3,sst
43508845,0.8,0,11.3,oa
43398250,0.8,0,11.1,sst
43398250,0.8,0,11.1,slr
43398250,0.8,0,11.1,oa
43398250,0.8,0,11.1,uv
43398250,0.8,0,11.3,sst
43398250,0.8,0,11.3,oa
39393,0.8,0,11.1,sst
39393,0.8,0,11.1,slr
39393,0.8,0,11.1,oa
39393,0.8,0,11.1,uv
39393,0.8,0,11.3,sst
39393,0.8,0,11.3,oa
195319,0,0,11.1,sst
195319,0,0,11.1,slr
195319,0,0,11.1,oa
195319,0,0,11.1,uv
183699,0,1,11.1,sst
183699,0,1,11.1,slr
183699,0,1,11.1,oa
183699,0,1,11.1,uv
183699,0,1,11.3,sst
183699,0,1,11.3,oa
183482,0.4,1,11.1,sst
183482,0.4,1,11.1,slr
183482,0.4,1,11.1,oa
183482,0.4,1,11.1,uv
183482,0.4,1,11.3,sst
183482,0.4,1,11.3,oa
183732,NA,1,11.1,sst
183732,NA,1,11.1,slr
183732,NA,1,11.1,oa
183732,NA,1,11.1,uv
183732,NA,1,11.3,sst
183732,NA,1,11.3,oa
183764,0,1,11.1,sst
183764,0,1,11.1,slr
183764,0,1,11.1,oa
183764,0,1,11.1,uv
183764,0,1,11.3,sst
183764,0,1,11.3,oa
154626,0,0,11.1,sst
154626,0,0,11.1,slr
154626,0,0,11.1,oa
154626,0,0,11.1,uv
183741,0,1,11.1,sst
183741,0,1,11.1,slr
183741,0,1,11.1,oa
183741,0,1,11.1,uv
183741,0,1,11.3,sst
183741,0,1,11.3,oa
183794,0.4,1,11.1,sst
183794,0.4,1,11.1,slr
183794,0.4,1,11.1,oa
183794,0.4,1,11.1,uv
183794,0.4,1,11.3,sst
183794,0.4,1,11.3,oa
183303,0,1,11.1,sst
183303,0,1,11.1,slr
183303,0,1,11.1,oa
183303,0,1,11.1,uv
183303,0,1,11.3,sst
183303,0,1,11.3,oa
183373,0.4,1,11.1,sst
183373,0.4,1,11.1,slr
183373,0.4,1,11.1,oa
183373,0.4,1,11.1,uv
183373,0.4,1,11.3,sst
183373,0.4,1,11.3,oa
183258,NA,1,11.1,sst
183258,NA,1,11.1,slr
183258,NA,1,11.1,oa
183258,NA,1,11.1,uv
183258,NA,1,11.3,sst
183258,NA,1,11.3,oa
183728,NA,1,11.1,sst
183728,NA,1,11.1,slr
183728,NA,1,11.1,oa
183728,NA,1,11.1,uv
183728,NA,1,11.3,sst
183728,NA,1,11.3,oa
183694,0.2,1,11.1,sst
183694,0.2,1,11.1,slr
183694,0.2,1,11.1,oa
183694,0.2,1,11.1,uv
183694,0.2,1,11.3,sst
183694,0.2,1,11.3,oa
183551,NA,1,11.1,sst
183551,NA,1,11.1,slr
183551,NA,1,11.1,oa
183551,NA,1,11.1,uv
183551,NA,1,11.3,sst
183551,NA,1,11.3,oa
183319,0,1,11.1,sst
183319,0,1,11.1,slr
183319,0,1,11.1,oa
183319,0,1,11.1,uv
183319,0,1,11.3,sst
183319,0,1,11.3,oa
183952,0,1,11.1,sst
183952,0,1,11.1,slr
183952,0,1,11.1,oa
183952,0,1,11.1,uv
183952,0,1,11.3,sst
183952,0,1,11.3,oa
183513,0.4,1,11.1,sst
183513,0.4,1,11.1,slr
183513,0.4,1,11.1,oa
183513,0.4,1,11.1,uv
183513,0.4,1,11.3,sst
183513,0.4,1,11.3,oa
183572,0.4,1,11.1,sst
183572,0.4,1,11.1,slr
183572,0.4,1,11.1,oa
183572,0.4,1,11.1,uv
183572,0.4,1,11.3,sst
183572,0.4,1,11.3,oa
183525,0.4,1,11.1,sst
183525,0.4,1,11.1,slr
183525,0.4,1,11.1,oa
183525,0.4,1,11.1,uv
183525,0.4,1,11.3,sst
183525,0.4,1,11.3,oa
183290,0,0,11.3,sst
183290,0,0,11.3,oa
183851,0,1,11.1,sst
183851,0,1,11.1,slr
183851,0,1,11.1,oa
183851,0,1,11.1,uv
183851,0,1,11.3,sst
183851,0,1,11.3,oa
184001,0.4,1,11.1,sst
184001,0.4,1,11.1,slr
184001,0.4,1,11.1,oa
184001,0.4,1,11.1,uv
184001,0.4,1,11.3,sst
184001,0.4,1,11.3,oa
48342178,0.4,1,11.3,sst
48342178,0.4,1,11.3,oa
196686,0,1,11.1,sst
196686,0,1,11.1,slr
196686,0,1,11.1,oa
196686,0,1,11.1,uv
154957,0.2,1,11.3,sst
154957,0.2,1,11.3,oa
154763,0.4,0,11.3,sst
154763,0.4,0,11.3,oa
183221,0.4,1,11.1,sst
183221,0.4,1,11.1,slr
183221,0.4,1,11.1,oa
183221,0.4,1,11.1,uv
183221,0.4,1,11.3,sst
183221,0.4,1,11.3,oa
183705,0.2,1,11.1,sst
183705,0.2,1,11.1,slr
183705,0.2,1,11.1,oa
183705,0.2,1,11.1,uv
183705,0.2,1,11.3,sst
183705,0.2,1,11.3,oa
183228,0,1,11.1,sst
183228,0,1,11.1,slr
183228,0,1,11.1,oa
183228,0,1,11.1,uv
183228,0,1,11.3,sst
183228,0,1,11.3,oa
179030,NA,0,11.1,sst
179030,NA,0,11.1,slr
179030,NA,0,11.1,oa
179030,NA,0,11.1,uv
183393,0.4,1,11.1,sst
183393,0.4,1,11.1,slr
183393,0.4,1,11.1,oa
183393,0.4,1,11.1,uv
183393,0.4,1,11.3,sst
183393,0.4,1,11.3,oa
183968,0.4,1,11.1,sst
183968,0.4,1,11.1,slr
183968,0.4,1,11.1,oa
183968,0.4,1,11.1,uv
183968,0.4,1,11.3,sst
183968,0.4,1,11.3,oa
155156,0.4,1,11.3,sst
155156,0.4,1,11.3,oa
183236,NA,1,11.1,sst
183236,NA,1,11.1,slr
183236,NA,1,11.1,oa
183236,NA,1,11.1,uv
183236,NA,1,11.3,sst
183236,NA,1,11.3,oa
184014,0,1,11.1,sst
184014,0,1,11.1,slr
184014,0,1,11.1,oa
184014,0,1,11.1,uv
184014,0,1,11.3,sst
184014,0,1,11.3,oa
183853,0.4,1,11.1,sst
183853,0.4,1,11.1,slr
183853,0.4,1,11.1,oa
183853,0.4,1,11.1,uv
183853,0.4,1,11.3,sst
183853,0.4,1,11.3,oa
183626,0,1,11.1,sst
183626,0,1,11.1,slr
183626,0,1,11.1,oa
183626,0,1,11.1,uv
183626,0,1,11.3,sst
183626,0,1,11.3,oa
183943,0.4,1,11.1,sst
183943,0.4,1,11.1,slr
183943,0.4,1,11.1,oa
183943,0.4,1,11.1,uv
183943,0.4,1,11.3,sst
183943,0.4,1,11.3,oa
48342396,0.4,1,11.3,sst
48342396,0.4,1,11.3,oa
183360,0.4,1,11.1,sst
183360,0.4,1,11.1,slr
183360,0.4,1,11.1,oa
183360,0.4,1,11.1,uv
183360,0.4,1,11.3,sst
183360,0.4,1,11.3,oa
183855,0.4,1,11.1,sst
183855,0.4,1,11.1,slr
183855,0.4,1,11.1,oa
183855,0.4,1,11.1,uv
183855,0.4,1,11.3,sst
183855,0.4,1,11.3,oa
47143176,0.4,1,11.3,sst
47143176,0.4,1,11.3,oa
47143176,0.4,1,11.5,oa
47143176,0.4,1,11.5,uv
184022,NA,1,11.1,sst
184022,NA,1,11.1,slr
184022,NA,1,11.1,oa
184022,NA,1,11.1,uv
184022,NA,1,11.3,sst
184022,NA,1,11.3,oa
154817,0.4,0,11.3,sst
154817,0.4,0,11.3,oa
183605,0,1,11.1,sst
183605,0,1,11.1,slr
183605,0,1,11.1,oa
183605,0,1,11.1,uv
183605,0,1,11.3,sst
183605,0,1,11.3,oa
183612,0.4,1,11.1,sst
183612,0.4,1,11.1,slr
183612,0.4,1,11.1,oa
183612,0.4,1,11.1,uv
183612,0.4,1,11.3,sst
183612,0.4,1,11.3,oa
183583,0.4,1,11.1,sst
183583,0.4,1,11.1,slr
183583,0.4,1,11.1,oa
183583,0.4,1,11.1,uv
183583,0.4,1,11.3,sst
183583,0.4,1,11.3,oa
183427,0.4,1,11.1,sst
183427,0.4,1,11.1,slr
183427,0.4,1,11.1,oa
183427,0.4,1,11.1,uv
183427,0.4,1,11.3,sst
183427,0.4,1,11.3,oa
184004,0.4,1,11.1,sst
184004,0.4,1,11.1,slr
184004,0.4,1,11.1,oa
184004,0.4,1,11.1,uv
184004,0.4,1,11.3,sst
184004,0.4,1,11.3,oa
183865,NA,1,11.1,sst
183865,NA,1,11.1,slr
183865,NA,1,11.1,oa
183865,NA,1,11.1,uv
183865,NA,1,11.3,sst
183865,NA,1,11.3,oa
183318,NA,1,11.1,sst
183318,NA,1,11.1,slr
183318,NA,1,11.1,oa
183318,NA,1,11.1,uv
183318,NA,1,11.3,sst
183318,NA,1,11.3,oa
183873,0.4,1,11.1,sst
183873,0.4,1,11.1,slr
183873,0.4,1,11.1,oa
183873,0.4,1,11.1,uv
183873,0.4,1,11.3,sst
183873,0.4,1,11.3,oa
192435,0.4,0,11.3,sst
192435,0.4,0,11.3,oa
133378,0,1,11.3,sst
133378,0,1,11.3,oa
133396,0.4,1,11.3,sst
133396,0.4,1,11.3,oa
133652,0,1,11.3,sst
133652,0,1,11.3,oa
133305,NA,1,11.3,sst
133305,NA,1,11.3,oa
133199,NA,1,11.3,sst
133199,NA,1,11.3,oa
133571,0.2,1,11.3,sst
133571,0.2,1,11.3,oa
133517,0.6,1,11.3,sst
133517,0.6,1,11.3,oa
133351,0,1,11.3,sst
133351,0,1,11.3,oa
132989,NA,1,11.3,sst
132989,NA,1,11.3,oa
132894,0.2,1,11.3,sst
132894,0.2,1,11.3,oa
133180,0.2,1,11.3,sst
133180,0.2,1,11.3,oa
133061,NA,1,11.3,sst
133061,NA,1,11.3,oa
133636,0,1,11.3,sst
133636,0,1,11.3,oa
132959,0.6,1,11.3,sst
132959,0.6,1,11.3,oa
132946,NA,1,11.3,sst
132946,NA,1,11.3,oa
133091,0,1,11.3,sst
133091,0,1,11.3,oa
133577,0.4,1,11.3,sst
133577,0.4,1,11.3,oa
133027,0,1,11.3,sst
133027,0,1,11.3,oa
133066,0,1,11.3,sst
133066,0,1,11.3,oa
133116,0.2,1,11.3,sst
133116,0.2,1,11.3,oa
132974,0.4,1,11.3,sst
132974,0.4,1,11.3,oa
133133,0.4,1,11.3,sst
133133,0.4,1,11.3,oa
133340,0,1,11.3,sst
133340,0,1,11.3,oa
133129,0,1,11.3,sst
133129,0,1,11.3,oa
133582,0,1,11.3,sst
133582,0,1,11.3,oa
133558,0.4,1,11.3,sst
133558,0.4,1,11.3,oa
133115,0.4,1,11.3,sst
133115,0.4,1,11.3,oa
133405,0.2,1,11.3,sst
133405,0.2,1,11.3,oa
133594,0,1,11.3,sst
133594,0,1,11.3,oa
133020,0.2,1,11.3,sst
133020,0.2,1,11.3,oa
133453,0.4,1,11.3,sst
133453,0.4,1,11.3,oa
132936,0,1,11.3,sst
132936,0,1,11.3,oa
133505,NA,1,11.3,sst
133505,NA,1,11.3,oa
133207,0,1,11.3,sst
133207,0,1,11.3,oa
133146,0,1,11.3,sst
133146,0,1,11.3,oa
133242,0,1,11.3,sst
133242,0,1,11.3,oa
133588,0.4,1,11.3,sst
133588,0.4,1,11.3,oa
133313,0,1,11.3,sst
133313,0,1,11.3,oa
133270,0,1,11.3,sst
133270,0,1,11.3,oa
132966,NA,1,11.3,sst
132966,NA,1,11.3,oa
132880,0.4,1,11.3,sst
132880,0.4,1,11.3,oa
133370,0,1,11.3,sst
133370,0,1,11.3,oa
133158,0,1,11.3,sst
133158,0,1,11.3,oa
133421,NA,1,11.3,sst
133421,NA,1,11.3,oa
133185,0.4,1,11.3,sst
133185,0.4,1,11.3,oa
133437,0,1,11.3,sst
133437,0,1,11.3,oa
133385,NA,1,11.3,sst
133385,NA,1,11.3,oa
133680,0,1,11.3,sst
133680,0,1,11.3,oa
133178,0.2,1,11.3,sst
133178,0.2,1,11.3,oa
133523,0.4,1,11.3,sst
133523,0.4,1,11.3,oa
133460,0.4,1,11.3,sst
133460,0.4,1,11.3,oa
132947,0,1,11.3,sst
132947,0,1,11.3,oa
133600,0.4,1,11.3,sst
133600,0.4,1,11.3,oa
133247,0.4,1,11.3,sst
133247,0.4,1,11.3,oa
133292,0,1,11.3,sst
133292,0,1,11.3,oa
133214,NA,1,11.3,sst
133214,NA,1,11.3,oa
133443,0.4,1,11.3,sst
133443,0.4,1,11.3,oa
133042,0,1,11.3,sst
133042,0,1,11.3,oa
133488,0.4,1,11.3,sst
133488,0.4,1,11.3,oa
132971,NA,1,11.3,sst
132971,NA,1,11.3,oa
133107,0.4,1,11.3,sst
133107,0.4,1,11.3,oa
133599,0.2,1,11.3,sst
133599,0.2,1,11.3,oa
133612,0.4,1,11.3,sst
133612,0.4,1,11.3,oa
132980,0.2,1,11.3,sst
132980,0.2,1,11.3,oa
133044,0,1,11.3,sst
133044,0,1,11.3,oa
133481,0,1,11.3,sst
133481,0,1,11.3,oa
132949,0,1,11.3,sst
132949,0,1,11.3,oa
133501,0.4,1,11.3,sst
133501,0.4,1,11.3,oa
133289,0.4,1,11.3,sst
133289,0.4,1,11.3,oa
133508,0.2,1,11.3,sst
133508,0.2,1,11.3,oa
132940,0.4,1,11.3,sst
132940,0.4,1,11.3,oa
133074,0.4,1,11.3,sst
133074,0.4,1,11.3,oa
133332,0.4,1,11.3,sst
133332,0.4,1,11.3,oa
133241,NA,1,11.3,sst
133241,NA,1,11.3,oa
133495,0,1,11.3,sst
133495,0,1,11.3,oa
133658,NA,1,11.3,sst
133658,NA,1,11.3,oa
133001,0,1,11.3,sst
133001,0,1,11.3,oa
133357,0,1,11.3,sst
133357,0,1,11.3,oa
133273,NA,1,11.3,sst
133273,NA,1,11.3,oa
133383,0.4,1,11.3,sst
133383,0.4,1,11.3,oa
133213,0.2,1,11.3,sst
133213,0.2,1,11.3,oa
133297,0,1,11.3,sst
133297,0,1,11.3,oa
133498,0.4,1,11.3,sst
133498,0.4,1,11.3,oa
133473,0,1,11.3,sst
133473,0,1,11.3,oa
133094,0,1,11.3,sst
133094,0,1,11.3,oa
133698,0.2,1,11.3,sst
133698,0.2,1,11.3,oa
133643,0,1,11.3,sst
133643,0,1,11.3,oa
132998,0,1,11.3,sst
132998,0,1,11.3,oa
133410,0,1,11.3,sst
133410,0,1,11.3,oa
133631,0.2,1,11.3,sst
133631,0.2,1,11.3,oa
133664,0.4,1,11.3,sst
133664,0.4,1,11.3,oa
133416,0,1,11.3,sst
133416,0,1,11.3,oa
133393,NA,1,11.3,sst
133393,NA,1,11.3,oa
133593,0.2,1,11.3,sst
133593,0.2,1,11.3,oa
133685,0.2,1,11.3,sst
133685,0.2,1,11.3,oa
132898,0.4,1,11.3,sst
132898,0.4,1,11.3,oa
133338,0.4,1,11.3,sst
133338,0.4,1,11.3,oa
132994,0.2,1,11.3,sst
132994,0.2,1,11.3,oa
133543,0,1,11.3,sst
133543,0,1,11.3,oa
133686,0,1,11.3,sst
133686,0,1,11.3,oa
133227,0.2,1,11.3,sst
133227,0.2,1,11.3,oa
133011,0.4,1,11.3,sst
133011,0.4,1,11.3,oa
133413,0.2,1,11.3,sst
133413,0.2,1,11.3,oa
133510,0.2,1,11.3,sst
133510,0.2,1,11.3,oa
133258,0.2,1,11.3,sst
133258,0.2,1,11.3,oa
132883,0,1,11.3,sst
132883,0,1,11.3,oa
133368,0.4,1,11.3,sst
133368,0.4,1,11.3,oa
133287,0.4,1,11.3,sst
133287,0.4,1,11.3,oa
133436,NA,1,11.3,sst
133436,NA,1,11.3,oa
133515,0.4,1,11.3,sst
133515,0.4,1,11.3,oa
133550,0.2,1,11.3,sst
133550,0.2,1,11.3,oa
133486,0.4,1,11.3,sst
133486,0.4,1,11.3,oa
132977,0.4,1,11.3,sst
132977,0.4,1,11.3,oa
133165,0.4,1,11.3,sst
133165,0.4,1,11.3,oa
133649,0,1,11.3,sst
133649,0,1,11.3,oa
133427,0.4,1,11.3,sst
133427,0.4,1,11.3,oa
133029,0,1,11.3,sst
133029,0,1,11.3,oa
133412,0,1,11.3,sst
133412,0,1,11.3,oa
133101,0.2,1,11.3,sst
133101,0.2,1,11.3,oa
133016,0,1,11.3,sst
133016,0,1,11.3,oa
133301,0.6,1,11.3,sst
133301,0.6,1,11.3,oa
133155,0,1,11.3,sst
133155,0,1,11.3,oa
133490,0.2,1,11.3,sst
133490,0.2,1,11.3,oa
133108,0.6,1,11.3,sst
133108,0.6,1,11.3,oa
133281,0,1,11.3,sst
133281,0,1,11.3,oa
132918,0.2,1,11.3,sst
132918,0.2,1,11.3,oa
133398,0,1,11.3,sst
133398,0,1,11.3,oa
133361,0.6,1,11.3,sst
133361,0.6,1,11.3,oa
133221,NA,1,11.3,sst
133221,NA,1,11.3,oa
133200,0.2,1,11.3,sst
133200,0.2,1,11.3,oa
133122,NA,1,11.3,sst
133122,NA,1,11.3,oa
133391,0.4,1,11.3,sst
133391,0.4,1,11.3,oa
132872,0.2,1,11.3,sst
132872,0.2,1,11.3,oa
133406,0,1,11.3,sst
133406,0,1,11.3,oa
133639,0.2,1,11.3,sst
133639,0.2,1,11.3,oa
133172,0,1,11.3,sst
133172,0,1,11.3,oa
133403,0.4,1,11.3,sst
133403,0.4,1,11.3,oa
133170,0.6,1,11.3,sst
133170,0.6,1,11.3,oa
133694,0.2,1,11.3,sst
133694,0.2,1,11.3,oa
132866,0.4,1,11.3,sst
132866,0.4,1,11.3,oa
132954,0,1,11.3,sst
132954,0,1,11.3,oa
133605,NA,1,11.3,sst
133605,NA,1,11.3,oa
133581,0.4,1,11.3,sst
133581,0.4,1,11.3,oa
133136,0.2,1,11.3,sst
133136,0.2,1,11.3,oa
133693,0,1,11.3,sst
133693,0,1,11.3,oa
133362,NA,1,11.3,sst
133362,NA,1,11.3,oa
133267,0,1,11.3,sst
133267,0,1,11.3,oa
132914,NA,1,11.3,sst
132914,NA,1,11.3,oa
133160,0.2,1,11.3,sst
133160,0.2,1,11.3,oa
133544,NA,1,11.3,sst
133544,NA,1,11.3,oa
133606,0,1,11.3,sst
133606,0,1,11.3,oa
132878,0.2,1,11.3,sst
132878,0.2,1,11.3,oa
132911,0,1,11.3,sst
132911,0,1,11.3,oa
133004,NA,1,11.3,sst
133004,NA,1,11.3,oa
133254,0.6,1,11.3,sst
133254,0.6,1,11.3,oa
133689,0.4,1,11.3,sst
133689,0.4,1,11.3,oa
132863,NA,1,11.3,sst
132863,NA,1,11.3,oa
133459,0.2,1,11.3,sst
133459,0.2,1,11.3,oa
133635,0.2,1,11.3,sst
133635,0.2,1,11.3,oa
133661,0.4,1,11.3,sst
133661,0.4,1,11.3,oa
132926,NA,1,11.3,sst
132926,NA,1,11.3,oa
132884,0,1,11.3,sst
132884,0,1,11.3,oa
132875,0,1,11.3,sst
132875,0,1,11.3,oa
132895,0,1,11.3,sst
132895,0,1,11.3,oa
133627,0.2,1,11.3,sst
133627,0.2,1,11.3,oa
133565,0.4,1,11.3,sst
133565,0.4,1,11.3,oa
133532,0.4,1,11.3,sst
133532,0.4,1,11.3,oa
133346,NA,1,11.3,sst
133346,NA,1,11.3,oa
133151,0.2,1,11.3,sst
133151,0.2,1,11.3,oa
133174,0.4,1,11.3,sst
133174,0.4,1,11.3,oa
132871,0.2,1,11.3,sst
132871,0.2,1,11.3,oa
132992,0.2,1,11.3,sst
132992,0.2,1,11.3,oa
133009,0.2,1,11.3,sst
133009,0.2,1,11.3,oa
133062,0,1,11.3,sst
133062,0,1,11.3,oa
133691,NA,1,11.3,sst
133691,NA,1,11.3,oa
133152,0.2,1,11.3,sst
133152,0.2,1,11.3,oa
133697,0.4,1,11.3,sst
133697,0.4,1,11.3,oa
133088,0,1,11.3,sst
133088,0,1,11.3,oa
133100,NA,1,11.3,sst
133100,NA,1,11.3,oa
132921,0.2,1,11.3,sst
132921,0.2,1,11.3,oa
133055,0.2,1,11.3,sst
133055,0.2,1,11.3,oa
133667,0,1,11.3,sst
133667,0,1,11.3,oa
133688,0.4,1,11.3,sst
133688,0.4,1,11.3,oa
133085,0,1,11.3,sst
133085,0,1,11.3,oa
133569,0,1,11.3,sst
133569,0,1,11.3,oa
133236,0.2,1,11.3,sst
133236,0.2,1,11.3,oa
133193,0.4,1,11.3,sst
133193,0.4,1,11.3,oa
133310,0.4,1,11.3,sst
133310,0.4,1,11.3,oa
133186,0,1,11.3,sst
133186,0,1,11.3,oa
133264,NA,1,11.3,sst
133264,NA,1,11.3,oa
133252,0,1,11.3,sst
133252,0,1,11.3,oa
133529,0.4,1,11.3,sst
133529,0.4,1,11.3,oa
133456,0.4,1,11.3,sst
133456,0.4,1,11.3,oa
133251,0.2,1,11.3,sst
133251,0.2,1,11.3,oa
133502,0,1,11.3,sst
133502,0,1,11.3,oa
133048,0,1,11.3,sst
133048,0,1,11.3,oa
132963,0,1,11.3,sst
132963,0,1,11.3,oa
133050,NA,1,11.3,sst
133050,NA,1,11.3,oa
133303,0.2,1,11.3,sst
133303,0.2,1,11.3,oa
133377,0,1,11.3,sst
133377,0,1,11.3,oa
133556,0,1,11.3,sst
133556,0,1,11.3,oa
132865,0.4,1,11.3,sst
132865,0.4,1,11.3,oa
133291,0.4,1,11.3,sst
133291,0.4,1,11.3,oa
133118,0.4,1,11.3,sst
133118,0.4,1,11.3,oa
133624,0.4,1,11.3,sst
133624,0.4,1,11.3,oa
133047,0,1,11.3,sst
133047,0,1,11.3,oa
133358,0.4,1,11.3,sst
133358,0.4,1,11.3,oa
133562,NA,1,11.3,sst
133562,NA,1,11.3,oa
132970,0.4,1,11.3,sst
132970,0.4,1,11.3,oa
133120,0,1,11.3,sst
133120,0,1,11.3,oa
133337,0,1,11.3,sst
133337,0,1,11.3,oa
133280,NA,1,11.3,sst
133280,NA,1,11.3,oa
133177,0.4,1,11.3,sst
133177,0.4,1,11.3,oa
132882,NA,1,11.3,sst
132882,NA,1,11.3,oa
133642,0.4,1,11.3,sst
133642,0.4,1,11.3,oa
133521,0,1,11.3,sst
133521,0,1,11.3,oa
133072,NA,1,11.3,sst
133072,NA,1,11.3,oa
133117,0.4,1,11.3,sst
133117,0.4,1,11.3,oa
133548,0,1,11.3,sst
133548,0,1,11.3,oa
133190,0.4,1,11.3,sst
133190,0.4,1,11.3,oa
133007,0.4,1,11.3,sst
133007,0.4,1,11.3,oa
133163,0,1,11.3,sst
133163,0,1,11.3,oa
133433,0.4,1,11.3,sst
133433,0.4,1,11.3,oa
133651,0.2,1,11.3,sst
133651,0.2,1,11.3,oa
133619,0.4,1,11.3,sst
133619,0.4,1,11.3,oa
133422,0.4,1,11.3,sst
133422,0.4,1,11.3,oa
133321,0.4,1,11.3,sst
133321,0.4,1,11.3,oa
133380,0,1,11.3,sst
133380,0,1,11.3,oa
133580,0.2,1,11.3,sst
133580,0.2,1,11.3,oa
133113,0.4,1,11.3,sst
133113,0.4,1,11.3,oa
132979,0.2,1,11.3,sst
132979,0.2,1,11.3,oa
133620,0.4,1,11.3,sst
133620,0.4,1,11.3,oa
132899,0.4,1,11.3,sst
132899,0.4,1,11.3,oa
133196,0.2,1,11.3,sst
133196,0.2,1,11.3,oa
133075,0.2,1,11.3,sst
133075,0.2,1,11.3,oa
133145,0.4,1,11.3,sst
133145,0.4,1,11.3,oa
133002,0.2,1,11.3,sst
133002,0.2,1,11.3,oa
133304,0,1,11.3,sst
133304,0,1,11.3,oa
133298,0,1,11.3,sst
133298,0,1,11.3,oa
132877,0,1,11.3,sst
132877,0,1,11.3,oa
132951,NA,1,11.3,sst
132951,NA,1,11.3,oa
133507,NA,1,11.3,sst
133507,NA,1,11.3,oa
133239,0.2,1,11.3,sst
133239,0.2,1,11.3,oa
133568,0.4,1,11.3,sst
133568,0.4,1,11.3,oa
133331,0.6,1,11.3,sst
133331,0.6,1,11.3,oa
133322,0.4,1,11.3,sst
133322,0.4,1,11.3,oa
133614,0,1,11.3,sst
133614,0,1,11.3,oa
133343,0.2,1,11.3,sst
133343,0.2,1,11.3,oa
133010,0,1,11.3,sst
133010,0,1,11.3,oa
133275,NA,1,11.3,sst
133275,NA,1,11.3,oa
133430,0,1,11.3,sst
133430,0,1,11.3,oa
133388,0,1,11.3,sst
133388,0,1,11.3,oa
133534,0,1,11.3,sst
133534,0,1,11.3,oa
132960,0,1,11.3,sst
132960,0,1,11.3,oa
133493,0.2,1,11.3,sst
133493,0.2,1,11.3,oa
132975,0,1,11.3,sst
132975,0,1,11.3,oa
132915,NA,1,11.3,sst
132915,NA,1,11.3,oa
133324,0,1,11.3,sst
133324,0,1,11.3,oa
133302,0,1,11.3,sst
133302,0,1,11.3,oa
133451,0,1,11.3,sst
133451,0,1,11.3,oa
132931,0.4,1,11.3,sst
132931,0.4,1,11.3,oa
133008,0,1,11.3,sst
133008,0,1,11.3,oa
133017,NA,1,11.3,sst
133017,NA,1,11.3,oa
133701,0.6,1,11.3,sst
133701,0.6,1,11.3,oa
133201,0,1,11.3,sst
133201,0,1,11.3,oa
133675,0,1,11.3,sst
133675,0,1,11.3,oa
133082,0,1,11.3,sst
133082,0,1,11.3,oa
133672,NA,1,11.3,sst
133672,NA,1,11.3,oa
133367,0.2,1,11.3,sst
133367,0.2,1,11.3,oa
132889,0,1,11.3,sst
132889,0,1,11.3,oa
133574,0.8,1,11.3,sst
133574,0.8,1,11.3,oa
133307,0.2,1,11.3,sst
133307,0.2,1,11.3,oa
133474,0,1,11.3,sst
133474,0,1,11.3,oa
133013,0,1,11.3,sst
133013,0,1,11.3,oa
133195,0.2,1,11.3,sst
133195,0.2,1,11.3,oa
133690,0,1,11.3,sst
133690,0,1,11.3,oa
133409,0.4,1,11.3,sst
133409,0.4,1,11.3,oa
133622,0.2,1,11.3,sst
133622,0.2,1,11.3,oa
132953,0,1,11.3,sst
132953,0,1,11.3,oa
133031,0.2,1,11.3,sst
133031,0.2,1,11.3,oa
133537,0,1,11.3,sst
133537,0,1,11.3,oa
133102,0.4,1,11.3,sst
133102,0.4,1,11.3,oa
132907,0.2,1,11.3,sst
132907,0.2,1,11.3,oa
133191,0.2,1,11.3,sst
133191,0.2,1,11.3,oa
133123,0.4,1,11.3,sst
133123,0.4,1,11.3,oa
133555,0.2,1,11.3,sst
133555,0.2,1,11.3,oa
133696,0.4,1,11.3,sst
133696,0.4,1,11.3,oa
132985,0.2,1,11.3,sst
132985,0.2,1,11.3,oa
133440,0,1,11.3,sst
133440,0,1,11.3,oa
132912,NA,1,11.3,sst
132912,NA,1,11.3,oa
133215,0,1,11.3,sst
133215,0,1,11.3,oa
133336,NA,1,11.3,sst
133336,NA,1,11.3,oa
133142,0.6,3,11.3,sst
133142,0.6,3,11.3,oa
133059,0.2,1,11.3,sst
133059,0.2,1,11.3,oa
133429,0.2,1,11.3,sst
133429,0.2,1,11.3,oa
133314,0,1,11.3,sst
133314,0,1,11.3,oa
133518,NA,1,11.3,sst
133518,NA,1,11.3,oa
133411,0.4,1,11.3,sst
133411,0.4,1,11.3,oa
133499,0.4,1,11.3,sst
133499,0.4,1,11.3,oa
133485,0,1,11.3,sst
133485,0,1,11.3,oa
133576,0,1,11.3,sst
133576,0,1,11.3,oa
133603,0.2,1,11.3,sst
133603,0.2,1,11.3,oa
132896,0.4,1,11.3,sst
132896,0.4,1,11.3,oa
133092,0.4,1,11.3,sst
133092,0.4,1,11.3,oa
133695,0.4,1,11.3,sst
133695,0.4,1,11.3,oa
133434,0.4,1,11.3,sst
133434,0.4,1,11.3,oa
133475,NA,1,11.3,sst
133475,NA,1,11.3,oa
133206,0.6,1,11.3,sst
133206,0.6,1,11.3,oa
132934,NA,1,11.3,sst
132934,NA,1,11.3,oa
133135,0,1,11.3,sst
133135,0,1,11.3,oa
133312,NA,1,11.3,sst
133312,NA,1,11.3,oa
133579,NA,1,11.3,sst
133579,NA,1,11.3,oa
133037,NA,1,11.3,sst
133037,NA,1,11.3,oa
132984,0.4,1,11.3,sst
132984,0.4,1,11.3,oa
133364,NA,1,11.3,sst
133364,NA,1,11.3,oa
133591,0,1,11.3,sst
133591,0,1,11.3,oa
133139,0.2,1,11.3,sst
133139,0.2,1,11.3,oa
133018,NA,1,11.3,sst
133018,NA,1,11.3,oa
132916,0,1,11.3,sst
132916,0,1,11.3,oa
133559,0,1,11.3,sst
133559,0,1,11.3,oa
132945,NA,1,11.3,sst
132945,NA,1,11.3,oa
133425,0,1,11.3,sst
133425,0,1,11.3,oa
133283,0.4,1,11.3,sst
133283,0.4,1,11.3,oa
132955,0,1,11.3,sst
132955,0,1,11.3,oa
133609,0,1,11.3,sst
133609,0,1,11.3,oa
133512,0.4,1,11.3,sst
133512,0.4,1,11.3,oa
133604,0.2,1,11.3,sst
133604,0.2,1,11.3,oa
133598,NA,1,11.3,sst
133598,NA,1,11.3,oa
133198,0,1,11.3,sst
133198,0,1,11.3,oa
133111,0.2,1,11.3,sst
133111,0.2,1,11.3,oa
133491,0,1,11.3,sst
133491,0,1,11.3,oa
133621,0,1,11.3,sst
133621,0,1,11.3,oa
133653,NA,1,11.3,sst
133653,NA,1,11.3,oa
133000,NA,1,11.3,sst
133000,NA,1,11.3,oa
133699,NA,1,11.3,sst
133699,NA,1,11.3,oa
132870,0.4,1,11.3,sst
132870,0.4,1,11.3,oa
133288,0,1,11.3,sst
133288,0,1,11.3,oa
132893,0.2,1,11.3,sst
132893,0.2,1,11.3,oa
133104,NA,1,11.3,sst
133104,NA,1,11.3,oa
133293,0,1,11.3,sst
133293,0,1,11.3,oa
133341,0,1,11.3,sst
133341,0,1,11.3,oa
133249,0,1,11.3,sst
133249,0,1,11.3,oa
133234,0,1,11.3,sst
133234,0,1,11.3,oa
133149,0,1,11.3,sst
133149,0,1,11.3,oa
133585,0.2,1,11.3,sst
133585,0.2,1,11.3,oa
133670,0.2,1,11.3,sst
133670,0.2,1,11.3,oa
133386,0.2,1,11.3,sst
133386,0.2,1,11.3,oa
133325,0,1,11.3,sst
133325,0,1,11.3,oa
133684,0.4,1,11.3,sst
133684,0.4,1,11.3,oa
132937,0,1,11.3,sst
132937,0,1,11.3,oa
133218,0,1,11.3,sst
133218,0,1,11.3,oa
133573,0.2,1,11.3,sst
133573,0.2,1,11.3,oa
133597,0,1,11.3,sst
133597,0,1,11.3,oa
133306,0.2,1,11.3,sst
133306,0.2,1,11.3,oa
133469,0,1,11.3,sst
133469,0,1,11.3,oa
133626,NA,1,11.3,sst
133626,NA,1,11.3,oa
133676,0.2,1,11.3,sst
133676,0.2,1,11.3,oa
133546,0,1,11.3,sst
133546,0,1,11.3,oa
133084,0,1,11.3,sst
133084,0,1,11.3,oa
133103,NA,1,11.3,sst
133103,NA,1,11.3,oa
133432,0.4,1,11.3,sst
133432,0.4,1,11.3,oa
132913,0.6,1,11.3,sst
132913,0.6,1,11.3,oa
133203,0.4,1,11.3,sst
133203,0.4,1,11.3,oa
133161,0,1,11.3,sst
133161,0,1,11.3,oa
133253,0.2,1,11.3,sst
133253,0.2,1,11.3,oa
133014,0.4,1,11.3,sst
133014,0.4,1,11.3,oa
133645,0.2,1,11.3,sst
133645,0.2,1,11.3,oa
133187,0,1,11.3,sst
133187,0,1,11.3,oa
133514,NA,1,11.3,sst
133514,NA,1,11.3,oa
132995,0.4,1,11.3,sst
132995,0.4,1,11.3,oa
133095,0,1,11.3,sst
133095,0,1,11.3,oa
132981,0.4,1,11.3,sst
132981,0.4,1,11.3,oa
132923,0,1,11.3,sst
132923,0,1,11.3,oa
133363,NA,1,11.3,sst
133363,NA,1,11.3,oa
133171,0,1,11.3,sst
133171,0,1,11.3,oa
133506,0.4,1,11.3,sst
133506,0.4,1,11.3,oa
133540,0.4,1,11.3,sst
133540,0.4,1,11.3,oa
133220,0.4,1,11.3,sst
133220,0.4,1,11.3,oa
133299,0,1,11.3,sst
133299,0,1,11.3,oa
133109,0.4,1,11.3,sst
133109,0.4,1,11.3,oa
133479,0.2,1,11.3,sst
133479,0.2,1,11.3,oa
133276,0.4,1,11.3,sst
133276,0.4,1,11.3,oa
133051,0,1,11.3,sst
133051,0,1,11.3,oa
133025,0.4,1,11.3,sst
133025,0.4,1,11.3,oa
132925,0,1,11.3,sst
132925,0,1,11.3,oa
133060,0.2,1,11.3,sst
133060,0.2,1,11.3,oa
133150,0.4,1,11.3,sst
133150,0.4,1,11.3,oa
133563,0.2,1,11.3,sst
133563,0.2,1,11.3,oa
133673,0,1,11.3,sst
133673,0,1,11.3,oa
133194,0,1,11.3,sst
133194,0,1,11.3,oa
133634,0,1,11.3,sst
133634,0,1,11.3,oa
133271,0,1,11.3,sst
133271,0,1,11.3,oa
133431,0,1,11.3,sst
133431,0,1,11.3,oa
133629,0.2,1,11.3,sst
133629,0.2,1,11.3,oa
133046,0.6,1,11.3,sst
133046,0.6,1,11.3,oa
133375,0.4,1,11.3,sst
133375,0.4,1,11.3,oa
133407,0.2,1,11.3,sst
133407,0.2,1,11.3,oa
132920,0.4,1,11.3,sst
132920,0.4,1,11.3,oa
133402,0,1,11.3,sst
133402,0,1,11.3,oa
133668,0.2,1,11.3,sst
133668,0.2,1,11.3,oa
133376,0.4,1,11.3,sst
133376,0.4,1,11.3,oa
133056,0,1,11.3,sst
133056,0,1,11.3,oa
133216,0.2,1,11.3,sst
133216,0.2,1,11.3,oa
133126,0.4,1,11.3,sst
133126,0.4,1,11.3,oa
133097,0.4,1,11.3,sst
133097,0.4,1,11.3,oa
133259,0,1,11.3,sst
133259,0,1,11.3,oa
133058,0,1,11.3,sst
133058,0,1,11.3,oa
133073,0,1,11.3,sst
133073,0,1,11.3,oa
133566,0,1,11.3,sst
133566,0,1,11.3,oa
132897,0.6,1,11.3,sst
132897,0.6,1,11.3,oa
133616,0.2,1,11.3,sst
133616,0.2,1,11.3,oa
133390,0,1,11.3,sst
133390,0,1,11.3,oa
132969,0.4,1,11.3,sst
132969,0.4,1,11.3,oa
133112,0.4,1,11.3,sst
133112,0.4,1,11.3,oa
132950,NA,1,11.3,sst
132950,NA,1,11.3,oa
133076,0,1,11.3,sst
133076,0,1,11.3,oa
133168,0,1,11.3,sst
133168,0,1,11.3,oa
133553,0,1,11.3,sst
133553,0,1,11.3,oa
132948,0.2,1,11.3,sst
132948,0.2,1,11.3,oa
133641,0,1,11.3,sst
133641,0,1,11.3,oa
133087,0,1,11.3,sst
133087,0,1,11.3,oa
133447,0.2,1,11.3,sst
133447,0.2,1,11.3,oa
132909,0.4,1,11.3,sst
132909,0.4,1,11.3,oa
133209,0,1,11.3,sst
133209,0,1,11.3,oa
132997,0.2,1,11.3,sst
132997,0.2,1,11.3,oa
133420,0,1,11.3,sst
133420,0,1,11.3,oa
133513,0.4,1,11.3,sst
133513,0.4,1,11.3,oa
133373,0.6,1,11.3,sst
133373,0.6,1,11.3,oa
133182,0.4,1,11.3,sst
133182,0.4,1,11.3,oa
132943,0.6,1,11.3,sst
132943,0.6,1,11.3,oa
133205,0.2,1,11.3,sst
133205,0.2,1,11.3,oa
133036,0.4,1,11.3,sst
133036,0.4,1,11.3,oa
132962,0,1,11.3,sst
132962,0,1,11.3,oa
132986,0,1,11.3,sst
132986,0,1,11.3,oa
133081,0.4,1,11.3,sst
133081,0.4,1,11.3,oa
133644,0.2,1,11.3,sst
133644,0.2,1,11.3,oa
133509,0.2,1,11.3,sst
133509,0.2,1,11.3,oa
133064,0.4,1,11.3,sst
133064,0.4,1,11.3,oa
133347,NA,1,11.3,sst
133347,NA,1,11.3,oa
133335,0.4,1,11.3,sst
133335,0.4,1,11.3,oa
133496,0.2,1,11.3,sst
133496,0.2,1,11.3,oa
132991,0.2,1,11.3,sst
132991,0.2,1,11.3,oa
133353,0.2,1,11.3,sst
133353,0.2,1,11.3,oa
132903,0,1,11.3,sst
132903,0,1,11.3,oa
133516,0,1,11.3,sst
133516,0,1,11.3,oa
133648,0,1,11.3,sst
133648,0,1,11.3,oa
133344,NA,1,11.3,sst
133344,NA,1,11.3,oa
133426,0,1,11.3,sst
133426,0,1,11.3,oa
133026,0,1,11.3,sst
133026,0,1,11.3,oa
133224,0,1,11.3,sst
133224,0,1,11.3,oa
133328,NA,1,11.3,sst
133328,NA,1,11.3,oa
132868,0.2,1,11.3,sst
132868,0.2,1,11.3,oa
133245,0,1,11.3,sst
133245,0,1,11.3,oa
133148,0,1,11.3,sst
133148,0,1,11.3,oa
132891,0,1,11.3,sst
132891,0,1,11.3,oa
133423,0,1,11.3,sst
133423,0,1,11.3,oa
132929,0.2,1,11.3,sst
132929,0.2,1,11.3,oa
133329,0.2,1,11.3,sst
133329,0.2,1,11.3,oa
133389,0,1,11.3,sst
133389,0,1,11.3,oa
133683,0.6,1,11.3,sst
133683,0.6,1,11.3,oa
133449,NA,1,11.3,sst
133449,NA,1,11.3,oa
133583,0.4,1,11.3,sst
133583,0.4,1,11.3,oa
132890,0.4,1,11.3,sst
132890,0.4,1,11.3,oa
133595,0,1,11.3,sst
133595,0,1,11.3,oa
133350,NA,1,11.3,sst
133350,NA,1,11.3,oa
133381,0.8,1,11.3,sst
133381,0.8,1,11.3,oa
133188,0,1,11.3,sst
133188,0,1,11.3,oa
133419,0,1,11.3,sst
133419,0,1,11.3,oa
133256,0.2,1,11.3,sst
133256,0.2,1,11.3,oa
132919,NA,1,11.3,sst
132919,NA,1,11.3,oa
133395,0,1,11.3,sst
133395,0,1,11.3,oa
133326,0.4,1,11.3,sst
133326,0.4,1,11.3,oa
133446,0,1,11.3,sst
133446,0,1,11.3,oa
132904,0.2,1,11.3,sst
132904,0.2,1,11.3,oa
133503,0.2,1,11.3,sst
133503,0.2,1,11.3,oa
133023,0,1,11.3,sst
133023,0,1,11.3,oa
133632,NA,1,11.3,sst
133632,NA,1,11.3,oa
133166,0,1,11.3,sst
133166,0,1,11.3,oa
133286,NA,1,11.3,sst
133286,NA,1,11.3,oa
133549,0,1,11.3,sst
133549,0,1,11.3,oa
133323,0,1,11.3,sst
133323,0,1,11.3,oa
133702,0,1,11.3,sst
133702,0,1,11.3,oa
133319,0.4,1,11.3,sst
133319,0.4,1,11.3,oa
133130,NA,1,11.3,sst
133130,NA,1,11.3,oa
133476,NA,1,11.3,sst
133476,NA,1,11.3,oa
133646,0,1,11.3,sst
133646,0,1,11.3,oa
133237,0,1,11.3,sst
133237,0,1,11.3,oa
133483,NA,1,11.3,sst
133483,NA,1,11.3,oa
132932,0.4,1,11.3,sst
132932,0.4,1,11.3,oa
133678,NA,1,11.3,sst
133678,NA,1,11.3,oa
133210,0,1,11.3,sst
133210,0,1,11.3,oa
133231,0.2,1,11.3,sst
133231,0.2,1,11.3,oa
133663,0,1,11.3,sst
133663,0,1,11.3,oa
133349,0,1,11.3,sst
133349,0,1,11.3,oa
133480,NA,1,11.3,sst
133480,NA,1,11.3,oa
133078,0.2,1,11.3,sst
133078,0.2,1,11.3,oa
133285,0.2,1,11.3,sst
133285,0.2,1,11.3,oa
132978,0.2,1,11.3,sst
132978,0.2,1,11.3,oa
133592,NA,1,11.3,sst
133592,NA,1,11.3,oa
133038,0.4,1,11.3,sst
133038,0.4,1,11.3,oa
133294,0.4,1,11.3,sst
133294,0.4,1,11.3,oa
133584,0,1,11.3,sst
133584,0,1,11.3,oa
132910,0.2,1,11.3,sst
132910,0.2,1,11.3,oa
133157,0.2,1,11.3,sst
133157,0.2,1,11.3,oa
133070,0.2,1,11.3,sst
133070,0.2,1,11.3,oa
133003,0.2,1,11.3,sst
133003,0.2,1,11.3,oa
133262,0.2,1,11.3,sst
133262,0.2,1,11.3,oa
132999,NA,1,11.3,sst
132999,NA,1,11.3,oa
133255,0,1,11.3,sst
133255,0,1,11.3,oa
133526,0.4,1,11.3,sst
133526,0.4,1,11.3,oa
133069,0.4,1,11.3,sst
133069,0.4,1,11.3,oa
133471,0,1,11.3,sst
133471,0,1,11.3,oa
132956,0.4,1,11.3,sst
132956,0.4,1,11.3,oa
132860,0.4,1,11.3,sst
132860,0.4,1,11.3,oa
133105,0.2,1,11.3,sst
133105,0.2,1,11.3,oa
133536,0,1,11.3,sst
133536,0,1,11.3,oa
133348,0,1,11.3,sst
133348,0,1,11.3,oa
133369,0.4,1,11.3,sst
133369,0.4,1,11.3,oa
133266,0,1,11.3,sst
133266,0,1,11.3,oa
133192,0,1,11.3,sst
133192,0,1,11.3,oa
133030,NA,1,11.3,sst
133030,NA,1,11.3,oa
133545,0.2,1,11.3,sst
133545,0.2,1,11.3,oa
133637,0.4,1,11.3,sst
133637,0.4,1,11.3,oa
133519,0,1,11.3,sst
133519,0,1,11.3,oa
133615,0,1,11.3,sst
133615,0,1,11.3,oa
133613,0,1,11.3,sst
133613,0,1,11.3,oa
132965,NA,1,11.3,sst
132965,NA,1,11.3,oa
132938,NA,1,11.3,sst
132938,NA,1,11.3,oa
133450,0.4,1,11.3,sst
133450,0.4,1,11.3,oa
133463,0.4,1,11.3,sst
133463,0.4,1,11.3,oa
133330,0,1,11.3,sst
133330,0,1,11.3,oa
132972,0.4,1,11.3,sst
132972,0.4,1,11.3,oa
133356,0.4,1,11.3,sst
133356,0.4,1,11.3,oa
133098,0,1,11.3,sst
133098,0,1,11.3,oa
133525,0,1,11.3,sst
133525,0,1,11.3,oa
133666,0.2,1,11.3,sst
133666,0.2,1,11.3,oa
133659,0,1,11.3,sst
133659,0,1,11.3,oa
133539,0.4,1,11.3,sst
133539,0.4,1,11.3,oa
133269,0.4,1,11.3,sst
133269,0.4,1,11.3,oa
133228,0.4,1,11.3,sst
133228,0.4,1,11.3,oa
133669,0,1,11.3,sst
133669,0,1,11.3,oa
132886,NA,1,11.3,sst
132886,NA,1,11.3,oa
132988,0,1,11.3,sst
132988,0,1,11.3,oa
133660,0.4,1,11.3,sst
133660,0.4,1,11.3,oa
133110,0,1,11.3,sst
133110,0,1,11.3,oa
133308,0,1,11.3,sst
133308,0,1,11.3,oa
133438,0.2,1,11.3,sst
133438,0.2,1,11.3,oa
133176,0,1,11.3,sst
133176,0,1,11.3,oa
132902,NA,1,11.3,sst
132902,NA,1,11.3,oa
133454,NA,1,11.3,sst
133454,NA,1,11.3,oa
133132,0.4,1,11.3,sst
133132,0.4,1,11.3,oa
133354,0.4,1,11.3,sst
133354,0.4,1,11.3,oa
133692,0.6,1,11.3,sst
133692,0.6,1,11.3,oa
133408,0,1,11.3,sst
133408,0,1,11.3,oa
132876,0,1,11.3,sst
132876,0,1,11.3,oa
133143,0,1,11.3,sst
133143,0,1,11.3,oa
133006,0.8,1,11.3,sst
133006,0.8,1,11.3,oa
133531,0.4,1,11.3,sst
133531,0.4,1,11.3,oa
133520,0,1,11.3,sst
133520,0,1,11.3,oa
133316,0,1,11.3,sst
133316,0,1,11.3,oa
133225,0.2,1,11.3,sst
133225,0.2,1,11.3,oa
133444,NA,1,11.3,sst
133444,NA,1,11.3,oa
133640,0,1,11.3,sst
133640,0,1,11.3,oa
133650,0.2,1,11.3,sst
133650,0.2,1,11.3,oa
133318,NA,1,11.3,sst
133318,NA,1,11.3,oa
133260,0.2,1,11.3,sst
133260,0.2,1,11.3,oa
133005,NA,1,11.3,sst
133005,NA,1,11.3,oa
133457,0,1,11.3,sst
133457,0,1,11.3,oa
133232,0,1,11.3,sst
133232,0,1,11.3,oa
133655,NA,1,11.3,sst
133655,NA,1,11.3,oa
133141,NA,1,11.3,sst
133141,NA,1,11.3,oa
133487,NA,1,11.3,sst
133487,NA,1,11.3,oa
133538,0,1,11.3,sst
133538,0,1,11.3,oa
133021,0,1,11.3,sst
133021,0,1,11.3,oa
133572,0.2,1,11.3,sst
133572,0.2,1,11.3,oa
133015,0,1,11.3,sst
133015,0,1,11.3,oa
133458,0.2,1,11.3,sst
133458,0.2,1,11.3,oa
133610,NA,1,11.3,sst
133610,NA,1,11.3,oa
133222,0,1,11.3,sst
133222,0,1,11.3,oa
133468,0,1,11.3,sst
133468,0,1,11.3,oa
133124,0.4,1,11.3,sst
133124,0.4,1,11.3,oa
133229,0.4,1,11.3,sst
133229,0.4,1,11.3,oa
133352,NA,1,11.3,sst
133352,NA,1,11.3,oa
133320,0.4,1,11.3,sst
133320,0.4,1,11.3,oa
133547,0,1,11.3,sst
133547,0,1,11.3,oa
133596,NA,1,11.3,sst
133596,NA,1,11.3,oa
132879,0.2,1,11.3,sst
132879,0.2,1,11.3,oa
133184,NA,1,11.3,sst
133184,NA,1,11.3,oa
133169,0,1,11.3,sst
133169,0,1,11.3,oa
133359,0.4,1,11.3,sst
133359,0.4,1,11.3,oa
133394,0.4,1,11.3,sst
133394,0.4,1,11.3,oa
133464,0.6,1,11.3,sst
133464,0.6,1,11.3,oa
133212,0,1,11.3,sst
133212,0,1,11.3,oa
133063,0,1,11.3,sst
133063,0,1,11.3,oa
133625,0,1,11.3,sst
133625,0,1,11.3,oa
132930,0.4,1,11.3,sst
132930,0.4,1,11.3,oa
133633,0.4,1,11.3,sst
133633,0.4,1,11.3,oa
133418,0,1,11.3,sst
133418,0,1,11.3,oa
132987,0,1,11.3,sst
132987,0,1,11.3,oa
132892,0.4,1,11.3,sst
132892,0.4,1,11.3,oa
133235,0.4,1,11.3,sst
133235,0.4,1,11.3,oa
133327,0.4,1,11.3,sst
133327,0.4,1,11.3,oa
133470,0.2,1,11.3,sst
133470,0.2,1,11.3,oa
132983,0.2,1,11.3,sst
132983,0.2,1,11.3,oa
133079,0.4,1,11.3,sst
133079,0.4,1,11.3,oa
132982,NA,1,11.3,sst
132982,NA,1,11.3,oa
133096,0,1,11.3,sst
133096,0,1,11.3,oa
133535,0,1,11.3,sst
133535,0,1,11.3,oa
133452,0,1,11.3,sst
133452,0,1,11.3,oa
133039,0,1,11.3,sst
133039,0,1,11.3,oa
133522,0,1,11.3,sst
133522,0,1,11.3,oa
133687,0.2,1,11.3,sst
133687,0.2,1,11.3,oa
133671,0.2,1,11.3,sst
133671,0.2,1,11.3,oa
133162,0.4,1,11.3,sst
133162,0.4,1,11.3,oa
133068,0,1,11.3,sst
133068,0,1,11.3,oa
133138,NA,1,11.3,sst
133138,NA,1,11.3,oa
133173,0.4,1,11.3,sst
133173,0.4,1,11.3,oa
133477,NA,1,11.3,sst
133477,NA,1,11.3,oa
132961,NA,1,11.3,sst
132961,NA,1,11.3,oa
133482,0.2,1,11.3,sst
133482,0.2,1,11.3,oa
133590,0,1,11.3,sst
133590,0,1,11.3,oa
133541,NA,1,11.3,sst
133541,NA,1,11.3,oa
133223,0.4,1,11.3,sst
133223,0.4,1,11.3,oa
133295,0,1,11.3,sst
133295,0,1,11.3,oa
133034,0,1,11.3,sst
133034,0,1,11.3,oa
132944,0.2,1,11.3,sst
132944,0.2,1,11.3,oa
133587,0,1,11.3,sst
133587,0,1,11.3,oa
133578,0.2,1,11.3,sst
133578,0.2,1,11.3,oa
133342,0.2,1,11.3,sst
133342,0.2,1,11.3,oa
132928,0.4,1,11.3,sst
132928,0.4,1,11.3,oa
133462,NA,1,11.3,sst
133462,NA,1,11.3,oa
132906,NA,1,11.3,sst
132906,NA,1,11.3,oa
133445,0.2,1,11.3,sst
133445,0.2,1,11.3,oa
133371,0,1,11.3,sst
133371,0,1,11.3,oa
133628,0.4,1,11.3,sst
133628,0.4,1,11.3,oa
133564,0,1,11.3,sst
133564,0,1,11.3,oa
133022,0.2,1,11.3,sst
133022,0.2,1,11.3,oa
133334,NA,1,11.3,sst
133334,NA,1,11.3,oa
133428,0,1,11.3,sst
133428,0,1,11.3,oa
133086,NA,1,11.3,sst
133086,NA,1,11.3,oa
133345,0,1,11.3,sst
133345,0,1,11.3,oa
133528,0,1,11.3,sst
133528,0,1,11.3,oa
132957,0.4,1,11.3,sst
132957,0.4,1,11.3,oa
133144,0,1,11.3,sst
133144,0,1,11.3,oa
133054,0,1,11.3,sst
133054,0,1,11.3,oa
133677,NA,1,11.3,sst
133677,NA,1,11.3,oa
133681,NA,1,11.3,sst
133681,NA,1,11.3,oa
133700,0,1,11.3,sst
133700,0,1,11.3,oa
133248,0,1,11.3,sst
133248,0,1,11.3,oa
133415,0.4,1,11.3,sst
133415,0.4,1,11.3,oa
133128,NA,1,11.3,sst
133128,NA,1,11.3,oa
133366,0.2,1,11.3,sst
133366,0.2,1,11.3,oa
133257,0,1,11.3,sst
133257,0,1,11.3,oa
132869,0.2,1,11.3,sst
132869,0.2,1,11.3,oa
133497,0.4,1,11.3,sst
133497,0.4,1,11.3,oa
133617,0.4,1,11.3,sst
133617,0.4,1,11.3,oa
133083,0.2,1,11.3,sst
133083,0.2,1,11.3,oa
132993,0,1,11.3,sst
132993,0,1,11.3,oa
133435,0.4,1,11.3,sst
133435,0.4,1,11.3,oa
132874,0,1,11.3,sst
132874,0,1,11.3,oa
133154,NA,1,11.3,sst
133154,NA,1,11.3,oa
133238,0,1,11.3,sst
133238,0,1,11.3,oa
133414,0,1,11.3,sst
133414,0,1,11.3,oa
133272,0.2,1,11.3,sst
133272,0.2,1,11.3,oa
132859,0,1,11.3,sst
132859,0,1,11.3,oa
133478,0.2,1,11.3,sst
133478,0.2,1,11.3,oa
133424,0.2,1,11.3,sst
133424,0.2,1,11.3,oa
133244,0.2,1,11.3,sst
133244,0.2,1,11.3,oa
133090,0,1,11.3,sst
133090,0,1,11.3,oa
132973,0.4,1,11.3,sst
132973,0.4,1,11.3,oa
133333,0.2,1,11.3,sst
133333,0.2,1,11.3,oa
133278,0,1,11.3,sst
133278,0,1,11.3,oa
133164,0.4,1,11.3,sst
133164,0.4,1,11.3,oa
133024,0,1,11.3,sst
133024,0,1,11.3,oa
132861,NA,1,11.3,sst
132861,NA,1,11.3,oa
133484,0.4,1,11.3,sst
133484,0.4,1,11.3,oa
133300,0.8,1,11.3,sst
133300,0.8,1,11.3,oa
133638,0.2,1,11.3,sst
133638,0.2,1,11.3,oa
133159,0.2,1,11.3,sst
133159,0.2,1,11.3,oa
133183,0,1,11.3,sst
133183,0,1,11.3,oa
133265,NA,1,11.3,sst
133265,NA,1,11.3,oa
133355,NA,1,11.3,sst
133355,NA,1,11.3,oa
133401,0.4,1,11.3,sst
133401,0.4,1,11.3,oa
133211,0.2,1,11.3,sst
133211,0.2,1,11.3,oa
132917,0,1,11.3,sst
132917,0,1,11.3,oa
132990,0.4,1,11.3,sst
132990,0.4,1,11.3,oa
133387,0.4,1,11.3,sst
133387,0.4,1,11.3,oa
133527,NA,1,11.3,sst
133527,NA,1,11.3,oa
133439,0.2,1,11.3,sst
133439,0.2,1,11.3,oa
133570,0,1,11.3,sst
133570,0,1,11.3,oa
133175,0.2,1,11.3,sst
133175,0.2,1,11.3,oa
133032,0.4,1,11.3,sst
133032,0.4,1,11.3,oa
133674,0,1,11.3,sst
133674,0,1,11.3,oa
133189,NA,1,11.3,sst
133189,NA,1,11.3,oa
133384,0.6,1,11.3,sst
133384,0.6,1,11.3,oa
133019,0.4,1,11.3,sst
133019,0.4,1,11.3,oa
133099,0.4,1,11.3,sst
133099,0.4,1,11.3,oa
133131,0.4,1,11.3,sst
133131,0.4,1,11.3,oa
132888,0.2,1,11.3,sst
132888,0.2,1,11.3,oa
133290,0.2,1,11.3,sst
133290,0.2,1,11.3,oa
133282,NA,1,11.3,sst
133282,NA,1,11.3,oa
133153,NA,1,11.3,sst
133153,NA,1,11.3,oa
133567,0.2,1,11.3,sst
133567,0.2,1,11.3,oa
133647,0.4,1,11.3,sst
133647,0.4,1,11.3,oa
133608,NA,1,11.3,sst
133608,NA,1,11.3,oa
132933,0.2,1,11.3,sst
132933,0.2,1,11.3,oa
133204,NA,1,11.3,sst
133204,NA,1,11.3,oa
132924,0.2,1,11.3,sst
132924,0.2,1,11.3,oa
133311,NA,1,11.3,sst
133311,NA,1,11.3,oa
133077,0,1,11.3,sst
133077,0,1,11.3,oa
133656,0.4,1,11.3,sst
133656,0.4,1,11.3,oa
133504,0,1,11.3,sst
133504,0,1,11.3,oa
133243,0.2,1,11.3,sst
133243,0.2,1,11.3,oa
133399,0.4,1,11.3,sst
133399,0.4,1,11.3,oa
132935,0.4,1,11.3,sst
132935,0.4,1,11.3,oa
132939,0,1,11.3,sst
132939,0,1,11.3,oa
133080,0.2,1,11.3,sst
133080,0.2,1,11.3,oa
133500,0.4,1,11.3,sst
133500,0.4,1,11.3,oa
133552,0.6,1,11.3,sst
133552,0.6,1,11.3,oa
133382,0,1,11.3,sst
133382,0,1,11.3,oa
133208,0.2,1,11.3,sst
133208,0.2,1,11.3,oa
133226,0.6,1,11.3,sst
133226,0.6,1,11.3,oa
133093,0.4,1,11.3,sst
133093,0.4,1,11.3,oa
133040,0.2,1,11.3,sst
133040,0.2,1,11.3,oa
133611,0,1,11.3,sst
133611,0,1,11.3,oa
132873,0.2,1,11.3,sst
132873,0.2,1,11.3,oa
133179,0,1,11.3,sst
133179,0,1,11.3,oa
133455,NA,1,11.3,sst
133455,NA,1,11.3,oa
133134,0.6,1,11.3,sst
133134,0.6,1,11.3,oa
133277,0,1,11.3,sst
133277,0,1,11.3,oa
133052,NA,1,11.3,sst
133052,NA,1,11.3,oa
133202,NA,1,11.3,sst
133202,NA,1,11.3,oa
133682,0,1,11.3,sst
133682,0,1,11.3,oa
132905,0.2,1,11.3,sst
132905,0.2,1,11.3,oa
133339,NA,1,11.3,sst
133339,NA,1,11.3,oa
132996,0.4,1,11.3,sst
132996,0.4,1,11.3,oa
133156,0.4,1,11.3,sst
133156,0.4,1,11.3,oa
133127,0,1,11.3,sst
133127,0,1,11.3,oa
133012,0.4,1,11.3,sst
133012,0.4,1,11.3,oa
133309,0.4,1,11.3,sst
133309,0.4,1,11.3,oa
133601,0.2,1,11.3,sst
133601,0.2,1,11.3,oa
133167,0,1,11.3,sst
133167,0,1,11.3,oa
132927,0.2,1,11.3,sst
132927,0.2,1,11.3,oa
133279,NA,1,11.3,sst
133279,NA,1,11.3,oa
132941,NA,1,11.3,sst
132941,NA,1,11.3,oa
133654,0.2,1,11.3,sst
133654,0.2,1,11.3,oa
132964,0.4,1,11.3,sst
132964,0.4,1,11.3,oa
133230,0,1,11.3,sst
133230,0,1,11.3,oa
133121,0.8,1,11.3,sst
133121,0.8,1,11.3,oa
132976,0.2,1,11.3,sst
132976,0.2,1,11.3,oa
133089,0,1,11.3,sst
133089,0,1,11.3,oa
133043,0.2,1,11.3,sst
133043,0.2,1,11.3,oa
133071,0.2,1,11.3,sst
133071,0.2,1,11.3,oa
133041,0.4,1,11.3,sst
133041,0.4,1,11.3,oa
133250,0.2,1,11.3,sst
133250,0.2,1,11.3,oa
133542,0.4,1,11.3,sst
133542,0.4,1,11.3,oa
133494,0.4,1,11.3,sst
133494,0.4,1,11.3,oa
133028,0.2,1,11.3,sst
133028,0.2,1,11.3,oa
133137,0,1,11.3,sst
133137,0,1,11.3,oa
133106,0.2,1,11.3,sst
133106,0.2,1,11.3,oa
132967,0.2,1,11.3,sst
132967,0.2,1,11.3,oa
133589,0,1,11.3,sst
133589,0,1,11.3,oa
133630,0.2,1,11.3,sst
133630,0.2,1,11.3,oa
133662,0.2,1,11.3,sst
133662,0.2,1,11.3,oa
133557,0.4,1,11.3,sst
133557,0.4,1,11.3,oa
133467,0.6,1,11.3,sst
133467,0.6,1,11.3,oa
133404,0.4,1,11.3,sst
133404,0.4,1,11.3,oa
132887,0,1,11.3,sst
132887,0,1,11.3,oa
133511,0,1,11.3,sst
133511,0,1,11.3,oa
132885,0,1,11.3,sst
132885,0,1,11.3,oa
133618,0,1,11.3,sst
133618,0,1,11.3,oa
133551,0,1,11.3,sst
133551,0,1,11.3,oa
133197,0,1,11.3,sst
133197,0,1,11.3,oa
133489,0.4,1,11.3,sst
133489,0.4,1,11.3,oa
133233,0.4,1,11.3,sst
133233,0.4,1,11.3,oa
133140,0,1,11.3,sst
133140,0,1,11.3,oa
133125,NA,1,11.3,sst
133125,NA,1,11.3,oa
133114,0.2,1,11.3,sst
133114,0.2,1,11.3,oa
132942,0.4,1,11.3,sst
132942,0.4,1,11.3,oa
133560,0.2,1,11.3,sst
133560,0.2,1,11.3,oa
133317,0,1,11.3,sst
133317,0,1,11.3,oa
133586,NA,1,11.3,sst
133586,NA,1,11.3,oa
132900,0,1,11.3,sst
132900,0,1,11.3,oa
133461,NA,1,11.3,sst
133461,NA,1,11.3,oa
132867,NA,1,11.3,sst
132867,NA,1,11.3,oa
133602,0.6,1,11.3,sst
133602,0.6,1,11.3,oa
133067,0.4,1,11.3,sst
133067,0.4,1,11.3,oa
133374,0.4,1,11.3,sst
133374,0.4,1,11.3,oa
133533,NA,1,11.3,sst
133533,NA,1,11.3,oa
132901,0.2,1,11.3,sst
132901,0.2,1,11.3,oa
133657,0,1,11.3,sst
133657,0,1,11.3,oa
133033,0,1,11.3,sst
133033,0,1,11.3,oa
133268,NA,1,11.3,sst
133268,NA,1,11.3,oa
133053,0,1,11.3,sst
133053,0,1,11.3,oa
133607,0.2,1,11.3,sst
133607,0.2,1,11.3,oa
132862,NA,1,11.3,sst
132862,NA,1,11.3,oa
132908,NA,1,11.3,sst
132908,NA,1,11.3,oa
133246,0,1,11.3,sst
133246,0,1,11.3,oa
133219,0.4,1,11.3,sst
133219,0.4,1,11.3,oa
133284,0,1,11.3,sst
133284,0,1,11.3,oa
133365,0,1,11.3,sst
133365,0,1,11.3,oa
133274,NA,1,11.3,sst
133274,NA,1,11.3,oa
133400,0,1,11.3,sst
133400,0,1,11.3,oa
133665,0.2,1,11.3,sst
133665,0.2,1,11.3,oa
132881,0,1,11.3,sst
132881,0,1,11.3,oa
133057,0.4,1,11.3,sst
133057,0.4,1,11.3,oa
133397,0,1,11.3,sst
133397,0,1,11.3,oa
133575,0,1,11.3,sst
133575,0,1,11.3,oa
133442,0,1,11.3,sst
133442,0,1,11.3,oa
133417,0,1,11.3,sst
133417,0,1,11.3,oa
133360,0.4,1,11.3,sst
133360,0.4,1,11.3,oa
132952,NA,1,11.3,sst
132952,NA,1,11.3,oa
133703,NA,1,11.3,sst
133703,NA,1,11.3,oa
133441,0.4,1,11.3,sst
133441,0.4,1,11.3,oa
133372,0.2,1,11.3,sst
133372,0.2,1,11.3,oa
133261,0.4,1,11.3,sst
133261,0.4,1,11.3,oa
133530,0,1,11.3,sst
133530,0,1,11.3,oa
133296,0.4,1,11.3,sst
133296,0.4,1,11.3,oa
132864,0,1,11.3,sst
132864,0,1,11.3,oa
133472,0.4,1,11.3,sst
133472,0.4,1,11.3,oa
132958,0,1,11.3,sst
132958,0,1,11.3,oa
132922,0,1,11.3,sst
132922,0,1,11.3,oa
133554,0.2,1,11.3,sst
133554,0.2,1,11.3,oa
133466,0.6,1,11.3,sst
133466,0.6,1,11.3,oa
133035,NA,1,11.3,sst
133035,NA,1,11.3,oa
133315,0.2,1,11.3,sst
133315,0.2,1,11.3,oa
133679,0,1,11.3,sst
133679,0,1,11.3,oa
133524,NA,1,11.3,sst
133524,NA,1,11.3,oa
133448,0.2,1,11.3,sst
133448,0.2,1,11.3,oa
133492,0,1,11.3,sst
133492,0,1,11.3,oa
133263,0.4,1,11.3,sst
133263,0.4,1,11.3,oa
133561,NA,1,11.3,sst
133561,NA,1,11.3,oa
133049,0,1,11.3,sst
133049,0,1,11.3,oa
133045,0,1,11.3,sst
133045,0,1,11.3,oa
133217,0,1,11.3,sst
133217,0,1,11.3,oa
133392,0.2,1,11.3,sst
133392,0.2,1,11.3,oa
132968,0.4,1,11.3,sst
132968,0.4,1,11.3,oa
133119,NA,1,11.3,sst
133119,NA,1,11.3,oa
133147,0.4,1,11.3,sst
133147,0.4,1,11.3,oa
133379,NA,1,11.3,sst
133379,NA,1,11.3,oa
133623,0.4,1,11.3,sst
133623,0.4,1,11.3,oa
45433088,0,1,11.1,sst
45433088,0,1,11.1,slr
45433088,0,1,11.1,oa
45433088,0,1,11.1,uv
61339,0.4,0,11.1,sst
61339,0.4,0,11.1,slr
61339,0.4,0,11.1,oa
61339,0.4,0,11.1,uv
44673,0.4,0,11.1,sst
44673,0.4,0,11.1,slr
44673,0.4,0,11.1,oa
44673,0.4,0,11.1,uv
132737,0,0,11.1,sst
132737,0,0,11.1,slr
132737,0,0,11.1,oa
132737,0,0,11.1,uv
64411,0.4,1,11.1,sst
64411,0.4,1,11.1,slr
64411,0.4,1,11.1,oa
64411,0.4,1,11.1,uv
195409,0.4,1,11.3,sst
195409,0.4,1,11.3,oa
132726,0,0,11.1,sst
132726,0,0,11.1,slr
132726,0,0,11.1,oa
132726,0,0,11.1,uv
132751,0,1,11.1,sst
132751,0,1,11.1,slr
132751,0,1,11.1,oa
132751,0,1,11.1,uv
7862,0.8,0,11.1,sst
7862,0.8,0,11.1,slr
7862,0.8,0,11.1,oa
7862,0.8,0,11.1,uv
132766,0,1,11.1,sst
132766,0,1,11.1,slr
132766,0,1,11.1,oa
132766,0,1,11.1,uv
132757,0,0,11.1,sst
132757,0,0,11.1,slr
132757,0,0,11.1,oa
132757,0,0,11.1,uv
132797,NA,0,11.1,sst
132797,NA,0,11.1,slr
132797,NA,0,11.1,oa
132797,NA,0,11.1,uv
14049,0.6,0,11.1,sst
14049,0.6,0,11.1,slr
14049,0.6,0,11.1,oa
14049,0.6,0,11.1,uv
14049,0.6,0,11.3,sst
14049,0.6,0,11.3,oa
132787,0,0,11.1,sst
132787,0,0,11.1,slr
132787,0,0,11.1,oa
132787,0,0,11.1,uv
132808,0,1,11.1,sst
132808,0,1,11.1,slr
132808,0,1,11.1,oa
132808,0,1,11.1,uv
39774,NA,1,11.1,sst
39774,NA,1,11.1,slr
39774,NA,1,11.1,oa
39774,NA,1,11.1,uv
44678,0.2,0,11.1,sst
44678,0.2,0,11.1,slr
44678,0.2,0,11.1,oa
44678,0.2,0,11.1,uv
132783,0,0,11.1,sst
132783,0,0,11.1,slr
132783,0,0,11.1,oa
132783,0,0,11.1,uv
132746,0,0,11.1,sst
132746,0,0,11.1,slr
132746,0,0,11.1,oa
132746,0,0,11.1,uv
132817,0,0,11.1,sst
132817,0,0,11.1,slr
132817,0,0,11.1,oa
132817,0,0,11.1,uv
132732,0,0,11.1,sst
132732,0,0,11.1,slr
132732,0,0,11.1,oa
132732,0,0,11.1,uv
132763,0,1,11.1,sst
132763,0,1,11.1,slr
132763,0,1,11.1,oa
132763,0,1,11.1,uv
132776,0,0,11.3,sst
132776,0,0,11.3,oa
132829,0,0,11.1,sst
132829,0,0,11.1,slr
132829,0,0,11.1,oa
132829,0,0,11.1,uv
170063,0,0,11.5,oa
170063,0,0,11.5,uv
184993,0,0,11.1,sst
184993,0,0,11.1,slr
184993,0,0,11.1,oa
184993,0,0,11.1,uv
184985,NA,0,11.1,sst
184985,NA,0,11.1,slr
184985,NA,0,11.1,oa
184985,NA,0,11.1,uv
185027,0,0,11.1,sst
185027,0,0,11.1,slr
185027,0,0,11.1,oa
185027,0,0,11.1,uv
185027,0,0,11.3,sst
185027,0,0,11.3,oa
185027,0,0,11.5,oa
185027,0,0,11.5,uv
185032,0,0,11.1,sst
185032,0,0,11.1,slr
185032,0,0,11.1,oa
185032,0,0,11.1,uv
185032,0,0,11.3,sst
185032,0,0,11.3,oa
185032,0,0,11.5,oa
185032,0,0,11.5,uv
178853,0.2,1,11.1,sst
178853,0.2,1,11.1,slr
178853,0.2,1,11.1,oa
178853,0.2,1,11.1,uv
178803,0,1,11.1,sst
178803,0,1,11.1,slr
178803,0,1,11.1,oa
178803,0,1,11.1,uv
178809,0.4,1,11.1,sst
178809,0.4,1,11.1,slr
178809,0.4,1,11.1,oa
178809,0.4,1,11.1,uv
178816,0.2,1,11.1,sst
178816,0.2,1,11.1,slr
178816,0.2,1,11.1,oa
178816,0.2,1,11.1,uv
178801,0.4,1,11.1,sst
178801,0.4,1,11.1,slr
178801,0.4,1,11.1,oa
178801,0.4,1,11.1,uv
178826,0,1,11.1,sst
178826,0,1,11.1,slr
178826,0,1,11.1,oa
178826,0,1,11.1,uv
178858,0.4,1,11.1,sst
178858,0.4,1,11.1,slr
178858,0.4,1,11.1,oa
178858,0.4,1,11.1,uv
178840,0,1,11.1,sst
178840,0,1,11.1,slr
178840,0,1,11.1,oa
178840,0,1,11.1,uv
178832,0,1,11.1,sst
178832,0,1,11.1,slr
178832,0,1,11.1,oa
178832,0,1,11.1,uv
178806,0,1,11.1,sst
178806,0,1,11.1,slr
178806,0,1,11.1,oa
178806,0,1,11.1,uv
178820,0,1,11.1,sst
178820,0,1,11.1,slr
178820,0,1,11.1,oa
178820,0,1,11.1,uv
178834,0.8,1,11.1,sst
178834,0.8,1,11.1,slr
178834,0.8,1,11.1,oa
178834,0.8,1,11.1,uv
178844,0.4,1,11.1,sst
178844,0.4,1,11.1,slr
178844,0.4,1,11.1,oa
178844,0.4,1,11.1,uv
178847,0.4,1,11.1,sst
178847,0.4,1,11.1,slr
178847,0.4,1,11.1,oa
178847,0.4,1,11.1,uv
178824,0,1,11.1,sst
178824,0,1,11.1,slr
178824,0,1,11.1,oa
178824,0,1,11.1,uv
178838,0,1,11.1,sst
178838,0,1,11.1,slr
178838,0,1,11.1,oa
178838,0,1,11.1,uv
178854,0,1,11.1,sst
178854,0,1,11.1,slr
178854,0,1,11.1,oa
178854,0,1,11.1,uv
178856,0.2,1,11.1,sst
178856,0.2,1,11.1,slr
178856,0.2,1,11.1,oa
178856,0.2,1,11.1,uv
178822,0,1,11.1,sst
178822,0,1,11.1,slr
178822,0,1,11.1,oa
178822,0,1,11.1,uv
178811,0,1,11.1,sst
178811,0,1,11.1,slr
178811,0,1,11.1,oa
178811,0,1,11.1,uv
178835,0.2,1,11.1,sst
178835,0.2,1,11.1,slr
178835,0.2,1,11.1,oa
178835,0.2,1,11.1,uv
178827,0,1,11.1,sst
178827,0,1,11.1,slr
178827,0,1,11.1,oa
178827,0,1,11.1,uv
178836,NA,1,11.1,sst
178836,NA,1,11.1,slr
178836,NA,1,11.1,oa
178836,NA,1,11.1,uv
178852,0,1,11.1,sst
178852,0,1,11.1,slr
178852,0,1,11.1,oa
178852,0,1,11.1,uv
178819,0,1,11.1,sst
178819,0,1,11.1,slr
178819,0,1,11.1,oa
178819,0,1,11.1,uv
178815,0.6,1,11.1,sst
178815,0.6,1,11.1,slr
178815,0.6,1,11.1,oa
178815,0.6,1,11.1,uv
178802,0,1,11.1,sst
178802,0,1,11.1,slr
178802,0,1,11.1,oa
178802,0,1,11.1,uv
31382,0,1,11.1,sst
31382,0,1,11.1,slr
31382,0,1,11.1,oa
31382,0,1,11.1,uv
178817,0,1,11.1,sst
178817,0,1,11.1,slr
178817,0,1,11.1,oa
178817,0,1,11.1,uv
178843,0,1,11.1,sst
178843,0,1,11.1,slr
178843,0,1,11.1,oa
178843,0,1,11.1,uv
178808,0.6,1,11.1,sst
178808,0.6,1,11.1,slr
178808,0.6,1,11.1,oa
178808,0.6,1,11.1,uv
178833,0.4,1,11.1,sst
178833,0.4,1,11.1,slr
178833,0.4,1,11.1,oa
178833,0.4,1,11.1,uv
178798,0,1,11.1,sst
178798,0,1,11.1,slr
178798,0,1,11.1,oa
178798,0,1,11.1,uv
178812,0,1,11.1,sst
178812,0,1,11.1,slr
178812,0,1,11.1,oa
178812,0,1,11.1,uv
178845,0,1,11.1,sst
178845,0,1,11.1,slr
178845,0,1,11.1,oa
178845,0,1,11.1,uv
178846,0,1,11.1,sst
178846,0,1,11.1,slr
178846,0,1,11.1,oa
178846,0,1,11.1,uv
178857,0,1,11.1,sst
178857,0,1,11.1,slr
178857,0,1,11.1,oa
178857,0,1,11.1,uv
178800,0,1,11.1,sst
178800,0,1,11.1,slr
178800,0,1,11.1,oa
178800,0,1,11.1,uv
178797,0,1,11.1,sst
178797,0,1,11.1,slr
178797,0,1,11.1,oa
178797,0,1,11.1,uv
178855,0,1,11.1,sst
178855,0,1,11.1,slr
178855,0,1,11.1,oa
178855,0,1,11.1,uv
178825,0,1,11.1,sst
178825,0,1,11.1,slr
178825,0,1,11.1,oa
178825,0,1,11.1,uv
178796,0,1,11.1,sst
178796,0,1,11.1,slr
178796,0,1,11.1,oa
178796,0,1,11.1,uv
178842,0,1,11.1,sst
178842,0,1,11.1,slr
178842,0,1,11.1,oa
178842,0,1,11.1,uv
178839,0.2,1,11.1,sst
178839,0.2,1,11.1,slr
178839,0.2,1,11.1,oa
178839,0.2,1,11.1,uv
178818,0,1,11.1,sst
178818,0,1,11.1,slr
178818,0,1,11.1,oa
178818,0,1,11.1,uv
178848,NA,1,11.1,sst
178848,NA,1,11.1,slr
178848,NA,1,11.1,oa
178848,NA,1,11.1,uv
178814,0.2,1,11.1,sst
178814,0.2,1,11.1,slr
178814,0.2,1,11.1,oa
178814,0.2,1,11.1,uv
34364,NA,1,11.1,sst
34364,NA,1,11.1,slr
34364,NA,1,11.1,oa
34364,NA,1,11.1,uv
178830,0,1,11.1,sst
178830,0,1,11.1,slr
178830,0,1,11.1,oa
178830,0,1,11.1,uv
178807,0.6,1,11.1,sst
178807,0.6,1,11.1,slr
178807,0.6,1,11.1,oa
178807,0.6,1,11.1,uv
178841,0,1,11.1,sst
178841,0,1,11.1,slr
178841,0,1,11.1,oa
178841,0,1,11.1,uv
178850,0,1,11.1,sst
178850,0,1,11.1,slr
178850,0,1,11.1,oa
178850,0,1,11.1,uv
178821,0,1,11.1,sst
178821,0,1,11.1,slr
178821,0,1,11.1,oa
178821,0,1,11.1,uv
178849,0,1,11.1,sst
178849,0,1,11.1,slr
178849,0,1,11.1,oa
178849,0,1,11.1,uv
178805,0,1,11.1,sst
178805,0,1,11.1,slr
178805,0,1,11.1,oa
178805,0,1,11.1,uv
178829,0,1,11.1,sst
178829,0,1,11.1,slr
178829,0,1,11.1,oa
178829,0,1,11.1,uv
178804,0,1,11.1,sst
178804,0,1,11.1,slr
178804,0,1,11.1,oa
178804,0,1,11.1,uv
178823,0,1,11.1,sst
178823,0,1,11.1,slr
178823,0,1,11.1,oa
178823,0,1,11.1,uv
178851,0,1,11.1,sst
178851,0,1,11.1,slr
178851,0,1,11.1,oa
178851,0,1,11.1,uv
178828,0,1,11.1,sst
178828,0,1,11.1,slr
178828,0,1,11.1,oa
178828,0,1,11.1,uv
178831,0.2,1,11.1,sst
178831,0.2,1,11.1,slr
178831,0.2,1,11.1,oa
178831,0.2,1,11.1,uv
178799,0.8,1,11.1,sst
178799,0.8,1,11.1,slr
178799,0.8,1,11.1,oa
178799,0.8,1,11.1,uv
33705,0,1,11.1,sst
33705,0,1,11.1,slr
33705,0,1,11.1,oa
33705,0,1,11.1,uv
178837,0,1,11.1,sst
178837,0,1,11.1,slr
178837,0,1,11.1,oa
178837,0,1,11.1,uv
16564,0,0,11.1,sst
16564,0,0,11.1,slr
16564,0,0,11.1,oa
16564,0,0,11.1,uv
3590,0.4,1,11.1,sst
3590,0.4,1,11.1,slr
3590,0.4,1,11.1,oa
3590,0.4,1,11.1,uv
8010,0,2,11.1,sst
8010,0,2,11.1,slr
8010,0,2,11.1,oa
8010,0,2,11.1,uv
8153,0,1,11.1,sst
8153,0,1,11.1,slr
8153,0,1,11.1,oa
8153,0,1,11.1,uv
13583,0,1,11.5,oa
13583,0,1,11.5,uv
61442,0.8,0,11.1,sst
61442,0.8,0,11.1,slr
61442,0.8,0,11.1,oa
61442,0.8,0,11.1,uv
6335,0,1,11.1,sst
6335,0,1,11.1,slr
6335,0,1,11.1,oa
6335,0,1,11.1,uv
11047,NA,0,11.5,oa
11047,NA,0,11.5,uv
41670,0,2,11.1,sst
41670,0,2,11.1,slr
41670,0,2,11.1,oa
41670,0,2,11.1,uv
10708,0,0,11.1,sst
10708,0,0,11.1,slr
10708,0,0,11.1,oa
10708,0,0,11.1,uv
2472,0.6,0,11.1,sst
2472,0.6,0,11.1,slr
2472,0.6,0,11.1,oa
2472,0.6,0,11.1,uv
2480,0.2,0,11.1,sst
2480,0.2,0,11.1,slr
2480,0.2,0,11.1,oa
2480,0.2,0,11.1,uv
2762,NA,0,11.1,sst
2762,NA,0,11.1,slr
2762,NA,0,11.1,oa
2762,NA,0,11.1,uv
6336,0,1,11.1,sst
6336,0,1,11.1,slr
6336,0,1,11.1,oa
6336,0,1,11.1,uv
41762,0.6,1,11.1,sst
41762,0.6,1,11.1,slr
41762,0.6,1,11.1,oa
41762,0.6,1,11.1,uv
13246,NA,0,11.1,sst
13246,NA,0,11.1,slr
13246,NA,0,11.1,oa
13246,NA,0,11.1,uv
41760,NA,0,11.1,sst
41760,NA,0,11.1,slr
41760,NA,0,11.1,oa
41760,NA,0,11.1,uv
8239,0.2,1,11.1,sst
8239,0.2,1,11.1,slr
8239,0.2,1,11.1,oa
8239,0.2,1,11.1,uv
17013,0,1,11.1,sst
17013,0,1,11.1,slr
17013,0,1,11.1,oa
17013,0,1,11.1,uv
23211,0,0,11.1,sst
23211,0,0,11.1,slr
23211,0,0,11.1,oa
23211,0,0,11.1,uv
13247,NA,0,11.1,sst
13247,NA,0,11.1,slr
13247,NA,0,11.1,oa
13247,NA,0,11.1,uv
15421,NA,0,11.1,sst
15421,NA,0,11.1,slr
15421,NA,0,11.1,oa
15421,NA,0,11.1,uv
15421,NA,0,11.5,oa
15421,NA,0,11.5,uv
40635,NA,0,11.1,sst
40635,NA,0,11.1,slr
40635,NA,0,11.1,oa
40635,NA,0,11.1,uv
12246,0,1,11.1,sst
12246,0,1,11.1,slr
12246,0,1,11.1,oa
12246,0,1,11.1,uv
117636167,0.8,0,11.1,sst
117636167,0.8,0,11.1,slr
117636167,0.8,0,11.1,oa
117636167,0.8,0,11.1,uv
17023,0,1,11.1,sst
17023,0,1,11.1,slr
17023,0,1,11.1,oa
17023,0,1,11.1,uv
11048,NA,0,11.5,oa
11048,NA,0,11.5,uv
13243,NA,0,11.1,sst
13243,NA,0,11.1,slr
13243,NA,0,11.1,oa
13243,NA,0,11.1,uv
13244,NA,0,11.1,sst
13244,NA,0,11.1,slr
13244,NA,0,11.1,oa
13244,NA,0,11.1,uv
10340,0,2,11.1,sst
10340,0,2,11.1,slr
10340,0,2,11.1,oa
10340,0,2,11.1,uv
41672,0,1,11.1,sst
41672,0,1,11.1,slr
41672,0,1,11.1,oa
41672,0,1,11.1,uv
15269,0,2,11.1,sst
15269,0,2,11.1,slr
15269,0,2,11.1,oa
15269,0,2,11.1,uv
2763,NA,0,11.1,sst
2763,NA,0,11.1,slr
2763,NA,0,11.1,oa
2763,NA,0,11.1,uv
13248,NA,0,11.1,sst
13248,NA,0,11.1,slr
13248,NA,0,11.1,oa
13248,NA,0,11.1,uv
15106,0.4,2,11.1,sst
15106,0.4,2,11.1,slr
15106,0.4,2,11.1,oa
15106,0.4,2,11.1,uv
13242,NA,0,11.1,sst
13242,NA,0,11.1,slr
13242,NA,0,11.1,oa
13242,NA,0,11.1,uv
11696,0,0,11.1,sst
11696,0,0,11.1,slr
11696,0,0,11.1,oa
11696,0,0,11.1,uv
9249,0,0,11.1,sst
9249,0,0,11.1,slr
9249,0,0,11.1,oa
9249,0,0,11.1,uv
9250,0,0,11.1,sst
9250,0,0,11.1,slr
9250,0,0,11.1,oa
9250,0,0,11.1,uv
11142,0,0,11.1,sst
11142,0,0,11.1,slr
11142,0,0,11.1,oa
11142,0,0,11.1,uv
13245,NA,0,11.1,sst
13245,NA,0,11.1,slr
13245,NA,0,11.1,oa
13245,NA,0,11.1,uv
14549,0.6,2,11.1,sst
14549,0.6,2,11.1,slr
14549,0.6,2,11.1,oa
14549,0.6,2,11.1,uv
13249,NA,0,11.1,sst
13249,NA,0,11.1,slr
13249,NA,0,11.1,oa
13249,NA,0,11.1,uv
9461,0,0,11.1,sst
9461,0,0,11.1,slr
9461,0,0,11.1,oa
9461,0,0,11.1,uv
2059,0,0,11.1,sst
2059,0,0,11.1,slr
2059,0,0,11.1,oa
2059,0,0,11.1,uv
2062,0,1,11.5,oa
2062,0,1,11.5,uv
22103,0.4,1,11.3,sst
22103,0.4,1,11.3,oa
41668,0.6,3,11.5,oa
41668,0.6,3,11.5,uv
13250,NA,0,11.1,sst
13250,NA,0,11.1,slr
13250,NA,0,11.1,oa
13250,NA,0,11.1,uv
2057,0.6,3,11.1,sst
2057,0.6,3,11.1,slr
2057,0.6,3,11.1,oa
2057,0.6,3,11.1,uv
2057,0.6,3,11.3,sst
2057,0.6,3,11.3,oa
2055,0,1,11.1,sst
2055,0,1,11.1,slr
2055,0,1,11.1,oa
2055,0,1,11.1,uv
13704,0,1,11.1,sst
13704,0,1,11.1,slr
13704,0,1,11.1,oa
13704,0,1,11.1,uv
74491261,0,1,11.1,sst
74491261,0,1,11.1,slr
74491261,0,1,11.1,oa
74491261,0,1,11.1,uv
41671,0,1,11.1,sst
41671,0,1,11.1,slr
41671,0,1,11.1,oa
41671,0,1,11.1,uv
2058,0,1,11.5,oa
2058,0,1,11.5,uv
41754,0.6,0,11.1,sst
41754,0.6,0,11.1,slr
41754,0.6,0,11.1,oa
41754,0.6,0,11.1,uv
2060,0,2,11.1,sst
2060,0,2,11.1,slr
2060,0,2,11.1,oa
2060,0,2,11.1,uv
2060,0,2,11.3,sst
2060,0,2,11.3,oa
2477,0.6,1,11.1,sst
2477,0.6,1,11.1,slr
2477,0.6,1,11.1,oa
2477,0.6,1,11.1,uv
4161,0.2,1,11.1,sst
4161,0.2,1,11.1,slr
4161,0.2,1,11.1,oa
4161,0.2,1,11.1,uv
4161,0.2,1,11.3,sst
4161,0.2,1,11.3,oa
13654,0.6,2,11.1,sst
13654,0.6,2,11.1,slr
13654,0.6,2,11.1,oa
13654,0.6,2,11.1,uv
41759,NA,0,11.1,sst
41759,NA,0,11.1,slr
41759,NA,0,11.1,oa
41759,NA,0,11.1,uv
10707,NA,0,11.1,sst
10707,NA,0,11.1,slr
10707,NA,0,11.1,oa
10707,NA,0,11.1,uv
13241,NA,1,11.1,sst
13241,NA,1,11.1,slr
13241,NA,1,11.1,oa
13241,NA,1,11.1,uv
198920,0.4,0,11.1,sst
198920,0.4,0,11.1,slr
198920,0.4,0,11.1,oa
198920,0.4,0,11.1,uv
198920,0.4,0,11.5,oa
198920,0.4,0,11.5,uv
13252,NA,0,11.1,sst
13252,NA,0,11.1,slr
13252,NA,0,11.1,oa
13252,NA,0,11.1,uv
9660,0,1,11.1,sst
9660,0,1,11.1,slr
9660,0,1,11.1,oa
9660,0,1,11.1,uv
22104,0.4,1,11.1,sst
22104,0.4,1,11.1,slr
22104,0.4,1,11.1,oa
22104,0.4,1,11.1,uv
22104,0.4,0,11.3,sst
22104,0.4,0,11.3,oa
72050476,0.4,1,11.1,sst
72050476,0.4,1,11.1,slr
72050476,0.4,1,11.1,oa
72050476,0.4,1,11.1,uv
136315,0.4,2,11.1,sst
136315,0.4,2,11.1,slr
136315,0.4,2,11.1,oa
136315,0.4,2,11.1,uv
6204,0.4,2,11.1,sst
6204,0.4,2,11.1,slr
6204,0.4,2,11.1,oa
6204,0.4,2,11.1,uv
13653,0.6,1,11.1,sst
13653,0.6,1,11.1,slr
13653,0.6,1,11.1,oa
13653,0.6,1,11.1,uv
2467,0,1,11.1,sst
2467,0,1,11.1,slr
2467,0,1,11.1,oa
2467,0,1,11.1,uv
21500,NA,0,11.1,sst
21500,NA,0,11.1,slr
21500,NA,0,11.1,oa
21500,NA,0,11.1,uv
11145,0,0,11.1,sst
11145,0,0,11.1,slr
11145,0,0,11.1,oa
11145,0,0,11.1,uv
13251,NA,0,11.1,sst
13251,NA,0,11.1,slr
13251,NA,0,11.1,oa
13251,NA,0,11.1,uv
193624,0,0,11.1,sst
193624,0,0,11.1,slr
193624,0,0,11.1,oa
193624,0,0,11.1,uv
193624,0,0,11.3,sst
193624,0,0,11.3,oa
193641,0,0,11.1,sst
193641,0,0,11.1,slr
193641,0,0,11.1,oa
193641,0,0,11.1,uv
193641,0,0,11.3,sst
193641,0,0,11.3,oa
193793,0,0,11.1,sst
193793,0,0,11.1,slr
193793,0,0,11.1,oa
193793,0,0,11.1,uv
193793,0,0,11.3,sst
193793,0,0,11.3,oa
193628,0,0,11.1,sst
193628,0,0,11.1,slr
193628,0,0,11.1,oa
193628,0,0,11.1,uv
193628,0,0,11.3,sst
193628,0,0,11.3,oa
193718,0,0,11.1,sst
193718,0,0,11.1,slr
193718,0,0,11.1,oa
193718,0,0,11.1,uv
193718,0,0,11.3,sst
193718,0,0,11.3,oa
193650,0,0,11.1,sst
193650,0,0,11.1,slr
193650,0,0,11.1,oa
193650,0,0,11.1,uv
193661,0,0,11.1,sst
193661,0,0,11.1,slr
193661,0,0,11.1,oa
193661,0,0,11.1,uv
193655,0,0,11.1,sst
193655,0,0,11.1,slr
193655,0,0,11.1,oa
193655,0,0,11.1,uv
193655,0,0,11.3,sst
193655,0,0,11.3,oa
193702,NA,0,11.1,sst
193702,NA,0,11.1,slr
193702,NA,0,11.1,oa
193702,NA,0,11.1,uv
193702,NA,0,11.3,sst
193702,NA,0,11.3,oa
193613,NA,0,11.1,sst
193613,NA,0,11.1,slr
193613,NA,0,11.1,oa
193613,NA,0,11.1,uv
193613,NA,0,11.3,sst
193613,NA,0,11.3,oa
193607,0,0,11.1,sst
193607,0,0,11.1,slr
193607,0,0,11.1,oa
193607,0,0,11.1,uv
193607,0,0,11.3,sst
193607,0,0,11.3,oa
193781,NA,0,11.1,sst
193781,NA,0,11.1,slr
193781,NA,0,11.1,oa
193781,NA,0,11.1,uv
193781,NA,0,11.3,sst
193781,NA,0,11.3,oa
21342,0,0,11.1,sst
21342,0,0,11.1,slr
21342,0,0,11.1,oa
21342,0,0,11.1,uv
21342,0,0,11.3,sst
21342,0,0,11.3,oa
193666,0.2,0,11.1,sst
193666,0.2,0,11.1,slr
193666,0.2,0,11.1,oa
193666,0.2,0,11.1,uv
193666,0.2,0,11.3,sst
193666,0.2,0,11.3,oa
193663,0,0,11.1,sst
193663,0,0,11.1,slr
193663,0,0,11.1,oa
193663,0,0,11.1,uv
193663,0,0,11.3,sst
193663,0,0,11.3,oa
193642,0,1,11.1,sst
193642,0,1,11.1,slr
193642,0,1,11.1,oa
193642,0,1,11.1,uv
193642,0,1,11.3,sst
193642,0,1,11.3,oa
193772,0,0,11.1,sst
193772,0,0,11.1,slr
193772,0,0,11.1,oa
193772,0,0,11.1,uv
193772,0,0,11.3,sst
193772,0,0,11.3,oa
193733,0,0,11.1,sst
193733,0,0,11.1,slr
193733,0,0,11.1,oa
193733,0,0,11.1,uv
193733,0,0,11.3,sst
193733,0,0,11.3,oa
169599,0,0,11.1,sst
169599,0,0,11.1,slr
169599,0,0,11.1,oa
169599,0,0,11.1,uv
169599,0,0,11.3,sst
169599,0,0,11.3,oa
193762,0,0,11.1,sst
193762,0,0,11.1,slr
193762,0,0,11.1,oa
193762,0,0,11.1,uv
193723,0,0,11.1,sst
193723,0,0,11.1,slr
193723,0,0,11.1,oa
193723,0,0,11.1,uv
193723,0,0,11.3,sst
193723,0,0,11.3,oa
193737,NA,0,11.1,sst
193737,NA,0,11.1,slr
193737,NA,0,11.1,oa
193737,NA,0,11.1,uv
193737,NA,0,11.3,sst
193737,NA,0,11.3,oa
11150,NA,0,11.1,sst
11150,NA,0,11.1,slr
11150,NA,0,11.1,oa
11150,NA,0,11.1,uv
11150,NA,0,11.3,sst
11150,NA,0,11.3,oa
172416,0,0,11.1,sst
172416,0,0,11.1,slr
172416,0,0,11.1,oa
172416,0,0,11.1,uv
172416,0,0,11.3,sst
172416,0,0,11.3,oa
193722,0,0,11.1,sst
193722,0,0,11.1,slr
193722,0,0,11.1,oa
193722,0,0,11.1,uv
193722,0,0,11.3,sst
193722,0,0,11.3,oa
193632,0,0,11.1,sst
193632,0,0,11.1,slr
193632,0,0,11.1,oa
193632,0,0,11.1,uv
193751,0.6,0,11.1,sst
193751,0.6,0,11.1,slr
193751,0.6,0,11.1,oa
193751,0.6,0,11.1,uv
193751,0.6,0,11.3,sst
193751,0.6,0,11.3,oa
193711,0,0,11.1,sst
193711,0,0,11.1,slr
193711,0,0,11.1,oa
193711,0,0,11.1,uv
193711,0,0,11.3,sst
193711,0,0,11.3,oa
193686,0,0,11.1,sst
193686,0,0,11.1,slr
193686,0,0,11.1,oa
193686,0,0,11.1,uv
193686,0,0,11.3,sst
193686,0,0,11.3,oa
193820,0,0,11.1,sst
193820,0,0,11.1,slr
193820,0,0,11.1,oa
193820,0,0,11.1,uv
193820,0,0,11.3,sst
193820,0,0,11.3,oa
193706,0.4,1,11.1,sst
193706,0.4,1,11.1,slr
193706,0.4,1,11.1,oa
193706,0.4,1,11.1,uv
193706,0.4,1,11.3,sst
193706,0.4,1,11.3,oa
193730,0,0,11.1,sst
193730,0,0,11.1,slr
193730,0,0,11.1,oa
193730,0,0,11.1,uv
193730,0,0,11.3,sst
193730,0,0,11.3,oa
193631,0,0,11.1,sst
193631,0,0,11.1,slr
193631,0,0,11.1,oa
193631,0,0,11.1,uv
193631,0,0,11.3,sst
193631,0,0,11.3,oa
193705,0,0,11.1,sst
193705,0,0,11.1,slr
193705,0,0,11.1,oa
193705,0,0,11.1,uv
193705,0,0,11.3,sst
193705,0,0,11.3,oa
193599,0,0,11.1,sst
193599,0,0,11.1,slr
193599,0,0,11.1,oa
193599,0,0,11.1,uv
193599,0,0,11.3,sst
193599,0,0,11.3,oa
193654,0.6,0,11.1,sst
193654,0.6,0,11.1,slr
193654,0.6,0,11.1,oa
193654,0.6,0,11.1,uv
193654,0.6,0,11.3,sst
193654,0.6,0,11.3,oa
193664,0,0,11.1,sst
193664,0,0,11.1,slr
193664,0,0,11.1,oa
193664,0,0,11.1,uv
21341,0,0,11.1,sst
21341,0,0,11.1,slr
21341,0,0,11.1,oa
21341,0,0,11.1,uv
21341,0,0,11.3,sst
21341,0,0,11.3,oa
193622,0,0,11.1,sst
193622,0,0,11.1,slr
193622,0,0,11.1,oa
193622,0,0,11.1,uv
193622,0,0,11.3,sst
193622,0,0,11.3,oa
193623,0,0,11.1,sst
193623,0,0,11.1,slr
193623,0,0,11.1,oa
193623,0,0,11.1,uv
193623,0,0,11.3,sst
193623,0,0,11.3,oa
193669,0,0,11.1,sst
193669,0,0,11.1,slr
193669,0,0,11.1,oa
193669,0,0,11.1,uv
193669,0,1,11.3,sst
193669,0,1,11.3,oa
193786,0.4,1,11.1,sst
193786,0.4,1,11.1,slr
193786,0.4,1,11.1,oa
193786,0.4,1,11.1,uv
193786,0.4,1,11.3,sst
193786,0.4,1,11.3,oa
193612,0.2,0,11.1,sst
193612,0.2,0,11.1,slr
193612,0.2,0,11.1,oa
193612,0.2,0,11.1,uv
193612,0.2,0,11.3,sst
193612,0.2,0,11.3,oa
193810,0,0,11.1,sst
193810,0,0,11.1,slr
193810,0,0,11.1,oa
193810,0,0,11.1,uv
193810,0,0,11.3,sst
193810,0,0,11.3,oa
193766,0,0,11.1,sst
193766,0,0,11.1,slr
193766,0,0,11.1,oa
193766,0,0,11.1,uv
193766,0,0,11.3,sst
193766,0,0,11.3,oa
193822,0,0,11.1,sst
193822,0,0,11.1,slr
193822,0,0,11.1,oa
193822,0,0,11.1,uv
193822,0,0,11.3,sst
193822,0,0,11.3,oa
193799,0,0,11.1,sst
193799,0,0,11.1,slr
193799,0,0,11.1,oa
193799,0,0,11.1,uv
193799,0,0,11.3,sst
193799,0,0,11.3,oa
193675,0,0,11.1,sst
193675,0,0,11.1,slr
193675,0,0,11.1,oa
193675,0,0,11.1,uv
193675,0,0,11.3,sst
193675,0,0,11.3,oa
193775,0,0,11.1,sst
193775,0,0,11.1,slr
193775,0,0,11.1,oa
193775,0,0,11.1,uv
193775,0,0,11.3,sst
193775,0,0,11.3,oa
193716,0,0,11.1,sst
193716,0,0,11.1,slr
193716,0,0,11.1,oa
193716,0,0,11.1,uv
193716,0,1,11.3,sst
193716,0,1,11.3,oa
193671,0,0,11.1,sst
193671,0,0,11.1,slr
193671,0,0,11.1,oa
193671,0,0,11.1,uv
193671,0,0,11.3,sst
193671,0,0,11.3,oa
193693,0,0,11.1,sst
193693,0,0,11.1,slr
193693,0,0,11.1,oa
193693,0,0,11.1,uv
193693,0,0,11.3,sst
193693,0,0,11.3,oa
193804,0,0,11.1,sst
193804,0,0,11.1,slr
193804,0,0,11.1,oa
193804,0,0,11.1,uv
193804,0,0,11.3,sst
193804,0,0,11.3,oa
193659,0,0,11.1,sst
193659,0,0,11.1,slr
193659,0,0,11.1,oa
193659,0,0,11.1,uv
193659,0,0,11.3,sst
193659,0,0,11.3,oa
193667,0,0,11.1,sst
193667,0,0,11.1,slr
193667,0,0,11.1,oa
193667,0,0,11.1,uv
193667,0,0,11.3,sst
193667,0,0,11.3,oa
190380,0,0,11.1,sst
190380,0,0,11.1,slr
190380,0,0,11.1,oa
190380,0,0,11.1,uv
193703,0,0,11.1,sst
193703,0,0,11.1,slr
193703,0,0,11.1,oa
193703,0,0,11.1,uv
193703,0,0,11.3,sst
193703,0,0,11.3,oa
61936075,0,0,11.1,sst
61936075,0,0,11.1,slr
61936075,0,0,11.1,oa
61936075,0,0,11.1,uv
61936075,0,0,11.3,sst
61936075,0,0,11.3,oa
193697,0,1,11.1,sst
193697,0,1,11.1,slr
193697,0,1,11.1,oa
193697,0,1,11.1,uv
193697,0,1,11.3,sst
193697,0,1,11.3,oa
193696,0,0,11.1,sst
193696,0,0,11.1,slr
193696,0,0,11.1,oa
193696,0,0,11.1,uv
193696,0,0,11.3,sst
193696,0,0,11.3,oa
193789,0,0,11.1,sst
193789,0,0,11.1,slr
193789,0,0,11.1,oa
193789,0,0,11.1,uv
193789,0,0,11.3,sst
193789,0,0,11.3,oa
166947,0,0,11.1,sst
166947,0,0,11.1,slr
166947,0,0,11.1,oa
166947,0,0,11.1,uv
190172,0,0,11.1,sst
190172,0,0,11.1,slr
190172,0,0,11.1,oa
190172,0,0,11.1,uv
190172,0,0,11.3,sst
190172,0,0,11.3,oa
193796,0,0,11.1,sst
193796,0,0,11.1,slr
193796,0,0,11.1,oa
193796,0,0,11.1,uv
193796,0,0,11.3,sst
193796,0,0,11.3,oa
193753,0,0,11.1,sst
193753,0,0,11.1,slr
193753,0,0,11.1,oa
193753,0,0,11.1,uv
193753,0,0,11.3,sst
193753,0,0,11.3,oa
167006,0.2,0,11.1,sst
167006,0.2,0,11.1,slr
167006,0.2,0,11.1,oa
167006,0.2,0,11.1,uv
167006,0.2,0,11.3,sst
167006,0.2,0,11.3,oa
193630,0,0,11.1,sst
193630,0,0,11.1,slr
193630,0,0,11.1,oa
193630,0,0,11.1,uv
193630,0,0,11.3,sst
193630,0,0,11.3,oa
193805,0,0,11.1,sst
193805,0,0,11.1,slr
193805,0,0,11.1,oa
193805,0,0,11.1,uv
193805,0,0,11.3,sst
193805,0,0,11.3,oa
193749,0,0,11.1,sst
193749,0,0,11.1,slr
193749,0,0,11.1,oa
193749,0,0,11.1,uv
193749,0,0,11.3,sst
193749,0,0,11.3,oa
190246,0,0,11.1,sst
190246,0,0,11.1,slr
190246,0,0,11.1,oa
190246,0,0,11.1,uv
190246,0,0,11.3,sst
190246,0,0,11.3,oa
193695,0,0,11.1,sst
193695,0,0,11.1,slr
193695,0,0,11.1,oa
193695,0,0,11.1,uv
193695,0,0,11.3,sst
193695,0,0,11.3,oa
193656,0,0,11.1,sst
193656,0,0,11.1,slr
193656,0,0,11.1,oa
193656,0,0,11.1,uv
193656,0,0,11.3,sst
193656,0,0,11.3,oa
193699,0,0,11.1,sst
193699,0,0,11.1,slr
193699,0,0,11.1,oa
193699,0,0,11.1,uv
193699,0,0,11.3,sst
193699,0,0,11.3,oa
193621,0,0,11.1,sst
193621,0,0,11.1,slr
193621,0,0,11.1,oa
193621,0,0,11.1,uv
193621,0,0,11.3,sst
193621,0,0,11.3,oa
193809,NA,0,11.1,sst
193809,NA,0,11.1,slr
193809,NA,0,11.1,oa
193809,NA,0,11.1,uv
193809,NA,0,11.3,sst
193809,NA,0,11.3,oa
193712,0,0,11.1,sst
193712,0,0,11.1,slr
193712,0,0,11.1,oa
193712,0,0,11.1,uv
193712,0,0,11.3,sst
193712,0,0,11.3,oa
193779,0,0,11.1,sst
193779,0,0,11.1,slr
193779,0,0,11.1,oa
193779,0,0,11.1,uv
193779,0,0,11.3,sst
193779,0,0,11.3,oa
193742,0,0,11.1,sst
193742,0,0,11.1,slr
193742,0,0,11.1,oa
193742,0,0,11.1,uv
193691,0,1,11.1,sst
193691,0,1,11.1,slr
193691,0,1,11.1,oa
193691,0,1,11.1,uv
193691,0,0,11.3,sst
193691,0,0,11.3,oa
3764,0.6,0,11.1,sst
3764,0.6,0,11.1,slr
3764,0.6,0,11.1,oa
3764,0.6,0,11.1,uv
3764,0.6,0,11.3,sst
3764,0.6,0,11.3,oa
193602,0,0,11.1,sst
193602,0,0,11.1,slr
193602,0,0,11.1,oa
193602,0,0,11.1,uv
193602,0,0,11.3,sst
193602,0,0,11.3,oa
193662,0,0,11.1,sst
193662,0,0,11.1,slr
193662,0,0,11.1,oa
193662,0,0,11.1,uv
193662,0,0,11.3,sst
193662,0,0,11.3,oa
8005,0.8,2,11.5,oa
8005,0.8,2,11.5,uv
46967817,0.8,0,11.3,sst
46967817,0.8,0,11.3,oa
6494,0.4,0,11.1,sst
6494,0.4,0,11.1,slr
6494,0.4,0,11.1,oa
6494,0.4,0,11.1,uv
6494,0.4,0,11.3,sst
6494,0.4,0,11.3,oa
83776383,0.6,1,11.3,sst
83776383,0.6,1,11.3,oa
84131194,0,1,11.1,sst
84131194,0,1,11.1,slr
84131194,0,1,11.1,oa
84131194,0,1,11.1,uv
84131194,0,1,11.3,sst
84131194,0,1,11.3,oa
3897,0.4,1,11.1,sst
3897,0.4,1,11.1,slr
3897,0.4,1,11.1,oa
3897,0.4,1,11.1,uv
3897,0.4,1,11.3,sst
3897,0.4,1,11.3,oa
84156809,0.8,1,11.3,sst
84156809,0.8,1,11.3,oa
11534,0.4,0,11.3,sst
11534,0.4,0,11.3,oa
170189,0,0,11.1,sst
170189,0,0,11.1,slr
170189,0,0,11.1,oa
170189,0,0,11.1,uv
170189,0,0,11.5,oa
170189,0,0,11.5,uv
170244,0.2,0,11.1,sst
170244,0.2,0,11.1,slr
170244,0.2,0,11.1,oa
170244,0.2,0,11.1,uv
47385652,0,0,11.1,sst
47385652,0,0,11.1,slr
47385652,0,0,11.1,oa
47385652,0,0,11.1,uv
170173,0.4,1,11.1,sst
170173,0.4,1,11.1,slr
170173,0.4,1,11.1,oa
170173,0.4,1,11.1,uv
47137515,0.2,0,11.1,sst
47137515,0.2,0,11.1,slr
47137515,0.2,0,11.1,oa
47137515,0.2,0,11.1,uv
170181,0,0,11.1,sst
170181,0,0,11.1,slr
170181,0,0,11.1,oa
170181,0,0,11.1,uv
170163,NA,0,11.5,oa
170163,NA,0,11.5,uv
170187,NA,0,11.1,sst
170187,NA,0,11.1,slr
170187,NA,0,11.1,oa
170187,NA,0,11.1,uv
47166619,0,0,11.1,sst
47166619,0,0,11.1,slr
47166619,0,0,11.1,oa
47166619,0,0,11.1,uv
47166619,0,0,11.5,oa
47166619,0,0,11.5,uv
170175,0,0,11.3,sst
170175,0,0,11.3,oa
170175,0,0,11.5,oa
170175,0,0,11.5,uv
170153,0,0,11.1,sst
170153,0,0,11.1,slr
170153,0,0,11.1,oa
170153,0,0,11.1,uv
12137,0.6,0,11.3,sst
12137,0.6,0,11.3,oa
170257,0,0,11.1,sst
170257,0,0,11.1,slr
170257,0,0,11.1,oa
170257,0,0,11.1,uv
47137303,0.2,0,11.1,sst
47137303,0.2,0,11.1,slr
47137303,0.2,0,11.1,oa
47137303,0.2,0,11.1,uv
170256,0.6,0,11.1,sst
170256,0.6,0,11.1,slr
170256,0.6,0,11.1,oa
170256,0.6,0,11.1,uv
169015,0,1,11.1,sst
169015,0,1,11.1,slr
169015,0,1,11.1,oa
169015,0,1,11.1,uv
169015,0,1,11.3,sst
169015,0,1,11.3,oa
173331,0,0,11.1,sst
173331,0,0,11.1,slr
173331,0,0,11.1,oa
173331,0,0,11.1,uv
173327,0,1,11.3,sst
173327,0,1,11.3,oa
173384,0,0,11.3,sst
173384,0,0,11.3,oa
173320,0,1,11.3,sst
173320,0,1,11.3,oa
173364,0,1,11.3,sst
173364,0,1,11.3,oa
176736,0.2,0,11.1,sst
176736,0.2,0,11.1,slr
176736,0.2,0,11.1,oa
176736,0.2,0,11.1,uv
176736,0.2,0,11.5,oa
176736,0.2,0,11.5,uv
176706,0,0,11.5,oa
176706,0,0,11.5,uv
176721,0.2,0,11.1,sst
176721,0.2,0,11.1,slr
176721,0.2,0,11.1,oa
176721,0.2,0,11.1,uv
176721,0.2,0,11.5,oa
176721,0.2,0,11.5,uv
176742,NA,0,11.1,sst
176742,NA,0,11.1,slr
176742,NA,0,11.1,oa
176742,NA,0,11.1,uv
176742,NA,0,11.5,oa
176742,NA,0,11.5,uv
176748,0,0,11.3,sst
176748,0,0,11.3,oa
176714,0.8,1,11.1,sst
176714,0.8,1,11.1,slr
176714,0.8,1,11.1,oa
176714,0.8,1,11.1,uv
176763,0.6,1,11.1,sst
176763,0.6,1,11.1,slr
176763,0.6,1,11.1,oa
176763,0.6,1,11.1,uv
176770,0.8,1,11.3,sst
176770,0.8,1,11.3,oa
176720,0,0,11.5,oa
176720,0,0,11.5,uv
176740,0.4,0,11.1,sst
176740,0.4,0,11.1,slr
176740,0.4,0,11.1,oa
176740,0.4,0,11.1,uv
176704,0,0,11.1,sst
176704,0,0,11.1,slr
176704,0,0,11.1,oa
176704,0,0,11.1,uv
176750,0,0,11.5,oa
176750,0,0,11.5,uv
176739,0.2,0,11.1,sst
176739,0.2,0,11.1,slr
176739,0.2,0,11.1,oa
176739,0.2,0,11.1,uv
176739,0.2,1,11.5,oa
176739,0.2,1,11.5,uv
176771,0,0,11.1,sst
176771,0,0,11.1,slr
176771,0,0,11.1,oa
176771,0,0,11.1,uv
176771,0,1,11.5,oa
176771,0,1,11.5,uv
176743,0,0,11.1,sst
176743,0,0,11.1,slr
176743,0,0,11.1,oa
176743,0,0,11.1,uv
176743,0,0,11.3,sst
176743,0,0,11.3,oa
176725,0,0,11.1,sst
176725,0,0,11.1,slr
176725,0,0,11.1,oa
176725,0,0,11.1,uv
176725,0,0,11.5,oa
176725,0,0,11.5,uv
22823,0.4,2,11.1,sst
22823,0.4,2,11.1,slr
22823,0.4,2,11.1,oa
22823,0.4,2,11.1,uv
183771,0.4,1,11.1,sst
183771,0.4,1,11.1,slr
183771,0.4,1,11.1,oa
183771,0.4,1,11.1,uv
183771,0.4,1,11.3,sst
183771,0.4,1,11.3,oa
183739,0.4,1,11.1,sst
183739,0.4,1,11.1,slr
183739,0.4,1,11.1,oa
183739,0.4,1,11.1,uv
183739,0.4,1,11.3,sst
183739,0.4,1,11.3,oa
187368,0,0,11.1,sst
187368,0,0,11.1,slr
187368,0,0,11.1,oa
187368,0,0,11.1,uv
187455,0,0,11.1,sst
187455,0,0,11.1,slr
187455,0,0,11.1,oa
187455,0,0,11.1,uv
187497,0,0,11.5,oa
187497,0,0,11.5,uv
187595,0,0,11.1,sst
187595,0,0,11.1,slr
187595,0,0,11.1,oa
187595,0,0,11.1,uv
187620,0,0,11.5,oa
187620,0,0,11.5,uv
187675,0,0,11.5,oa
187675,0,0,11.5,uv
187728,0,0,11.5,oa
187728,0,0,11.5,uv
187743,0,0,11.5,oa
187743,0,0,11.5,uv
183305,0.4,1,11.1,sst
183305,0.4,1,11.1,slr
183305,0.4,1,11.1,oa
183305,0.4,1,11.1,uv
183305,0.4,1,11.3,sst
183305,0.4,1,11.3,oa
183433,0.4,1,11.1,sst
183433,0.4,1,11.1,slr
183433,0.4,1,11.1,oa
183433,0.4,1,11.1,uv
183433,0.4,1,11.3,sst
183433,0.4,1,11.3,oa
183473,0.4,1,11.1,sst
183473,0.4,1,11.1,slr
183473,0.4,1,11.1,oa
183473,0.4,1,11.1,uv
183473,0.4,1,11.3,sst
183473,0.4,1,11.3,oa
183519,0.4,1,11.1,sst
183519,0.4,1,11.1,slr
183519,0.4,1,11.1,oa
183519,0.4,1,11.1,uv
183519,0.4,1,11.3,sst
183519,0.4,1,11.3,oa
183539,0,1,11.1,sst
183539,0,1,11.1,slr
183539,0,1,11.1,oa
183539,0,1,11.1,uv
183539,0,1,11.3,sst
183539,0,1,11.3,oa
183582,0.4,1,11.1,sst
183582,0.4,1,11.1,slr
183582,0.4,1,11.1,oa
183582,0.4,1,11.1,uv
183582,0.4,1,11.3,sst
183582,0.4,1,11.3,oa
183625,0.4,1,11.1,sst
183625,0.4,1,11.1,slr
183625,0.4,1,11.1,oa
183625,0.4,1,11.1,uv
183625,0.4,1,11.3,sst
183625,0.4,1,11.3,oa
183703,0.4,1,11.1,sst
183703,0.4,1,11.1,slr
183703,0.4,1,11.1,oa
183703,0.4,1,11.1,uv
183703,0.4,1,11.3,sst
183703,0.4,1,11.3,oa
187594,0,0,11.1,sst
187594,0,0,11.1,slr
187594,0,0,11.1,oa
187594,0,0,11.1,uv
187702,0,0,11.5,oa
187702,0,0,11.5,uv
190678,0,0,11.5,oa
190678,0,0,11.5,uv
190719,0,0,11.5,oa
190719,0,0,11.5,uv
190756,0,0,11.5,oa
190756,0,0,11.5,uv
22693759,0,0,11.1,sst
22693759,0,0,11.1,slr
22693759,0,0,11.1,oa
22693759,0,0,11.1,uv
22693764,0,0,11.1,sst
22693764,0,0,11.1,slr
22693764,0,0,11.1,oa
22693764,0,0,11.1,uv
22680427,0.4,0,11.1,sst
22680427,0.4,0,11.1,slr
22680427,0.4,0,11.1,oa
22680427,0.4,0,11.1,uv
22680427,0.4,0,11.5,oa
22680427,0.4,0,11.5,uv
22694493,0,1,11.3,sst
22694493,0,1,11.3,oa
22697037,0,0,11.1,sst
22697037,0,0,11.1,slr
22697037,0,0,11.1,oa
22697037,0,0,11.1,uv
22697702,0.2,0,11.1,sst
22697702,0.2,0,11.1,slr
22697702,0.2,0,11.1,oa
22697702,0.2,0,11.1,uv
22697805,0,1,11.1,sst
22697805,0,1,11.1,slr
22697805,0,1,11.1,oa
22697805,0,1,11.1,uv
22697805,0,1,11.3,sst
22697805,0,1,11.3,oa
22697776,0.4,2,11.1,sst
22697776,0.4,2,11.1,slr
22697776,0.4,2,11.1,oa
22697776,0.4,2,11.1,uv
22697776,0.4,2,11.3,sst
22697776,0.4,2,11.3,oa
22697782,0.4,2,11.1,sst
22697782,0.4,2,11.1,slr
22697782,0.4,2,11.1,oa
22697782,0.4,2,11.1,uv
22697797,0.2,1,11.1,sst
22697797,0.2,1,11.1,slr
22697797,0.2,1,11.1,oa
22697797,0.2,1,11.1,uv
22694934,0,1,11.3,sst
22694934,0,1,11.3,oa
22697742,0.8,0,11.1,sst
22697742,0.8,0,11.1,slr
22697742,0.8,0,11.1,oa
22697742,0.8,0,11.1,uv
22698398,0.6,2,11.3,sst
22698398,0.6,2,11.3,oa
22697847,0.2,0,11.1,sst
22697847,0.2,0,11.1,slr
22697847,0.2,0,11.1,oa
22697847,0.2,0,11.1,uv
22697834,0,0,11.1,sst
22697834,0,0,11.1,slr
22697834,0,0,11.1,oa
22697834,0,0,11.1,uv
22693656,0.6,0,11.1,sst
22693656,0.6,0,11.1,slr
22693656,0.6,0,11.1,oa
22693656,0.6,0,11.1,uv
22733462,0.2,1,11.1,sst
22733462,0.2,1,11.1,slr
22733462,0.2,1,11.1,oa
22733462,0.2,1,11.1,uv
22698557,0,1,11.3,sst
22698557,0,1,11.3,oa
22680157,0,0,11.1,sst
22680157,0,0,11.1,slr
22680157,0,0,11.1,oa
22680157,0,0,11.1,uv
22704604,0,0,11.1,sst
22704604,0,0,11.1,slr
22704604,0,0,11.1,oa
22704604,0,0,11.1,uv
22694834,0.2,2,11.3,sst
22694834,0.2,2,11.3,oa
62030608,0,1,11.1,sst
62030608,0,1,11.1,slr
62030608,0,1,11.1,oa
62030608,0,1,11.1,uv
22694296,0.2,2,11.3,sst
22694296,0.2,2,11.3,oa
22694292,0,2,11.3,sst
22694292,0,2,11.3,oa
22694432,0,0,11.1,sst
22694432,0,0,11.1,slr
22694432,0,0,11.1,oa
22694432,0,0,11.1,uv
62030590,0,0,11.1,sst
62030590,0,0,11.1,slr
62030590,0,0,11.1,oa
62030590,0,0,11.1,uv
22693348,0,0,11.1,sst
22693348,0,0,11.1,slr
22693348,0,0,11.1,oa
22693348,0,0,11.1,uv
22693158,0.2,0,11.1,sst
22693158,0.2,0,11.1,slr
22693158,0.2,0,11.1,oa
22693158,0.2,0,11.1,uv
22693351,0.2,1,11.1,sst
22693351,0.2,1,11.1,slr
22693351,0.2,1,11.1,oa
22693351,0.2,1,11.1,uv
22693154,0,0,11.1,sst
22693154,0,0,11.1,slr
22693154,0,0,11.1,oa
22693154,0,0,11.1,uv
22693150,0.2,1,11.1,sst
22693150,0.2,1,11.1,slr
22693150,0.2,1,11.1,oa
22693150,0.2,1,11.1,uv
22693899,0.6,0,11.1,sst
22693899,0.6,0,11.1,slr
22693899,0.6,0,11.1,oa
22693899,0.6,0,11.1,uv
22680441,0,0,11.1,sst
22680441,0,0,11.1,slr
22680441,0,0,11.1,oa
22680441,0,0,11.1,uv
22680441,0,2,11.5,oa
22680441,0,2,11.5,uv
22693133,0,0,11.1,sst
22693133,0,0,11.1,slr
22693133,0,0,11.1,oa
22693133,0,0,11.1,uv
22697800,0.6,2,11.1,sst
22697800,0.6,2,11.1,slr
22697800,0.6,2,11.1,oa
22697800,0.6,2,11.1,uv
22680465,0,0,11.1,sst
22680465,0,0,11.1,slr
22680465,0,0,11.1,oa
22680465,0,0,11.1,uv
22696806,0.6,1,11.1,sst
22696806,0.6,1,11.1,slr
22696806,0.6,1,11.1,oa
22696806,0.6,1,11.1,uv
22685200,0,0,11.1,sst
22685200,0,0,11.1,slr
22685200,0,0,11.1,oa
22685200,0,0,11.1,uv
22693190,0.2,0,11.1,sst
22693190,0.2,0,11.1,slr
22693190,0.2,0,11.1,oa
22693190,0.2,0,11.1,uv
22693178,0,0,11.1,sst
22693178,0,0,11.1,slr
22693178,0,0,11.1,oa
22693178,0,0,11.1,uv
22693182,0.4,0,11.1,sst
22693182,0.4,0,11.1,slr
22693182,0.4,0,11.1,oa
22693182,0.4,0,11.1,uv
22694716,0.4,0,11.1,sst
22694716,0.4,0,11.1,slr
22694716,0.4,0,11.1,oa
22694716,0.4,0,11.1,uv
22696649,0.6,0,11.1,sst
22696649,0.6,0,11.1,slr
22696649,0.6,0,11.1,oa
22696649,0.6,0,11.1,uv
22697885,0,1,11.1,sst
22697885,0,1,11.1,slr
22697885,0,1,11.1,oa
22697885,0,1,11.1,uv
22698280,0.6,2,11.3,sst
22698280,0.6,2,11.3,oa
22697619,0.2,2,11.3,sst
22697619,0.2,2,11.3,oa
22696810,0.2,2,11.3,sst
22696810,0.2,2,11.3,oa
22696907,0.6,0,11.3,sst
22696907,0.6,0,11.3,oa
22696861,0.8,0,11.1,sst
22696861,0.8,0,11.1,slr
22696861,0.8,0,11.1,oa
22696861,0.8,0,11.1,uv
22728950,0,0,11.5,oa
22728950,0,0,11.5,uv
22696876,0.4,0,11.1,sst
22696876,0.4,0,11.1,slr
22696876,0.4,0,11.1,oa
22696876,0.4,0,11.1,uv
22693494,0,0,11.1,sst
22693494,0,0,11.1,slr
22693494,0,0,11.1,oa
22693494,0,0,11.1,uv
22693490,0,0,11.1,sst
22693490,0,0,11.1,slr
22693490,0,0,11.1,oa
22693490,0,0,11.1,uv
22693490,0,2,11.3,sst
22693490,0,2,11.3,oa
22696247,0.2,0,11.1,sst
22696247,0.2,0,11.1,slr
22696247,0.2,0,11.1,oa
22696247,0.2,0,11.1,uv
22693749,0,0,11.1,sst
22693749,0,0,11.1,slr
22693749,0,0,11.1,oa
22693749,0,0,11.1,uv
22697561,0,0,11.1,sst
22697561,0,0,11.1,slr
22697561,0,0,11.1,oa
22697561,0,0,11.1,uv
22693727,0,0,11.1,sst
22693727,0,0,11.1,slr
22693727,0,0,11.1,oa
22693727,0,0,11.1,uv
22693727,0,0,11.5,oa
22693727,0,0,11.5,uv
22693740,0,0,11.1,sst
22693740,0,0,11.1,slr
22693740,0,0,11.1,oa
22693740,0,0,11.1,uv
22693735,0,0,11.1,sst
22693735,0,0,11.1,slr
22693735,0,0,11.1,oa
22693735,0,0,11.1,uv
22680415,0.4,2,11.1,sst
22680415,0.4,2,11.1,slr
22680415,0.4,2,11.1,oa
22680415,0.4,2,11.1,uv
22680415,0.4,1,11.5,oa
22680415,0.4,1,11.5,uv
22697935,0.8,0,11.1,sst
22697935,0.8,0,11.1,slr
22697935,0.8,0,11.1,oa
22697935,0.8,0,11.1,uv
22698030,0.4,0,11.1,sst
22698030,0.4,0,11.1,slr
22698030,0.4,0,11.1,oa
22698030,0.4,0,11.1,uv
22698097,0.8,0,11.1,sst
22698097,0.8,0,11.1,slr
22698097,0.8,0,11.1,oa
22698097,0.8,0,11.1,uv
22697957,0.4,0,11.1,sst
22697957,0.4,0,11.1,slr
22697957,0.4,0,11.1,oa
22697957,0.4,0,11.1,uv
22698012,0,0,11.1,sst
22698012,0,0,11.1,slr
22698012,0,0,11.1,oa
22698012,0,0,11.1,uv
22697967,0,1,11.1,sst
22697967,0,1,11.1,slr
22697967,0,1,11.1,oa
22697967,0,1,11.1,uv
22697997,0.4,0,11.1,sst
22697997,0.4,0,11.1,slr
22697997,0.4,0,11.1,oa
22697997,0.4,0,11.1,uv
22698235,0.8,0,11.1,sst
22698235,0.8,0,11.1,slr
22698235,0.8,0,11.1,oa
22698235,0.8,0,11.1,uv
22698222,0,0,11.1,sst
22698222,0,0,11.1,slr
22698222,0,0,11.1,oa
22698222,0,0,11.1,uv
22694903,0.2,2,11.3,sst
22694903,0.2,2,11.3,oa
22733979,0,0,11.3,sst
22733979,0,0,11.3,oa
22680029,0,0,11.1,sst
22680029,0,0,11.1,slr
22680029,0,0,11.1,oa
22680029,0,0,11.1,uv
22694502,0.4,2,11.1,sst
22694502,0.4,2,11.1,slr
22694502,0.4,2,11.1,oa
22694502,0.4,2,11.1,uv
22680412,0.2,3,11.1,sst
22680412,0.2,3,11.1,slr
22680412,0.2,3,11.1,oa
22680412,0.2,3,11.1,uv
22680412,0.2,0,11.5,oa
22680412,0.2,0,11.5,uv
22680405,0.2,0,11.1,sst
22680405,0.2,0,11.1,slr
22680405,0.2,0,11.1,oa
22680405,0.2,0,11.1,uv
22680409,0,0,11.1,sst
22680409,0,0,11.1,slr
22680409,0,0,11.1,oa
22680409,0,0,11.1,uv
22680409,0,0,11.5,oa
22680409,0,0,11.5,uv
22697825,0.6,0,11.1,sst
22697825,0.6,0,11.1,slr
22697825,0.6,0,11.1,oa
22697825,0.6,0,11.1,uv
22697825,0.6,2,11.3,sst
22697825,0.6,2,11.3,oa
22694251,0,0,11.5,oa
22694251,0,0,11.5,uv
22694245,0,1,11.1,sst
22694245,0,1,11.1,slr
22694245,0,1,11.1,oa
22694245,0,1,11.1,uv
22694240,0,1,11.5,oa
22694240,0,1,11.5,uv
62101215,0.6,1,11.3,sst
62101215,0.6,1,11.3,oa
22694685,0.6,1,11.3,sst
22694685,0.6,1,11.3,oa
22694666,0,0,11.1,sst
22694666,0,0,11.1,slr
22694666,0,0,11.1,oa
22694666,0,0,11.1,uv
22694656,0,0,11.1,sst
22694656,0,0,11.1,slr
22694656,0,0,11.1,oa
22694656,0,0,11.1,uv
22694673,0,0,11.1,sst
22694673,0,0,11.1,slr
22694673,0,0,11.1,oa
22694673,0,0,11.1,uv
22696683,0,2,11.3,sst
22696683,0,2,11.3,oa
62101249,0.4,1,11.1,sst
62101249,0.4,1,11.1,slr
62101249,0.4,1,11.1,oa
62101249,0.4,1,11.1,uv
22694552,0.2,2,11.3,sst
22694552,0.2,2,11.3,oa
22693289,0.2,0,11.1,sst
22693289,0.2,0,11.1,slr
22693289,0.2,0,11.1,oa
22693289,0.2,0,11.1,uv
22693207,0,0,11.1,sst
22693207,0,0,11.1,slr
22693207,0,0,11.1,oa
22693207,0,0,11.1,uv
22693305,0,0,11.1,sst
22693305,0,0,11.1,slr
22693305,0,0,11.1,oa
22693305,0,0,11.1,uv
22693251,0,0,11.1,sst
22693251,0,0,11.1,slr
22693251,0,0,11.1,oa
22693251,0,0,11.1,uv
22728442,0.6,0,11.1,sst
22728442,0.6,0,11.1,slr
22728442,0.6,0,11.1,oa
22728442,0.6,0,11.1,uv
103670928,0.2,0,11.1,sst
103670928,0.2,0,11.1,slr
103670928,0.2,0,11.1,oa
103670928,0.2,0,11.1,uv
103670944,0.2,0,11.1,sst
103670944,0.2,0,11.1,slr
103670944,0.2,0,11.1,oa
103670944,0.2,0,11.1,uv
22716984,0.2,2,11.3,sst
22716984,0.2,2,11.3,oa
22698320,0.8,2,11.3,sst
22698320,0.8,2,11.3,oa
22696599,0,0,11.1,sst
22696599,0,0,11.1,slr
22696599,0,0,11.1,oa
22696599,0,0,11.1,uv
22698150,0.4,2,11.3,sst
22698150,0.4,2,11.3,oa
62289271,0.6,0,11.1,sst
62289271,0.6,0,11.1,slr
62289271,0.6,0,11.1,oa
62289271,0.6,0,11.1,uv
22697949,0.4,0,11.1,sst
22697949,0.4,0,11.1,slr
22697949,0.4,0,11.1,oa
22697949,0.4,0,11.1,uv
22698035,0.6,0,11.1,sst
22698035,0.6,0,11.1,slr
22698035,0.6,0,11.1,oa
22698035,0.6,0,11.1,uv
22698088,0.6,0,11.1,sst
22698088,0.6,0,11.1,slr
22698088,0.6,0,11.1,oa
22698088,0.6,0,11.1,uv
22697963,0.2,2,11.3,sst
22697963,0.2,2,11.3,oa
22698017,0.6,2,11.3,sst
22698017,0.6,2,11.3,oa
22698039,0.2,0,11.1,sst
22698039,0.2,0,11.1,slr
22698039,0.2,0,11.1,oa
22698039,0.2,0,11.1,uv
22697758,0,2,11.1,sst
22697758,0,2,11.1,slr
22697758,0,2,11.1,oa
22697758,0,2,11.1,uv
22697761,0,2,11.1,sst
22697761,0,2,11.1,slr
22697761,0,2,11.1,oa
22697761,0,2,11.1,uv
22694497,0.4,1,11.1,sst
22694497,0.4,1,11.1,slr
22694497,0.4,1,11.1,oa
22694497,0.4,1,11.1,uv
22697810,0.6,2,11.1,sst
22697810,0.6,2,11.1,slr
22697810,0.6,2,11.1,oa
22697810,0.6,2,11.1,uv
22697822,0.2,1,11.1,sst
22697822,0.2,1,11.1,slr
22697822,0.2,1,11.1,oa
22697822,0.2,1,11.1,uv
22697822,0.2,1,11.3,sst
22697822,0.2,1,11.3,oa
22696686,0,2,11.3,sst
22696686,0,2,11.3,oa
22698375,0,2,11.1,sst
22698375,0,2,11.1,slr
22698375,0,2,11.1,oa
22698375,0,2,11.1,uv
22694841,0,2,11.3,sst
22694841,0,2,11.3,oa
22721043,0,0,11.1,sst
22721043,0,0,11.1,slr
22721043,0,0,11.1,oa
22721043,0,0,11.1,uv
22696753,0,0,11.3,sst
22696753,0,0,11.3,oa
22727668,0,0,11.1,sst
22727668,0,0,11.1,slr
22727668,0,0,11.1,oa
22727668,0,0,11.1,uv
22727683,0,0,11.1,sst
22727683,0,0,11.1,slr
22727683,0,0,11.1,oa
22727683,0,0,11.1,uv
22698182,0.4,0,11.1,sst
22698182,0.4,0,11.1,slr
22698182,0.4,0,11.1,oa
22698182,0.4,0,11.1,uv
22696894,0,0,11.1,sst
22696894,0,0,11.1,slr
22696894,0,0,11.1,oa
22696894,0,0,11.1,uv
22718588,0.2,2,11.1,sst
22718588,0.2,2,11.1,slr
22718588,0.2,2,11.1,oa
22718588,0.2,2,11.1,uv
22696898,0.2,2,11.3,sst
22696898,0.2,2,11.3,oa
22704600,0,0,11.1,sst
22704600,0,0,11.1,slr
22704600,0,0,11.1,oa
22704600,0,0,11.1,uv
22679946,0,0,11.1,sst
22679946,0,0,11.1,slr
22679946,0,0,11.1,oa
22679946,0,0,11.1,uv
22694875,0.2,0,11.1,sst
22694875,0.2,0,11.1,slr
22694875,0.2,0,11.1,oa
22694875,0.2,0,11.1,uv
22694870,0.6,1,11.1,sst
22694870,0.6,1,11.1,slr
22694870,0.6,1,11.1,oa
22694870,0.6,1,11.1,uv
22721046,0,0,11.1,sst
22721046,0,0,11.1,slr
22721046,0,0,11.1,oa
22721046,0,0,11.1,uv
22693427,0,0,11.1,sst
22693427,0,0,11.1,slr
22693427,0,0,11.1,oa
22693427,0,0,11.1,uv
22693404,0,0,11.1,sst
22693404,0,0,11.1,slr
22693404,0,0,11.1,oa
22693404,0,0,11.1,uv
22693399,0,0,11.1,sst
22693399,0,0,11.1,slr
22693399,0,0,11.1,oa
22693399,0,0,11.1,uv
22693396,0,0,11.1,sst
22693396,0,0,11.1,slr
22693396,0,0,11.1,oa
22693396,0,0,11.1,uv
22693468,0,0,11.1,sst
22693468,0,0,11.1,slr
22693468,0,0,11.1,oa
22693468,0,0,11.1,uv
22732425,0.2,1,11.1,sst
22732425,0.2,1,11.1,slr
22732425,0.2,1,11.1,oa
22732425,0.2,1,11.1,uv
22732425,0.2,2,11.5,oa
22732425,0.2,2,11.5,uv
22693373,0.2,0,11.1,sst
22693373,0.2,0,11.1,slr
22693373,0.2,0,11.1,oa
22693373,0.2,0,11.1,uv
22693383,0.2,0,11.1,sst
22693383,0.2,0,11.1,slr
22693383,0.2,0,11.1,oa
22693383,0.2,0,11.1,uv
22693392,0,0,11.1,sst
22693392,0,0,11.1,slr
22693392,0,0,11.1,oa
22693392,0,0,11.1,uv
22734194,0,0,11.1,sst
22734194,0,0,11.1,slr
22734194,0,0,11.1,oa
22734194,0,0,11.1,uv
22734194,0,0,11.5,oa
22734194,0,0,11.5,uv
22693356,0,0,11.1,sst
22693356,0,0,11.1,slr
22693356,0,0,11.1,oa
22693356,0,0,11.1,uv
22724836,0.4,0,11.1,sst
22724836,0.4,0,11.1,slr
22724836,0.4,0,11.1,oa
22724836,0.4,0,11.1,uv
22724836,0.4,2,11.5,oa
22724836,0.4,2,11.5,uv
22724879,0,1,11.1,sst
22724879,0,1,11.1,slr
22724879,0,1,11.1,oa
22724879,0,1,11.1,uv
22724879,0,0,11.5,oa
22724879,0,0,11.5,uv
22696756,0.4,2,11.3,sst
22696756,0.4,2,11.3,oa
22720722,0.8,0,11.1,sst
22720722,0.8,0,11.1,slr
22720722,0.8,0,11.1,oa
22720722,0.8,0,11.1,uv
22697012,0.6,2,11.1,sst
22697012,0.6,2,11.1,slr
22697012,0.6,2,11.1,oa
22697012,0.6,2,11.1,uv
22694279,0,1,11.1,sst
22694279,0,1,11.1,slr
22694279,0,1,11.1,oa
22694279,0,1,11.1,uv
22728990,0,2,11.3,sst
22728990,0,2,11.3,oa
22694896,0,2,11.3,sst
22694896,0,2,11.3,oa
22697043,0,0,11.1,sst
22697043,0,0,11.1,slr
22697043,0,0,11.1,oa
22697043,0,0,11.1,uv
22727677,0,0,11.1,sst
22727677,0,0,11.1,slr
22727677,0,0,11.1,oa
22727677,0,0,11.1,uv
22679859,0,0,11.1,sst
22679859,0,0,11.1,slr
22679859,0,0,11.1,oa
22679859,0,0,11.1,uv
22679881,0,0,11.1,sst
22679881,0,0,11.1,slr
22679881,0,0,11.1,oa
22679881,0,0,11.1,uv
22679872,0,0,11.1,sst
22679872,0,0,11.1,slr
22679872,0,0,11.1,oa
22679872,0,0,11.1,uv
22694799,0,1,11.1,sst
22694799,0,1,11.1,slr
22694799,0,1,11.1,oa
22694799,0,1,11.1,uv
22679919,0.2,1,11.1,sst
22679919,0.2,1,11.1,slr
22679919,0.2,1,11.1,oa
22679919,0.2,1,11.1,uv
22697752,0.2,2,11.1,sst
22697752,0.2,2,11.1,slr
22697752,0.2,2,11.1,oa
22697752,0.2,2,11.1,uv
22693336,0,0,11.1,sst
22693336,0,0,11.1,slr
22693336,0,0,11.1,oa
22693336,0,0,11.1,uv
22693341,0,0,11.1,sst
22693341,0,0,11.1,slr
22693341,0,0,11.1,oa
22693341,0,0,11.1,uv
22680398,0,1,11.1,sst
22680398,0,1,11.1,slr
22680398,0,1,11.1,oa
22680398,0,1,11.1,uv
22680398,0,0,11.5,oa
22680398,0,0,11.5,uv
22679830,0,0,11.1,sst
22679830,0,0,11.1,slr
22679830,0,0,11.1,oa
22679830,0,0,11.1,uv
22693414,0,0,11.1,sst
22693414,0,0,11.1,slr
22693414,0,0,11.1,oa
22693414,0,0,11.1,uv
22693369,0,0,11.1,sst
22693369,0,0,11.1,slr
22693369,0,0,11.1,oa
22693369,0,0,11.1,uv
22693363,0.2,0,11.1,sst
22693363,0.2,0,11.1,slr
22693363,0.2,0,11.1,oa
22693363,0.2,0,11.1,uv
22693464,0,0,11.1,sst
22693464,0,0,11.1,slr
22693464,0,0,11.1,oa
22693464,0,0,11.1,uv
22693376,0,0,11.1,sst
22693376,0,0,11.1,slr
22693376,0,0,11.1,oa
22693376,0,0,11.1,uv
22693408,0,0,11.1,sst
22693408,0,0,11.1,slr
22693408,0,0,11.1,oa
22693408,0,0,11.1,uv
22693379,0,0,11.1,sst
22693379,0,0,11.1,slr
22693379,0,0,11.1,oa
22693379,0,0,11.1,uv
22693388,0,0,11.1,sst
22693388,0,0,11.1,slr
22693388,0,0,11.1,oa
22693388,0,0,11.1,uv
22693359,0.6,0,11.1,sst
22693359,0.6,0,11.1,slr
22693359,0.6,0,11.1,oa
22693359,0.6,0,11.1,uv
22694210,0,0,11.1,sst
22694210,0,0,11.1,slr
22694210,0,0,11.1,oa
22694210,0,0,11.1,uv
22694864,0,1,11.3,sst
22694864,0,1,11.3,oa
22697738,0,1,11.3,sst
22697738,0,1,11.3,oa
22718560,0,0,11.1,sst
22718560,0,0,11.1,slr
22718560,0,0,11.1,oa
22718560,0,0,11.1,uv
22721033,0,0,11.1,sst
22721033,0,0,11.1,slr
22721033,0,0,11.1,oa
22721033,0,0,11.1,uv
22713491,0,0,11.1,sst
22713491,0,0,11.1,slr
22713491,0,0,11.1,oa
22713491,0,0,11.1,uv
22697748,0,0,11.1,sst
22697748,0,0,11.1,slr
22697748,0,0,11.1,oa
22697748,0,0,11.1,uv
22698175,0,1,11.1,sst
22698175,0,1,11.1,slr
22698175,0,1,11.1,oa
22698175,0,1,11.1,uv
22698216,0,1,11.3,sst
22698216,0,1,11.3,oa
22693431,0.2,0,11.1,sst
22693431,0.2,0,11.1,slr
22693431,0.2,0,11.1,oa
22693431,0.2,0,11.1,uv
22693452,0.8,1,11.1,sst
22693452,0.8,1,11.1,slr
22693452,0.8,1,11.1,oa
22693452,0.8,1,11.1,uv
22698172,0.2,2,11.1,sst
22698172,0.2,2,11.1,slr
22698172,0.2,2,11.1,oa
22698172,0.2,2,11.1,uv
22694160,0,0,11.1,sst
22694160,0,0,11.1,slr
22694160,0,0,11.1,oa
22694160,0,0,11.1,uv
22698305,0.4,2,11.1,sst
22698305,0.4,2,11.1,slr
22698305,0.4,2,11.1,oa
22698305,0.4,2,11.1,uv
22735250,0.4,2,11.1,sst
22735250,0.4,2,11.1,slr
22735250,0.4,2,11.1,oa
22735250,0.4,2,11.1,uv
22735250,0.4,2,11.3,sst
22735250,0.4,2,11.3,oa
22697793,0.4,2,11.1,sst
22697793,0.4,2,11.1,slr
22697793,0.4,2,11.1,oa
22697793,0.4,2,11.1,uv
22728318,0.6,2,11.1,sst
22728318,0.6,2,11.1,slr
22728318,0.6,2,11.1,oa
22728318,0.6,2,11.1,uv
22697870,0,1,11.1,sst
22697870,0,1,11.1,slr
22697870,0,1,11.1,oa
22697870,0,1,11.1,uv
22734408,0.6,1,11.1,sst
22734408,0.6,1,11.1,slr
22734408,0.6,1,11.1,oa
22734408,0.6,1,11.1,uv
22696500,0,0,11.1,sst
22696500,0,0,11.1,slr
22696500,0,0,11.1,oa
22696500,0,0,11.1,uv
22694927,0.4,2,11.3,sst
22694927,0.4,2,11.3,oa
22697733,0,1,11.3,sst
22697733,0,1,11.3,oa
22694740,0,1,11.1,sst
22694740,0,1,11.1,slr
22694740,0,1,11.1,oa
22694740,0,1,11.1,uv
22698365,0.2,1,11.1,sst
22698365,0.2,1,11.1,slr
22698365,0.2,1,11.1,oa
22698365,0.2,1,11.1,uv
22697817,0.4,2,11.1,sst
22697817,0.4,2,11.1,slr
22697817,0.4,2,11.1,oa
22697817,0.4,2,11.1,uv
22698209,0.2,2,11.1,sst
22698209,0.2,2,11.1,slr
22698209,0.2,2,11.1,oa
22698209,0.2,2,11.1,uv
22698209,0.2,0,11.3,sst
22698209,0.2,0,11.3,oa
22694447,0.4,2,11.1,sst
22694447,0.4,2,11.1,slr
22694447,0.4,2,11.1,oa
22694447,0.4,2,11.1,uv
22724845,0,0,11.1,sst
22724845,0,0,11.1,slr
22724845,0,0,11.1,oa
22724845,0,0,11.1,uv
22724845,0,0,11.5,oa
22724845,0,0,11.5,uv
22698020,0.8,2,11.3,sst
22698020,0.8,2,11.3,oa
22678625,0.6,0,11.1,sst
22678625,0.6,0,11.1,slr
22678625,0.6,0,11.1,oa
22678625,0.6,0,11.1,uv
22693199,0.6,0,11.1,sst
22693199,0.6,0,11.1,slr
22693199,0.6,0,11.1,oa
22693199,0.6,0,11.1,uv
22694473,0.2,2,11.1,sst
22694473,0.2,2,11.1,slr
22694473,0.2,2,11.1,oa
22694473,0.2,2,11.1,uv
22698350,0.2,1,11.1,sst
22698350,0.2,1,11.1,slr
22698350,0.2,1,11.1,oa
22698350,0.2,1,11.1,uv
22694479,0,0,11.1,sst
22694479,0,0,11.1,slr
22694479,0,0,11.1,oa
22694479,0,0,11.1,uv
22713519,0,0,11.1,sst
22713519,0,0,11.1,slr
22713519,0,0,11.1,oa
22713519,0,0,11.1,uv
22694915,0,0,11.1,sst
22694915,0,0,11.1,slr
22694915,0,0,11.1,oa
22694915,0,0,11.1,uv
22694915,0,0,11.3,sst
22694915,0,0,11.3,oa
22694906,0,0,11.1,sst
22694906,0,0,11.1,slr
22694906,0,0,11.1,oa
22694906,0,0,11.1,uv
22694906,0,2,11.3,sst
22694906,0,2,11.3,oa
22694921,0,0,11.1,sst
22694921,0,0,11.1,slr
22694921,0,0,11.1,oa
22694921,0,0,11.1,uv
22693424,0,0,11.1,sst
22693424,0,0,11.1,slr
22693424,0,0,11.1,oa
22693424,0,0,11.1,uv
22718556,0.2,1,11.1,sst
22718556,0.2,1,11.1,slr
22718556,0.2,1,11.1,oa
22718556,0.2,1,11.1,uv
22694852,0.2,2,11.3,sst
22694852,0.2,2,11.3,oa
22694837,0,0,11.1,sst
22694837,0,0,11.1,slr
22694837,0,0,11.1,oa
22694837,0,0,11.1,uv
22694837,0,0,11.3,sst
22694837,0,0,11.3,oa
22694924,0,2,11.1,sst
22694924,0,2,11.1,slr
22694924,0,2,11.1,oa
22694924,0,2,11.1,uv
22718575,0,0,11.1,sst
22718575,0,0,11.1,slr
22718575,0,0,11.1,oa
22718575,0,0,11.1,uv
22679896,0,0,11.1,sst
22679896,0,0,11.1,slr
22679896,0,0,11.1,oa
22679896,0,0,11.1,uv
22679943,0,0,11.1,sst
22679943,0,0,11.1,slr
22679943,0,0,11.1,oa
22679943,0,0,11.1,uv
22693420,0,0,11.1,sst
22693420,0,0,11.1,slr
22693420,0,0,11.1,oa
22693420,0,0,11.1,uv
22697789,0.6,0,11.1,sst
22697789,0.6,0,11.1,slr
22697789,0.6,0,11.1,oa
22697789,0.6,0,11.1,uv
22697789,0.6,2,11.3,sst
22697789,0.6,2,11.3,oa
22697829,0,1,11.1,sst
22697829,0,1,11.1,slr
22697829,0,1,11.1,oa
22697829,0,1,11.1,uv
22696606,0.4,2,11.1,sst
22696606,0.4,2,11.1,slr
22696606,0.4,2,11.1,oa
22696606,0.4,2,11.1,uv
22696628,0.8,3,11.1,sst
22696628,0.8,3,11.1,slr
22696628,0.8,3,11.1,oa
22696628,0.8,3,11.1,uv
22696610,0,0,11.5,oa
22696610,0,0,11.5,uv
22698049,0.8,1,11.1,sst
22698049,0.8,1,11.1,slr
22698049,0.8,1,11.1,oa
22698049,0.8,1,11.1,uv
22698252,0.6,0,11.1,sst
22698252,0.6,0,11.1,slr
22698252,0.6,0,11.1,oa
22698252,0.6,0,11.1,uv
22694476,0,0,11.1,sst
22694476,0,0,11.1,slr
22694476,0,0,11.1,oa
22694476,0,0,11.1,uv
22694629,0,0,11.1,sst
22694629,0,0,11.1,slr
22694629,0,0,11.1,oa
22694629,0,0,11.1,uv
22694847,0,2,11.1,sst
22694847,0,2,11.1,slr
22694847,0,2,11.1,oa
22694847,0,2,11.1,uv
