meow,impact_mean,impact_var,a_km2,impact
1,0.2315254989538299,0.20567109194758,437003.50330887956,fishing
2,3.0699553314234582,18.437641297056178,381146.8910440207,fishing
3,2.1128332396867604,5.379633760460786,619647.3951630028,fishing
4,1.292316101106926,4.642894742705163,585307.6819241835,fishing
5,4.572304936864304,21.164340795571427,368163.3985622695,fishing
6,0.6683131444916708,2.1173548670751914,337672.10135011,fishing
7,0.1591025096284459,0.16626755205674015,314224.4449077915,fishing
8,0.004631704256736225,0.006258386166387914,1243280.3070409298,fishing
9,0.007697424318511957,0.003983089859304212,245499.6091407016,fishing
10,5.98491109971872e-4,3.987032353648036e-4,588498.5401936525,fishing
11,0.0014236818936096075,7.14722174895381e-4,469027.3556703618,fishing
12,0.17859499804476972,0.22951951168628465,363002.4864674868,fishing
13,0.3552588873168757,0.40297942057807323,625989.8156198129,fishing
14,6.85228394888007,8.283824596757562,991917.6922279028,fishing
15,0,0,912735.6785137028,fishing
16,0,0,554690.6367060692,fishing
17,0.01843733679909107,0.05323115729303697,1006751.6030658919,fishing
18,2.0120910726385692,3.6159187493040554,1808482.2632537503,fishing
19,4.958524149908849,4.621693021382206,86379.34652876822,fishing
20,6.961907331197236,49.686974836629354,375562.4523208267,fishing
21,8.420217046464188,43.736775351051236,205458.4415290292,fishing
22,14.760486317010765,53.09254046147667,250887.56641851045,fishing
23,8.383043686620882,32.12219490443074,293347.638679646,fishing
24,3.860155517721921,2.064202083472684,373629.9483770984,fishing
25,19.40239917406955,39.72076091108706,700661.4890127811,fishing
26,21.59309645304679,197.12432402904292,759877.4971220953,fishing
27,15.713756586064026,361.921654970885,664622.4297342574,fishing
28,19.373061896704776,365.32742267221204,550990.6730757578,fishing
29,6.946290846549286,109.87179575933624,1638499.634232241,fishing
30,31.367629607706448,154.90544981579797,131434.72017669465,fishing
31,16.090315874899265,119.65727319401421,315020.8496070272,fishing
32,10.533024657504098,177.10090664364887,475275.4649369879,fishing
33,16.78380566111705,406.05232540866473,392320.13464174065,fishing
34,12.876196293071969,241.63935896326123,368722.2789928037,fishing
35,19.81697227314964,267.17636839291055,756074.4900246201,fishing
36,30.948958346646556,198.14216083380464,83455.7029989649,fishing
37,5.679779047820691,18.540852563878115,415035.1337133741,fishing
38,8.561635909286037,35.97719953045386,336529.88936936663,fishing
39,8.645297313336776,60.24004827186299,260798.0894264821,fishing
40,18.44940584941514,143.31837464612286,186315.0381580247,fishing
41,21.200674881963703,391.54251263003266,313904.83501272893,fishing
42,10.162647627504697,262.4040614730898,335514.2986818218,fishing
43,17.909672577632758,351.4816777415811,602698.4710451809,fishing
44,0.5137348029232479,0.6785140546750551,458185.0741050381,fishing
45,7.8018001179975345,16.53473134849846,1051098.77028853,fishing
46,2.425380065579895,20.167241195208195,833331.8590369456,fishing
47,8.160612885523268,41.45621937971173,914561.6457683725,fishing
48,15.868087306062401,72.27258951564401,239318.74019729983,fishing
49,12.932785897593302,63.25759884012296,989108.4444543401,fishing
50,28.68623894992095,31.17189429204988,438180.64540827705,fishing
51,33.72994721382326,1404.6954741781308,582576.1534791223,fishing
52,45.19013646060438,1061.682114052816,699524.5165283782,fishing
53,1.2691433025763856,14.351034846989863,1204842.4278165721,fishing
54,7.0047446974071805,69.55103640236912,779564.9358326622,fishing
55,8.490650795849735,52.10973691432208,391315.0229728563,fishing
56,13.952580467319683,36.26717044589353,14591.147141733269,fishing
57,7.919490887522406,100.43543640081512,344603.96595393796,fishing
58,6.797879129871523,157.23829485151992,332440.45597944874,fishing
59,9.9085601798605,248.80498249023674,526969.2908619803,fishing
60,29.196654307738793,394.83904008293877,263791.59308810177,fishing
61,10.554780172485446,303.72407864659857,180821.41750349477,fishing
62,0.3920261705512059,4.838125781326931,379679.8297220616,fishing
63,1.0899217364273746,21.68130179256332,944174.4527247056,fishing
64,3.1144837583115157,54.62016333243214,850844.903300597,fishing
65,3.8915355663994404,99.76261467405523,1078948.4838970767,fishing
66,10.405437792561402,295.56706763994254,583249.4298869185,fishing
67,2.93622223816845,93.04306986745375,799503.8706593511,fishing
68,8.804207278312452,245.01553521688865,246979.769276333,fishing
69,14.973781187710845,431.45587768506425,745649.6223095356,fishing
70,23.96144007230589,330.4648620539572,170113.6165654306,fishing
71,9.76981508421959,261.3145879010564,449381.8330580544,fishing
72,17.871145462798484,258.63653501233375,554182.4046587453,fishing
73,0.06323631323631324,0.4012220915002302,406592.5452538885,fishing
74,0.6998632701273035,14.310211352424348,312096.3327580963,fishing
75,9.990619457767991,261.50250733588234,661075.2851048874,fishing
76,12.42311793340017,287.2928940167175,633614.1680736048,fishing
77,0.5123352045431646,3.5772271760060312,437432.269502024,fishing
78,0.6449624898765594,10.52771077758254,863547.2090102574,fishing
79,3.7984324612051785,47.044724493340304,768070.3358888923,fishing
80,19.890867926044113,511.39057331745687,332359.24366119376,fishing
81,14.334801409537773,464.6312824297505,640231.662407033,fishing
82,17.656077164920333,307.1676157910927,360724.1752317213,fishing
83,21.16594209676494,515.3457842927088,394299.79417180276,fishing
84,2.8599572457588622,52.178819499909395,414771.4119673981,fishing
85,12.779232387915748,440.50748202325457,232195.63367227642,fishing
86,14.403685046843028,248.78013786769793,387274.4916703486,fishing
87,43.95012541013199,3745.1280885809556,229343.59663120002,fishing
88,75.97510198890018,6249.576675730461,228033.72049280765,fishing
89,9.477103816788414,643.4429184864202,551402.8474694128,fishing
90,68.65065253366566,572.0105128893213,239659.30804761217,fishing
91,27.467620682425224,694.6796459561486,276494.7720439704,fishing
92,20.64061135072919,447.4211511352828,540087.2639581981,fishing
93,3.041172618378444,326.8688344275215,442847.29753372323,fishing
94,4.559262755899142,515.3961568355749,309179.67518270615,fishing
95,18.029810056017197,2358.43965906886,471943.1400006261,fishing
96,2.9887104669636106,59.827362069236415,1182895.016196785,fishing
97,3.4654768788274155,73.25844119945444,827607.7002533287,fishing
98,0.7694058050237038,67.01606523243028,1009187.9726887239,fishing
99,5.481245326098946,636.1501222948892,430308.2897307923,fishing
100,12.169568402084243,1456.9897684278153,1159827.2237952524,fishing
101,28.037942410027078,3402.4485515361407,264919.83306377707,fishing
102,8.758333413958448,909.3861243476298,336756.93452847993,fishing
103,37.88890104753841,1492.1886110341443,630420.6899636602,fishing
104,21.174853380604077,2337.2759641771336,658738.4660392737,fishing
105,4.282999785247214,125.76927058136671,1303584.3854967542,fishing
106,0.03159530816062502,0.1877691150019106,632067.640984556,fishing
107,12.558618692790956,429.8077000220464,433802.1660193724,fishing
108,50.77790381653563,4362.303093882505,478104.79747529025,fishing
109,16.016825811013554,1554.4447227334454,777921.4778746357,fishing
110,102.50151636300774,10823.382950585683,258384.42428674278,fishing
111,55.1947514313275,12943.64801577966,727616.9939375902,fishing
112,56.53735587529197,2334.2306717780825,305387.14706167486,fishing
113,60.9608426467164,1079.7133003528065,278257.86532671005,fishing
114,18.38957571976571,204.43135726220825,1268100.7136890253,fishing
115,106.23432412501421,5012.468579069108,271402.8467712251,fishing
116,156.58333294708112,13392.52667710407,185194.6573842501,fishing
117,222.73609898899178,22157.20029995299,1351277.8497120922,fishing
118,285.79991806599,18914.561795587222,163302.26057424862,fishing
119,44.59245397155595,11706.851320856716,603518.4535269557,fishing
120,0.8336989940068277,6.88777750612019,833064.6443210944,fishing
121,16.327517296268752,786.6906336314016,1011278.5350560276,fishing
122,11.837217052272925,65.0424358398668,1125070.0965791508,fishing
123,2.2909641353794497,22.331064850435354,987827.3855647149,fishing
124,2.600091691346669,44.083605514900036,2240625.252718024,fishing
125,1.709640685861118,27.885601251923624,994360.1745867889,fishing
126,93.63264499159237,18447.37218982471,561347.4272912784,fishing
127,24.70774751293837,206.55256631422353,916929.9019559001,fishing
128,92.85179072199281,20611.506655393485,774832.7899368298,fishing
129,51.78669309213406,12286.1985136673,267337.86446437496,fishing
130,67.9744747113713,14976.587779333167,609483.6295501335,fishing
131,56.43011161867313,13042.418746258023,906384.525614196,fishing
132,40.54176670146638,9231.08199523806,631057.2898156901,fishing
133,114.85647271851188,21292.146741169836,69325.63220997447,fishing
134,18.807357947787104,4.134768395641399,711858.3104490334,fishing
135,10.764787765042625,92.42657208379431,1654693.1965407648,fishing
136,19.199944348103248,4.7615917979582285,660078.9059531935,fishing
137,19.22877912957512,7.028450929612426,226835.62044081735,fishing
138,19.6397327044059,23.188541016833806,72787.19832941075,fishing
139,106.87984299848911,6752.633257317619,372284.2689380048,fishing
140,3.5323409677499735,114.189692741655,591339.2249854084,fishing
141,5.844097378792732,153.1732574612241,357619.7686888723,fishing
142,3.7523585121224556,58.290042776709036,184572.02956031534,fishing
143,0.2764535567140275,6.909218390244832,209813.34316403122,fishing
144,3.004798809520844,69.67079717453183,592562.6492981836,fishing
145,1.2365712219289415,16.189005172656426,148432.546399443,fishing
146,0.24641314803503225,2.893196441076172,767990.8700853921,fishing
147,5.823248882122288,764.8639176982376,772907.2719177959,fishing
148,0.8786335213271651,13.838719609890028,1497647.7778206936,fishing
149,0.29392493899906763,6.153902846574241,1167964.1744443544,fishing
150,0.0739171654913261,1.4474889660479286,733801.3558584446,fishing
151,0.01951492487775151,0.17899599195380914,745394.6331085009,fishing
152,2.109384240115926,19.498766669266296,2661470.123846186,fishing
153,2.2949772390229795,38.9149501206627,2194960.350186288,fishing
154,2.52183780178606,49.171203075142,2255878.3240125254,fishing
155,1.0302618369105025,12.10598071307364,1498691.312437189,fishing
156,0.9853473531019478,12.925727808417198,2499131.9321985925,fishing
157,1.9353819953782063,103.41801390264825,762967.0584032369,fishing
158,0.1853560098474998,2.9836322453271538,2410767.6866919356,fishing
159,0.3593851138680365,4.625552912010227,1180456.0267651642,fishing
160,0.349350431508225,4.352576413751105,1697786.3756136943,fishing
161,0,0,480019.8363764698,fishing
162,1.3453771835590156,19.500600291436815,741373.313301399,fishing
163,0.16618493821859148,1.0386405600095032,665277.3678252506,fishing
164,1.5260365513740572,22.867078709144494,641033.3066576186,fishing
165,1.5414939006104316,16.317637826551543,435952.9826949672,fishing
166,5.1756841672796225,110.16854363553801,657427.7166649073,fishing
167,7.323514737676911,181.12437682104408,391566.51918069343,fishing
168,4.9204412005640705,130.44968472977595,285779.1742522276,fishing
169,1.1538140020898642,16.23130752819662,337066.06532222044,fishing
170,5.335573109129577,99.03439704415867,515295.67456201883,fishing
171,15.202608389596364,194.77995962791294,254414.62629868902,fishing
172,6.317194319265463,58.312899217486944,214484.361509202,fishing
173,10.98028619766739,91.17802795783675,396393.84949382715,fishing
174,10.495761488214228,59.156871166852206,231849.82634953634,fishing
175,15.489288185737397,384.75769122181833,315164.9359442506,fishing
176,9.03570090116003,241.08705682611745,656299.4766310736,fishing
177,6.163316386802893,159.14175200605564,297618.708236414,fishing
178,8.156460535773226,196.11197712928092,295999.7012567507,fishing
179,0.5991708248154527,2.7080393894104784,889916.7625583553,fishing
180,17.375765032458638,403.88977729760205,374922.35952440876,fishing
181,25.516447119056494,669.594404078873,261392.7731864523,fishing
182,36.144247222064614,70.96441374133619,31290.321629748276,fishing
183,23.679988898268935,235.84012332860857,366022.1876598157,fishing
184,27.073192100648388,50.62710257952241,208326.19709484885,fishing
185,19.25807022784691,39.9931254740573,437307.3946444613,fishing
186,2.997025873213361,20.099230516966944,415662.127770712,fishing
187,3.754916038313634,46.98741632193496,655007.0655288335,fishing
188,9.589437496696762,151.77339396040117,214039.0036292437,fishing
189,0.10514217606954981,0.6795935937150787,964177.1349181269,fishing
190,3.6823957565871432,99.29415187201688,417200.7956468385,fishing
191,3.6380274278347096,53.030480549015714,418342.13441955537,fishing
192,4.6765284020068885,65.78461814792186,366358.3892092179,fishing
193,1.3896135132962824,40.87868331013046,325647.43824395916,fishing
194,0,0,396052.40844513214,fishing
195,0.20295470288881634,1.544825455351217,550838.7274356685,fishing
196,7.16813559139676,189.6317336359769,355401.7117683848,fishing
197,2.306394133228277,65.55955569208302,236299.0390370515,fishing
198,0.8739277224677363,11.35221282923675,368307.4849206504,fishing
199,8.742547294542113,178.55688115816272,706968.9793570383,fishing
200,5.590605355134568,95.659247216159,261802.3278232772,fishing
201,4.170671530648316,53.94153346925936,107243.05400740252,fishing
202,1.4008092770460792,137.88544220204875,246025.30614997927,fishing
203,3.069713963748233,192.05411337972103,190126.7777424796,fishing
204,1.1351038532297368,21.063747369688055,251738.1126809299,fishing
205,0.6480165598471034,11.884968095451043,441679.7612338397,fishing
206,0.3463128615873615,4.06869160628064,322244.3799664752,fishing
207,1.0418839964773363,10.435688456150482,185669.70579155957,fishing
208,0.6812376740704623,10.18895649720019,304048.4536507994,fishing
209,0.2068723428826606,3.1778584778610344,541476.6059485067,fishing
210,0.9735248403665291,12.946577222937345,188414.3329821956,fishing
211,1.2383435925565642,37.18280540990459,182501.5519759565,fishing
212,0,0,262832.76373001776,fishing
213,0,0,255082.66313200977,fishing
214,0.06213633402217745,0.1845665767455187,400907.68270975165,fishing
215,0,0,429349.4603581441,fishing
216,0,0,327084.8089972363,fishing
217,0,0,256493.83638744548,fishing
218,0,0,122191.36071135566,fishing
219,0,0,405401.43119429634,fishing
220,2.1177147624801584,19.83052059544733,403383.3486709624,fishing
221,1.6403404548072227,10.388285028989921,277083.3430798923,fishing
222,1.0668456678173357,5.88581648054782,365234.51545838435,fishing
223,0.7467547700502493,2.4263390431775305,444173.76560779987,fishing
224,0.009996060926705387,0.0074319480803545284,2222803.9511057204,fishing
225,0,0,233511.62259110418,fishing
226,0.015580656876544228,0.010145817680655051,724539.6581941938,fishing
227,5.280816832746677e-4,2.1214797633266634e-4,1253450.1856690329,fishing
228,0,0,1054900.0308235232,fishing
229,0.011540766106538543,0.018501801316003437,1021146.2689656466,fishing
230,0.06430204321636059,0.1443863314198149,388993.922393804,fishing
231,0.3099376667591523,3.4632976231530304,214670.36392451148,fishing
232,2.033221860988168,22.708036082764323,168165.39408977533,fishing
1,1.1589963373593318e-4,2.3183978607595055e-4,437003.50330887956,land-based
2,0.002036036177873136,0.0023594084339770612,381146.8910440207,land-based
3,0.0021406818527763562,0.006897752314043978,619647.3951630028,land-based
4,0.025495962078600738,0.08087382820525757,585307.6819241835,land-based
5,0.11748865272282333,0.5904727705363655,368163.3985622695,land-based
6,0.006291959353447758,0.014466707277623612,337672.10135011,land-based
7,5.521079625542453e-4,5.155330890995072e-4,314224.4449077915,land-based
8,0.022142650735744916,0.0475135535362545,1243280.3070409298,land-based
9,8.892588314848839e-4,0.0010952017824061254,245499.6091407016,land-based
10,0,0,588498.5401936525,land-based
11,0.001272873397889938,0.0013265592804909993,469027.3556703618,land-based
12,0.007089400525364237,0.008612757290068891,363002.4864674868,land-based
13,0.012305689302248565,0.04455833172812518,625989.8156198129,land-based
14,0.02407155853412558,0.07089257468050991,991917.6922279028,land-based
15,3.571829477758241e-5,2.8278941910325357e-5,912735.6785137028,land-based
16,0.0054486603947588065,0.021638303498690854,554690.6367060692,land-based
17,0.0028358016477827356,0.008316517649475118,1006751.6030658919,land-based
18,6.632940222018384e-4,0.0018422212640645164,1808482.2632537503,land-based
19,0.061310661341291865,0.14774527127040496,86379.34652876822,land-based
20,0.029808823687760524,0.04659425382319644,375562.4523208267,land-based
21,0.017545052665938112,0.043611163517208215,205458.4415290292,land-based
22,0.27431202173498886,1.0411901426497736,250887.56641851045,land-based
23,0.10790471718710097,0.28738900931908234,293347.638679646,land-based
24,0.29763949851392285,0.6074593512865503,373629.9483770984,land-based
25,0.5710101034744407,2.9254075460464004,700661.4890127811,land-based
26,0.3954475611549894,2.559027658326961,759877.4971220953,land-based
27,0.3938881516119595,2.908661803685788,664622.4297342574,land-based
28,0.15662886725884145,1.0278019577532185,550990.6730757578,land-based
29,0.040756330766051854,0.28572661031921076,1638499.634232241,land-based
30,1.4558418391063375,7.348946281840525,131434.72017669465,land-based
31,0.7991591474060081,4.278860793411416,315020.8496070272,land-based
32,0.2857353712716907,1.4139160484343947,475275.4649369879,land-based
33,0.17730035495140434,0.8923145258388385,392320.13464174065,land-based
34,0.4201257889104957,2.330420787676611,368722.2789928037,land-based
35,0.6689912557394763,4.547703290756853,756074.4900246201,land-based
36,0.957151379415015,6.195756047960011,83455.7029989649,land-based
37,0.27909046529665604,1.1762169182612068,415035.1337133741,land-based
38,0.06353621761510657,0.2902096675900944,336529.88936936663,land-based
39,0.09474349141314829,0.6239495303571733,260798.0894264821,land-based
40,0.44624371616723996,2.7584954008462335,186315.0381580247,land-based
41,0.8066878628151543,5.695868044808923,313904.83501272893,land-based
42,0.28975420703201654,2.3855022213840575,335514.2986818218,land-based
43,0.31592140018336845,1.9911074187335416,602698.4710451809,land-based
44,0.2081054999526774,0.38088340369623847,458185.0741050381,land-based
45,0.08292388842706815,0.8516812289604565,1051098.77028853,land-based
46,0.004588067683526688,0.018866503177417,833331.8590369456,land-based
47,0.0822013029671386,0.9449218808671239,914561.6457683725,land-based
48,0.7137314280924488,7.474454934939984,239318.74019729983,land-based
49,0.4326920188929538,4.163576982589385,989108.4444543401,land-based
50,1.3324843573289251,9.385018920793085,438180.64540827705,land-based
51,4.213113294028664,390.6754483584876,582576.1534791223,land-based
52,1.3559767197883592,112.52560164581136,699524.5165283782,land-based
53,0.005346974735478665,0.020856836737101758,1204842.4278165721,land-based
54,0.09584981852820262,0.4214824296303545,779564.9358326622,land-based
55,0.10622767001682394,0.5179705688226599,391315.0229728563,land-based
56,3.0989686274659247,7.490886581885299,14591.147141733269,land-based
57,0.23079216682968492,1.7827398828356962,344603.96595393796,land-based
58,0.16865470829907986,2.103251816775277,332440.45597944874,land-based
59,0.14676052567118636,1.451426099225495,526969.2908619803,land-based
60,0.633483405613379,5.478075503678556,263791.59308810177,land-based
61,0.0693221677788292,0.5622296684061445,180821.41750349477,land-based
62,0.010966238743171453,0.09121429056480498,379679.8297220616,land-based
63,0.12055940590654562,1.8747313732045316,944174.4527247056,land-based
64,0.1712013511954661,2.6338910849473214,850844.903300597,land-based
65,0.6547432717895928,10.516089048625455,1078948.4838970767,land-based
66,0.6347120713607638,9.785160536874503,583249.4298869185,land-based
67,0.2820802961589922,3.7530045656920135,799503.8706593511,land-based
68,0.5926405235838818,9.129940734715484,246979.769276333,land-based
69,0.23817688203249118,2.0542387446697465,745649.6223095356,land-based
70,0.8522077647131527,11.115353352980325,170113.6165654306,land-based
71,0.2163569167607838,2.1990964329677585,449381.8330580544,land-based
72,0.2497032346715492,1.3035367289060993,554182.4046587453,land-based
73,0,0,406592.5452538885,land-based
74,0.0027420563470284525,0.02742232784305747,312096.3327580963,land-based
75,0.281409670518585,1.8058276768745334,661075.2851048874,land-based
76,0.20865347874378457,1.2207759735249508,633614.1680736048,land-based
77,0,0,437432.269502024,land-based
78,0.0013287652385725597,0.006984713176112807,863547.2090102574,land-based
79,0.03515156746202906,0.2760477796400829,768070.3358888923,land-based
80,0.14878174786719936,1.4757543225969323,332359.24366119376,land-based
81,0.21971404970727262,2.3065074197240953,640231.662407033,land-based
82,0.1873582811546553,1.616510007738617,360724.1752317213,land-based
83,0.4935903261885817,3.433170683163316,394299.79417180276,land-based
84,0.010874279301754913,0.060668941771925514,414771.4119673981,land-based
85,0.2749161965668495,1.207977826961832,232195.63367227642,land-based
86,0.16529721319362922,1.1924641895042627,387274.4916703486,land-based
87,2.690347461810397,355.54316416002206,229343.59663120002,land-based
88,7.0225594905774535,968.7131453486807,228033.72049280765,land-based
89,0.8605677729955779,98.07897734944984,551402.8474694128,land-based
90,3.8053842054893026,176.3074961933743,239659.30804761217,land-based
91,0.7210955888887539,33.316002619648046,276494.7720439704,land-based
92,0.2114240478331709,16.46278325735964,540087.2639581981,land-based
93,0.19879911244116916,20.645382024834586,442847.29753372323,land-based
94,0.8166259946561337,91.27220540529586,309179.67518270615,land-based
95,3.392904105557783,456.7752655203049,471943.1400006261,land-based
96,0.0692601743925933,10.18464003605258,1182895.016196785,land-based
97,0,0,827607.7002533287,land-based
98,0.2656356917851281,38.634050188905675,1009187.9726887239,land-based
99,1.0169884586544733,138.81704827222515,430308.2897307923,land-based
100,1.505091710258674,217.80078226231663,1159827.2237952524,land-based
101,1.465638441238537,167.094950195221,264919.83306377707,land-based
102,0.7918399717040764,69.33144247324613,336756.93452847993,land-based
103,1.3544288131651618,52.07366740109014,630420.6899636602,land-based
104,1.6315146418238917,174.60219399729948,658738.4660392737,land-based
105,1.1245511544967959,128.54742517467793,1303584.3854967542,land-based
106,8.662494409592841e-4,0.0025984322439352786,632067.640984556,land-based
107,0.548459001946286,5.397386401949084,433802.1660193724,land-based
108,2.7984401954030806,272.47151002971594,478104.79747529025,land-based
109,0.8979211260664947,124.9959623586217,777921.4778746357,land-based
110,11.088563948588604,1800.4688633493547,258384.42428674278,land-based
111,5.598640060416207,1631.507816387706,727616.9939375902,land-based
112,2.7355402909569095,189.22565545268043,305387.14706167486,land-based
113,2.405440517415743,148.18229060957253,278257.86532671005,land-based
114,0,0,1268100.7136890253,land-based
115,5.4930329461056395,539.3897766427701,271402.8467712251,land-based
116,6.406085917409249,1162.2027030473432,185194.6573842501,land-based
117,7.814206651908762,2208.10450978895,1351277.8497120922,land-based
118,29.734094539295167,7908.371589637616,163302.26057424862,land-based
119,6.586651285434679,1980.9652420673995,603518.4535269557,land-based
120,0.014698406096123053,0.6195163809068792,833064.6443210944,land-based
121,1.463506850095849,310.73854940592105,1011278.5350560276,land-based
122,0.02530329024557342,2.5299263461252264,1125070.0965791508,land-based
123,0.09382898141612005,11.5178087061841,987827.3855647149,land-based
124,0.28382019125672636,54.43785814264141,2240625.252718024,land-based
125,0.2372686799377149,38.98780738362377,994360.1745867889,land-based
126,17.15807624354078,5235.4252136507575,561347.4272912784,land-based
127,21.35067494920852,6494.032378220171,916929.9019559001,land-based
128,7.711383377355311,2397.210720115902,774832.7899368298,land-based
129,11.469165090786245,3485.9131127707606,267337.86446437496,land-based
130,4.522099539437014,1228.0773446254998,609483.6295501335,land-based
131,10.950276021860397,3360.7792412317085,906384.525614196,land-based
132,12.631571904276516,3867.1206473988354,631057.2898156901,land-based
133,20.50351851450328,5994.150242742336,69325.63220997447,land-based
134,3.3390036343906595,873.1568514243352,711858.3104490334,land-based
135,2.3239157834658233,639.6454480590157,1654693.1965407648,land-based
136,3.0173341603311985,783.6052135251405,660078.9059531935,land-based
137,1.0781259595158743,244.75206498567013,226835.62044081735,land-based
138,2.98797071342531,579.9027487675396,72787.19832941075,land-based
139,1.6212657186883268,228.2100243742544,372284.2689380048,land-based
140,0.43591121807883504,43.32214673721816,591339.2249854084,land-based
141,0.41547850751345333,38.354160092159596,357619.7686888723,land-based
142,0.12054358582385948,0.3461742771923635,184572.02956031534,land-based
143,3.759341376604392,753.3312802387926,209813.34316403122,land-based
144,0.19293092908840914,30.767585541658296,592562.6492981836,land-based
145,5.294833983992827e-5,1.5895499942268412e-4,148432.546399443,land-based
146,0.2851637335827114,26.42544406151514,767990.8700853921,land-based
147,1.758842393471195,366.54850385598803,772907.2719177959,land-based
148,0.59589845074948,112.09509886817547,1497647.7778206936,land-based
149,0.42577340083686505,85.70151318746932,1167964.1744443544,land-based
150,0,0,733801.3558584446,land-based
151,0.009260929855178936,0.3960394312992344,745394.6331085009,land-based
152,0.02566256309233155,0.5361659051954413,2661470.123846186,land-based
153,0.5084889894157015,86.0844662327242,2194960.350186288,land-based
154,0.3319244206512819,58.59179240804244,2255878.3240125254,land-based
155,0.013113695709446713,0.32899064863689953,1498691.312437189,land-based
156,0.025809330575101114,1.981101310926488,2499131.9321985925,land-based
157,0.22328792186210814,26.562494617998627,762967.0584032369,land-based
158,0.10813499464480125,6.287893378313815,2410767.6866919356,land-based
159,0,0,1180456.0267651642,land-based
160,0.01661614074218954,0.7709838473804105,1697786.3756136943,land-based
161,0.30396785044177804,19.869816157295805,480019.8363764698,land-based
162,0.003897613744850621,0.027455764933520907,741373.313301399,land-based
163,0.005036490759941036,0.08765394568989551,665277.3678252506,land-based
164,1.4712353204328064e-4,6.810232425047997e-5,641033.3066576186,land-based
165,0,0,435952.9826949672,land-based
166,0.13955306803709241,1.2910684422202408,657427.7166649073,land-based
167,0.3477214950771382,3.1123875548887017,391566.51918069343,land-based
168,0.33171076486495443,4.397044869687059,285779.1742522276,land-based
169,0,0,337066.06532222044,land-based
170,0.34952411216133994,4.1995092451030045,515295.67456201883,land-based
171,0.38069691294067665,3.3918038535869717,254414.62629868902,land-based
172,0,0,214484.361509202,land-based
173,0.038074970385003744,0.31733205053048846,396393.84949382715,land-based
174,0.012574920901330772,0.03621462232613136,231849.82634953634,land-based
175,0.2152678872212754,1.6554327506396027,315164.9359442506,land-based
176,0.11164880825764487,0.8249410200335315,656299.4766310736,land-based
177,0.07621000926273801,0.334987303438197,297618.708236414,land-based
178,0.2240156000278304,0.8994262928379646,295999.7012567507,land-based
179,4.5138531320351434e-4,0.0018055518510930121,889916.7625583553,land-based
180,0.263985193060972,1.6207302635886587,374922.35952440876,land-based
181,0.32889680230197893,1.6312971481523728,261392.7731864523,land-based
182,1.675755375217159,3.706340746555441,31290.321629748276,land-based
183,0.1674750506823102,0.6461022404109075,366022.1876598157,land-based
184,0.07497638606780009,0.3239596915644762,208326.19709484885,land-based
185,0.013090885351866017,0.021262268211228334,437307.3946444613,land-based
186,0.004016857344169261,0.002086659155078753,415662.127770712,land-based
187,0.06624546664147943,0.11641098751447071,655007.0655288335,land-based
188,0.13939547265640043,0.39778636716514004,214039.0036292437,land-based
189,0,0,964177.1349181269,land-based
190,0.018502471246374996,0.11289894067687586,417200.7956468385,land-based
191,0.0729897044471527,0.456726055818835,418342.13441955537,land-based
192,0.1609142529270921,1.5285769833851583,366358.3892092179,land-based
193,0.4802376254966786,16.083862309596118,325647.43824395916,land-based
194,0,0,396052.40844513214,land-based
195,0,0,550838.7274356685,land-based
196,0.12552980791006363,0.6573889228123684,355401.7117683848,land-based
197,5.96212571955655e-4,4.967103867070339e-4,236299.0390370515,land-based
198,0,0,368307.4849206504,land-based
199,0.13103906569413895,0.4491244707302913,706968.9793570383,land-based
200,0.03991078534826341,0.14883318536397205,261802.3278232772,land-based
201,0,0,107243.05400740252,land-based
202,2.1532172748419516,296.8735480755295,246025.30614997927,land-based
203,0.7963880720531644,44.094546758248605,190126.7777424796,land-based
204,0.13297164418000515,0.6694743681633106,251738.1126809299,land-based
205,0.09800812459511446,0.49195065518491193,441679.7612338397,land-based
206,0.07900178026757891,0.2756480582937903,322244.3799664752,land-based
207,0.3790112830887575,1.1472804205789946,185669.70579155957,land-based
208,0.01696823469628808,0.058566493375798126,304048.4536507994,land-based
209,0.138859054025914,1.5798005402617634,541476.6059485067,land-based
210,0.06140253448909719,7.9539973206048415,188414.3329821956,land-based
211,0.265406962411597,15.467318395177006,182501.5519759565,land-based
212,0,0,262832.76373001776,land-based
213,0,0,255082.66313200977,land-based
214,0,0,400907.68270975165,land-based
215,0,0,429349.4603581441,land-based
216,0.002504271681168174,0.00228574769930951,327084.8089972363,land-based
217,0,0,256493.83638744548,land-based
218,0,0,122191.36071135566,land-based
219,0,0,405401.43119429634,land-based
220,0,0,403383.3486709624,land-based
221,0,0,277083.3430798923,land-based
222,0,0,365234.51545838435,land-based
223,0,0,444173.76560779987,land-based
224,0,0,2222803.9511057204,land-based
225,0,0,233511.62259110418,land-based
226,0,0,724539.6581941938,land-based
227,0,0,1253450.1856690329,land-based
228,0,0,1054900.0308235232,land-based
229,0,0,1021146.2689656466,land-based
230,0,0,388993.922393804,land-based
231,0,0,214670.36392451148,land-based
232,0,0,168165.39408977533,land-based
1,0.08855397893409636,0.10351964246378312,437003.50330887956,ocean
2,2.5053195835953788,1.9117304832506352,381146.8910440207,ocean
3,2.3021081280747713,3.693500494201827,619647.3951630028,ocean
4,2.010207436201148,3.07648336546472,585307.6819241835,ocean
5,3.471156377919878,1.16830296678434,368163.3985622695,ocean
6,1.9452602126436616,2.5404865086238178,337672.10135011,ocean
7,0.4955585878458053,0.24550812092100646,314224.4449077915,ocean
8,0.3434004946138414,0.35100925272299577,1243280.3070409298,ocean
9,0.2319957693897384,0.17709166548009517,245499.6091407016,ocean
10,0.006891550947092818,0.006640736058031219,588498.5401936525,ocean
11,0.021020719104325892,0.020157341961594084,469027.3556703618,ocean
12,0.0688476135573309,0.0663505274736532,363002.4864674868,ocean
13,0.37271488692209126,0.5906977063587961,625989.8156198129,ocean
14,2.4521516589247727,2.0771716626327463,991917.6922279028,ocean
15,0.010423682735220218,0.014662432393337567,912735.6785137028,ocean
16,0,0,554690.6367060692,ocean
17,0.15117789276741733,0.12789537021569572,1006751.6030658919,ocean
18,1.1416156077914994,1.6866845087592237,1808482.2632537503,ocean
19,0.8417258913947685,0.9364758854557312,86379.34652876822,ocean
20,2.971251459279872,0.12400977194649279,375562.4523208267,ocean
21,2.984801088172872,0.045388998664742795,205458.4415290292,ocean
22,2.9057313476963422,0.22447430520774836,250887.56641851045,ocean
23,2.794425955001211,0.41597799204533087,293347.638679646,ocean
24,0.026410446361176003,0.02661758589152727,373629.9483770984,ocean
25,2.906644149965844,0.19128669662474954,700661.4890127811,ocean
26,2.9541247257182137,0.11477679385973841,759877.4971220953,ocean
27,2.985913623900054,0.03032559578637153,664622.4297342574,ocean
28,2.720140314224471,0.33312961018829224,550990.6730757578,ocean
29,3.171384762311553,0.4714698386539349,1638499.634232241,ocean
30,1.9364369618809532,0.110261331872301,131434.72017669465,ocean
31,2.5203851289852333,0.5769169334311173,315020.8496070272,ocean
32,2.0166881025165315,0.09751810287841829,475275.4649369879,ocean
33,1.919115115699351,0.1515907123033821,392320.13464174065,ocean
34,2.041193694307714,0.0965351656491197,368722.2789928037,ocean
35,1.9810571761121465,0.034361128031234776,756074.4900246201,ocean
36,1.9431300947260226,0.1036752353895142,83455.7029989649,ocean
37,3.0202534951377187,0.5484460583551519,415035.1337133741,ocean
38,3.056446172090718,0.13444000375486753,336529.88936936663,ocean
39,3.061020853728338,0.10394188937057709,260798.0894264821,ocean
40,3.3182678874121665,0.700972346297628,186315.0381580247,ocean
41,4.105809434418171,0.8934054046989605,313904.83501272893,ocean
42,4.341653371017466,0.8423211454096746,335514.2986818218,ocean
43,3.140111198324177,1.6776002684769658,602698.4710451809,ocean
44,0.005283129607374394,0.005256406415282726,458185.0741050381,ocean
45,1.6820710464909656,1.5967615815045069,1051098.77028853,ocean
46,2.527516005924277,1.8122997756266301,833331.8590369456,ocean
47,2.9232421820175394,0.6436247326019072,914561.6457683725,ocean
48,3.377890082791142,0.9893833409715441,239318.74019729983,ocean
49,2.481751148323539,1.3132863044890644,989108.4444543401,ocean
50,4.7731932193180215,1.1847593875641027,438180.64540827705,ocean
51,17.00660285904255,993.0500232041916,582576.1534791223,ocean
52,13.172550965897985,1246.4277459513507,699524.5165283782,ocean
53,2.970578592806762,0.17362712900789956,1204842.4278165721,ocean
54,3.1159106965435206,0.5137264137849759,779564.9358326622,ocean
55,3.0618556778298753,0.7387097135572944,391315.0229728563,ocean
56,3.066910053559503,2.6938642625034874,14591.147141733269,ocean
57,3.0998313998584313,0.22020225288169132,344603.96595393796,ocean
58,3.0629667474287854,0.11063753558226537,332440.45597944874,ocean
59,3.7350819252378606,0.48409595983390497,526969.2908619803,ocean
60,3.3222159691897577,9.86826911549256,263791.59308810177,ocean
61,3.858458051635219,1.2699274757949313,180821.41750349477,ocean
62,3.3119605141611084,0.22359043542510101,379679.8297220616,ocean
63,4.813129267324303,16.38300913999577,944174.4527247056,ocean
64,3.5256449995438595,5.454629497412926,850844.903300597,ocean
65,3.48024826710264,9.09903002314801,1078948.4838970767,ocean
66,5.094538753689756,25.02082401322388,583249.4298869185,ocean
67,4.574225228134416,17.87246145672217,799503.8706593511,ocean
68,4.219423114252095,15.520286186291607,246979.769276333,ocean
69,5.3936124362786,18.61177833093964,745649.6223095356,ocean
70,5.93255306534845,12.001310484930796,170113.6165654306,ocean
71,3.2856925402907016,6.643523839558088,449381.8330580544,ocean
72,2.9673599950287723,0.8508607001223168,554182.4046587453,ocean
73,2.720893970893971,0.7445386339329672,406592.5452538885,ocean
74,2.8584819080228847,0.3965357036144573,312096.3327580963,ocean
75,3.130052433183722,0.5398585276280261,661075.2851048874,ocean
76,3.1112533726158325,1.9655887016330946,633614.1680736048,ocean
77,1.335227832302263,3.0526531549642515,437432.269502024,ocean
78,0.9851486383451364,1.8646455337722132,863547.2090102574,ocean
79,2.917190891296591,0.2193137783041165,768070.3358888923,ocean
80,3.1182597651418087,0.3973315124107407,332359.24366119376,ocean
81,3.0832702502176366,0.7480394829335766,640231.662407033,ocean
82,3.027644229028384,0.4075513328370295,360724.1752317213,ocean
83,3.134422664172997,0.7690684904441827,394299.79417180276,ocean
84,2.8499602083649784,0.4018978111096391,414771.4119673981,ocean
85,3.033461452456451,0.7408891468469228,232195.63367227642,ocean
86,2.829721795136691,0.8815775056518981,387274.4916703486,ocean
87,30.569185533243783,2907.735738829274,229343.59663120002,ocean
88,72.1768888231188,4600.516628186021,228033.72049280765,ocean
89,10.515150893915536,770.5892358483993,551402.8474694128,ocean
90,42.00718420078319,115.88583350135389,239659.30804761217,ocean
91,8.136071782117288,179.90092878686323,276494.7720439704,ocean
92,7.94299024987118,294.8341687016458,540087.2639581981,ocean
93,2.4997301788502804,88.8491364440827,442847.29753372323,ocean
94,0.7184805040254356,1.9461764635777405,309179.67518270615,ocean
95,5.7783637128776455,432.09272613182003,471943.1400006261,ocean
96,5.913233643728849,567.5201606657108,1182895.016196785,ocean
97,3.4222290692262542,210.8140582033187,827607.7002533287,ocean
98,3.605907868647029,110.85508591601669,1009187.9726887239,ocean
99,12.556119945969607,1145.8947980860623,430308.2897307923,ocean
100,8.912787149506494,872.8572854370547,1159827.2237952524,ocean
101,14.826677037231384,1150.0381891744237,264919.83306377707,ocean
102,8.716642114389218,312.5154456477923,336756.93452847993,ocean
103,12.43824650001,273.4017012540612,630420.6899636602,ocean
104,10.626607120173887,824.5715958002963,658738.4660392737,ocean
105,4.744500302936844,282.5685114047202,1303584.3854967542,ocean
106,2.5955867792015526,124.59862295742934,632067.640984556,ocean
107,2.6006169222886157,2.2293069774881418,433802.1660193724,ocean
108,6.154425572477347,568.3520397137053,478104.79747529025,ocean
109,4.496086440825672,395.0407300294571,777921.4778746357,ocean
110,40.41270910583383,6523.373674069688,258384.42428674278,ocean
111,6.900288201987423,1653.5294597628094,727616.9939375902,ocean
112,22.18767294078724,1513.399730711934,305387.14706167486,ocean
113,25.826981456065685,389.7654720005519,278257.86532671005,ocean
114,7.879255812008213,795.1892064412383,1268100.7136890253,ocean
115,86.62035977460454,2708.9028984688034,271402.8467712251,ocean
116,119.91440135441096,9575.375340395409,185194.6573842501,ocean
117,221.81728620515528,9762.675093326807,1351277.8497120922,ocean
118,232.20222279258678,14634.884356243992,163302.26057424862,ocean
119,18.962248557783433,4936.532831166965,603518.4535269557,ocean
120,2.229098203464948,3.104864421898344,833064.6443210944,ocean
121,12.334080273975369,1630.5631477125235,1011278.5350560276,ocean
122,4.502740413737402,41.95577948665156,1125070.0965791508,ocean
123,3.955970628682664,90.0392290037184,987827.3855647149,ocean
124,2.780450927300818,156.62145673946398,2240625.252718024,ocean
125,3.112102408118964,106.89844023827973,994360.1745867889,ocean
126,116.51514333067037,22353.80414160655,561347.4272912784,ocean
127,27.754983168101976,7126.045433402328,916929.9019559001,ocean
128,73.38081200891688,16845.72481477595,774832.7899368298,ocean
129,17.50167082185694,4066.2349799922245,267337.86446437496,ocean
130,17.63376451204635,4073.7604697729666,609483.6295501335,ocean
131,12.198733773332318,3067.363229910468,906384.525614196,ocean
132,19.746596210057174,4973.030758405137,631057.2898156901,ocean
133,0.5456492168544002,150.46778973427885,69325.63220997447,ocean
134,13.235592783138198,2551.1023555184534,711858.3104490334,ocean
135,7.093055833080104,1445.9602743698636,1654693.1965407648,ocean
136,28.231253692135287,5666.879319568936,660078.9059531935,ocean
137,11.259131515772516,1786.3041801408933,226835.62044081735,ocean
138,43.82989810492243,6455.335572077786,72787.19832941075,ocean
139,57.773355687825315,4928.052313938116,372284.2689380048,ocean
140,97.58200107186502,4647.527393909041,591339.2249854084,ocean
141,119.00385242519704,4941.099972032794,357619.7686888723,ocean
142,99.82949944697997,9990.886460970152,184572.02956031534,ocean
143,173.21258711445975,5315.349096440318,209813.34316403122,ocean
144,69.97550882405739,6015.2795906192705,592562.6492981836,ocean
145,12.852825187022091,1246.8040315208543,148432.546399443,ocean
146,2.90886852793046,69.58898795559132,767990.8700853921,ocean
147,10.317084928301602,1581.4760537179252,772907.2719177959,ocean
148,3.285871665069359,225.28743087386292,1497647.7778206936,ocean
149,9.085196146460909,1062.2362258768412,1167964.1744443544,ocean
150,7.933870831465356,814.8933460002535,733801.3558584446,ocean
151,3.168943726575936,7.125380530298929,745394.6331085009,ocean
152,3.074156113446434,3.18091872338117,2661470.123846186,ocean
153,2.4503433600228894,117.2278855523633,2194960.350186288,ocean
154,0.7780071129178878,26.180748412012765,2255878.3240125254,ocean
155,1.8145965271709503,3.2905556975547907,1498691.312437189,ocean
156,1.0452707179541758,5.275020678078759,2499131.9321985925,ocean
157,2.0528768753871116,52.39655345170957,762967.0584032369,ocean
158,1.9122942572980368,26.033119875854254,2410767.6866919356,ocean
159,2.109524250005062,4.010884183694507,1180456.0267651642,ocean
160,1.9000026059075215,5.526179819804591,1697786.3756136943,ocean
161,2.231779070787208,36.36386361493809,480019.8363764698,ocean
162,1.3987156367174325,2.3461557434512716,741373.313301399,ocean
163,0.5080738738649244,1.3392224735351437,665277.3678252506,ocean
164,3.152583902372649,0.3422459011087252,641033.3066576186,ocean
165,2.60249784665971,1.0336994155146815,435952.9826949672,ocean
166,3.2978743470798575,0.9907946247863001,657427.7166649073,ocean
167,3.72511435062984,6.617929159137435,391566.51918069343,ocean
168,3.3452240175334023,4.082709730277304,285779.1742522276,ocean
169,2.4210031347962384,1.384005264963516,337066.06532222044,ocean
170,2.799893462162721,4.950294477069971,515295.67456201883,ocean
171,2.5159423176873537,2.38178329626992,254414.62629868902,ocean
172,2.2913898116260643,1.3753160834146922,214484.361509202,ocean
173,2.5165741774182795,2.5656503217523534,396393.84949382715,ocean
174,2.2786683340561926,1.6754955387751462,231849.82634953634,ocean
175,2.3962095814264073,1.4010091928363622,315164.9359442506,ocean
176,2.8818349590620085,1.3754622851479816,656299.4766310736,ocean
177,2.9981436764649354,0.5021328268211557,297618.708236414,ocean
178,2.3501532616300933,1.4520763226979383,295999.7012567507,ocean
179,1.5657588261363256,2.6896379323905664,889916.7625583553,ocean
180,3.078543628633637,0.33838827618011613,374922.35952440876,ocean
181,2.4996353003523852,1.4494817692953155,261392.7731864523,ocean
182,3.451300512643563,1.077921282880461,31290.321629748276,ocean
183,2.465807306404522,1.5641034203192008,366022.1876598157,ocean
184,1.0921290162857797,2.010324878467663,208326.19709484885,ocean
185,0.964992681445877,1.819794170305834,437307.3946444613,ocean
186,0.8753072517842676,1.8276948811770914,415662.127770712,ocean
187,0.8489039154122209,1.797001679618184,655007.0655288335,ocean
188,1.0877946684654254,1.9874380090462513,214039.0036292437,ocean
189,0.6323483594297499,1.481123729318673,964177.1349181269,ocean
190,2.5481528924540053,1.1057915890284877,417200.7956468385,ocean
191,3.597235993230335,0.8408932655378979,418342.13441955537,ocean
192,4.785177522550635,18.645293732389423,366358.3892092179,ocean
193,6.722982601125408,66.72697732119393,325647.43824395916,ocean
194,0.6400147286444573,1.4921479721431004,396052.40844513214,ocean
195,1.8098900164271126,2.1446470202437227,550838.7274356685,ocean
196,2.436050783173597,1.3599371858481268,355401.7117683848,ocean
197,2.957091172464531,0.12246846834241303,236299.0390370515,ocean
198,1.107654481373787,2.079081245260007,368307.4849206504,ocean
199,2.4590173790681753,1.6220791439153,706968.9793570383,ocean
200,2.072312170489475,2.0960294334954854,261802.3278232772,ocean
201,1.2876987842899366,2.1598119954803416,107243.05400740252,ocean
202,27.924748433919945,2651.071371510848,246025.30614997927,ocean
203,8.547388196074603,232.5428729259525,190126.7777424796,ocean
204,3.7063692214385426,1.0211575229291021,251738.1126809299,ocean
205,1.5462894862731908,2.5745015108311495,441679.7612338397,ocean
206,2.2919883546044733,3.050670895308874,322244.3799664752,ocean
207,3.340471297100842,2.856783598421786,185669.70579155957,ocean
208,1.8888055985138426,3.1244053635312237,304048.4536507994,ocean
209,3.4497449213409257,13.208243701427188,541476.6059485067,ocean
210,42.07368922008727,4318.43793042217,188414.3329821956,ocean
211,19.319420438751568,1380.8534967761984,182501.5519759565,ocean
212,0.21920247724974823,0.5913024995995615,262832.76373001776,ocean
213,0.26303717473592875,0.7160771130035904,255082.66313200977,ocean
214,0.4716400418999203,1.1616806452703938,400907.68270975165,ocean
215,0.35611225457887485,0.9245211610967762,429349.4603581441,ocean
216,0.5764657197952965,1.3684521781391168,327084.8089972363,ocean
217,0.4233648709827158,1.0550395069079843,256493.83638744548,ocean
218,0.11414523287473213,0.2866095362798333,122191.36071135566,ocean
219,0.5119290717771601,1.2526697570312073,405401.43119429634,ocean
220,0.3961591833281754,1.00943235390645,403383.3486709624,ocean
221,0.437039278168302,1.089259355117279,277083.3430798923,ocean
222,0.729258070006283,1.6350195687903115,365234.51545838435,ocean
223,0.688501191677035,1.5008997664904773,444173.76560779987,ocean
224,0.23917238539247962,0.41381907004967605,2222803.9511057204,ocean
225,0.4447934780446608,0.6817326778417164,233511.62259110418,ocean
226,0.23430846020231183,0.40923866466837644,724539.6581941938,ocean
227,0.17037206301643426,0.3054297871537275,1253450.1856690329,ocean
228,0.09932658120326118,0.18673952300595353,1054900.0308235232,ocean
229,0.026251066817162962,0.03435364764406081,1021146.2689656466,ocean
230,0.49521500476837016,1.2275382321895014,388993.922393804,ocean
231,1.0694588514791563,2.0282240945521357,214670.36392451148,ocean
232,0.3939628402506093,0.9996621565524401,168165.39408977533,ocean
1,0.6491724833790592,1.2048366976478957,437003.50330887956,climate
2,3.639288624484691,0.8743968292998232,381146.8910440207,climate
3,3.9840198129029187,4.508743302521986,619647.3951630028,climate
4,5.10600863664669,1.5430219052188203,585307.6819241835,climate
5,5.542062281845253,0.8020098839197645,368163.3985622695,climate
6,5.493333919992559,1.4750411672749695,337672.10135011,climate
7,3.2934889240316543,0.7231890343237232,314224.4449077915,climate
8,1.9997736007554097,1.9278521627989185,1243280.3070409298,climate
9,1.4258921341047912,0.9717682599262976,245499.6091407016,climate
10,0.36003345615785526,0.48327716499376944,588498.5401936525,climate
11,1.0992381999760472,0.7994984996207526,469027.3556703618,climate
12,2.4019379779955856,0.7920238332681234,363002.4864674868,climate
13,2.6052372648329216,0.8702390012436251,625989.8156198129,climate
14,1.3831755571041349,3.9199254824587233,991917.6922279028,climate
15,1.2762519901031713,1.6594951526545025,912735.6785137028,climate
16,2.3731170031420215,0.6892514757755491,554690.6367060692,climate
17,2.154777001560814,2.080886827713346,1006751.6030658919,climate
18,2.611535038740065,2.6385532714003843,1808482.2632537503,climate
19,3.66679471988374,0.7669668252903205,86379.34652876822,climate
20,4.1175828657305,0.2710202404474134,375562.4523208267,climate
21,3.8139068344385723,0.6315531821279363,205458.4415290292,climate
22,3.0148716395883643,1.6737485921694755,250887.56641851045,climate
23,3.1007771553102215,0.8204971994855192,293347.638679646,climate
24,1.085591660281727,0.2213457853303697,373629.9483770984,climate
25,3.682379896284975,0.9930788428141542,700661.4890127811,climate
26,4.918577306479581,0.9724186280832504,759877.4971220953,climate
27,5.4014724496063495,1.3653618504603162,664622.4297342574,climate
28,4.460575467715387,0.3180737383187321,550990.6730757578,climate
29,3.932403571100522,0.4474375012019263,1638499.634232241,climate
30,2.550467737375488,0.5786460399858159,131434.72017669465,climate
31,2.1565270020465075,0.3380467371967384,315020.8496070272,climate
32,2.038410563575206,0.053386779826003115,475275.4649369879,climate
33,2.069072972653072,0.07909085016721422,392320.13464174065,climate
34,2.0444453917037184,0.06863083605981082,368722.2789928037,climate
35,3.979049436133561,0.3921002928570533,756074.4900246201,climate
36,4.214525630879556,0.4156779719566326,83455.7029989649,climate
37,4.7076828343314805,1.0209369186723403,415035.1337133741,climate
38,4.010129501261837,1.3251942538395358,336529.88936936663,climate
39,3.9102176893126694,3.3704868141687747,260798.0894264821,climate
40,4.7064105087895935,0.9303641890074021,186315.0381580247,climate
41,3.0189141144584797,2.6750677456400136,313904.83501272893,climate
42,2.286559798836518,1.005690058914355,335514.2986818218,climate
43,1.6346541520876747,1.6586941797113277,602698.4710451809,climate
44,0.28757098654150054,0.27125473231737834,458185.0741050381,climate
45,3.33903953102578,5.132329190662644,1051098.77028853,climate
46,5.130867338745162,5.670252466702664,833331.8590369456,climate
47,6.086948717030217,4.972583299661109,914561.6457683725,climate
48,6.195643210683715,4.856006182911729,239318.74019729983,climate
49,5.174550076555372,1.6596435914234142,989108.4444543401,climate
50,2.3202579079219996,0.9931307585062479,438180.64540827705,climate
51,17.58998703339566,962.6884932745505,582576.1534791223,climate
52,12.027077522002982,1249.1276216890292,699524.5165283782,climate
53,5.813592023247931,15.550397905119778,1204842.4278165721,climate
54,0.4411787549348347,1.1071177472642437,779564.9358326622,climate
55,0.5931048642035294,1.3908531499007841,391315.0229728563,climate
56,2.251142102131906,2.955290209682642,14591.147141733269,climate
57,0.8764522332633303,4.685857422355646,344603.96595393796,climate
58,0.4053055874017918,1.7140554179412142,332440.45597944874,climate
59,0.9978087364469856,4.807773079821179,526969.2908619803,climate
60,5.445239671784974,12.391058092283348,263791.59308810177,climate
61,2.738802738129886,7.886470346516454,180821.41750349477,climate
62,1.4844012459435723,0.4888811752861783,379679.8297220616,climate
63,2.661889646729697,16.420361368164418,944174.4527247056,climate
64,1.8029767783437682,5.295075555523617,850844.903300597,climate
65,2.2637747932165935,13.354999086960259,1078948.4838970767,climate
66,3.4973369516843347,26.056112461941108,583249.4298869185,climate
67,3.252070251455863,21.49432165479278,799503.8706593511,climate
68,2.832978585644281,19.087028195473003,246979.769276333,climate
69,3.6946558329041586,19.11002389450168,745649.6223095356,climate
70,3.8134048573519204,11.58281579265795,170113.6165654306,climate
71,2.7636181327738916,4.975739831726452,449381.8330580544,climate
72,2.865408170752192,0.4283161575013007,554182.4046587453,climate
73,2,0,406592.5452538885,climate
74,2,0,312096.3327580963,climate
75,2.0452598847532673,0.4832582238979237,661075.2851048874,climate
76,1.5739037635602386,0.7807155144064214,633614.1680736048,climate
77,0.797717817476144,0.7644741067416095,437432.269502024,climate
78,1.8320898490696447,0.5813181869881641,863547.2090102574,climate
79,3.868394514035146,0.1933658314800484,768070.3358888923,climate
80,4.004595375679704,0.029337421390665953,332359.24366119376,climate
81,3.7787865025136074,0.5471113911077058,640231.662407033,climate
82,2.0055961447713466,0.007975609273132137,360724.1752317213,climate
83,1.8831560476048703,0.13814827756292603,394299.79417180276,climate
84,1.7224914767176738,0.21311950384499392,414771.4119673981,climate
85,1.5383166979173004,0.4515180734530727,232195.63367227642,climate
86,1.7833941394477348,0.3052416714333575,387274.4916703486,climate
87,36.65362942026799,3343.6486735133685,229343.59663120002,climate
88,89.41395922108758,4037.781475493227,228033.72049280765,climate
89,10.522227873239016,823.4219636364039,551402.8474694128,climate
90,40.99985546821428,76.82456118271551,239659.30804761217,climate
91,6.318186173086439,183.21749115076017,276494.7720439704,climate
92,7.271237451592999,348.1688852098618,540087.2639581981,climate
93,7.7425085851378865,494.38803454010304,442847.29753372323,climate
94,5.864433877854234,421.9699277636482,309179.67518270615,climate
95,12.847282976589897,1387.9425331974498,471943.1400006261,climate
96,8.219355998950359,911.4464411737199,1182895.016196785,climate
97,3.3193656018672875,259.9615073524271,827607.7002533287,climate
98,2.4053075808316104,128.85097389246036,1009187.9726887239,climate
99,11.070764493525994,1223.7914349296434,430308.2897307923,climate
100,16.03334583524878,1846.8976063163013,1159827.2237952524,climate
101,24.514778331733616,2039.3617903963477,264919.83306377707,climate
102,6.178344340244162,368.7924449168773,336756.93452847993,climate
103,10.380927910021793,242.00616400883018,630420.6899636602,climate
104,12.139818457524088,990.1057669317757,658738.4660392737,climate
105,5.925848264886499,390.2045205956309,1303584.3854967542,climate
106,8.28655494437052,979.4229287260795,632067.640984556,climate
107,1.347619708901724,1.0724132656167498,433802.1660193724,climate
108,31.349661499781234,2687.743790422812,478104.79747529025,climate
109,10.09606279473492,1164.566950502888,777921.4778746357,climate
110,96.70235698762113,7500.836471429666,258384.42428674278,climate
111,35.13536232161365,7978.4381765275,727616.9939375902,climate
112,19.18454179945981,1519.2761552564202,305387.14706167486,climate
113,22.02845268145968,378.72052661423794,278257.86532671005,climate
114,7.0766673475990665,829.2130731168329,1268100.7136890253,climate
115,94.63292964212991,1946.6955595309546,271402.8467712251,climate
116,122.3110204762145,9206.707762285116,185194.6573842501,climate
117,244.84596464975903,5804.971279701713,1351277.8497120922,climate
118,237.32133726803704,13416.041859074972,163302.26057424862,climate
119,32.03844695688344,8165.027459518589,603518.4535269557,climate
120,1.7017903570933535,2.1789565623575666,833064.6443210944,climate
121,10.483131304414371,1644.700525110072,1011278.5350560276,climate
122,5.042433203845482,41.51653239355643,1125070.0965791508,climate
123,4.993258528536785,92.78122257657863,987827.3855647149,climate
124,4.6806125631613895,402.61123118637323,2240625.252718024,climate
125,4.036740529250936,160.903589644615,994360.1745867889,climate
126,143.30632704204427,24176.553308831186,561347.4272912784,climate
127,57.46849852777005,14317.731900327497,916929.9019559001,climate
128,80.31362781152005,18014.66708885527,774832.7899368298,climate
129,39.603898232368785,10156.718199432313,267337.86446437496,climate
130,53.61856901753707,11445.60893486851,609483.6295501335,climate
131,40.81000723841696,10424.181934107712,906384.525614196,climate
132,27.896645181629303,7634.014078696797,631057.2898156901,climate
133,81.8961890549814,18471.1821171816,69325.63220997447,climate
134,22.52693140506096,4634.763673466441,711858.3104490334,climate
135,15.255685804106323,3121.463911710273,1654693.1965407648,climate
136,33.52489415476077,6731.882975270606,660078.9059531935,climate
137,11.981980820094591,1985.464218375033,226835.62044081735,climate
138,30.32932626095966,3505.3565389460337,72787.19832941075,climate
139,45.64210060813005,3482.083211924574,372284.2689380048,climate
140,32.567782091795685,2663.6715485172517,591339.2249854084,climate
141,91.89563000720999,4035.1071625581058,357619.7686888723,climate
142,58.688417655487676,7195.668269290694,184572.02956031534,climate
143,180.6734258279294,3944.567911813333,209813.34316403122,climate
144,71.43157213195214,5960.521168636584,592562.6492981836,climate
145,9.84822064205806,1256.4391222531447,148432.546399443,climate
146,6.943164117110785,102.56164464861126,767990.8700853921,climate
147,18.707608931134526,2618.671989842055,772907.2719177959,climate
148,8.937738168865774,577.0941570767012,1497647.7778206936,climate
149,14.966592142665034,1747.8506546023668,1167964.1744443544,climate
150,8.522492887302388,978.7972923844893,733801.3558584446,climate
151,6.391388799545661,12.513243250425345,745394.6331085009,climate
152,2.8369128322909254,7.707017117719682,2661470.123846186,climate
153,6.23987326171472,355.89451404009236,2194960.350186288,climate
154,3.4533759215465203,194.14262438343897,2255878.3240125254,climate
155,0.06430387835618413,1.3798782476255431,1498691.312437189,climate
156,2.112886950077407,14.876755973445981,2499131.9321985925,climate
157,5.812170492095367,93.71686752988107,762967.0584032369,climate
158,1.3908002944139288,39.00915233301879,2410767.6866919356,climate
159,1.667227156033362,4.388460267413803,1180456.0267651642,climate
160,4.3700096798293675,4.331391520891139,1697786.3756136943,climate
161,3.829489066072897,38.55803698542694,480019.8363764698,climate
162,0.028717171934504467,0.12805170026604915,741373.313301399,climate
163,0.957277118687805,1.0225950846436407,665277.3678252506,climate
164,2.86219293075927,5.785513204904617,641033.3066576186,climate
165,3.3513991546734823,1.5728179905660769,435952.9826949672,climate
166,2.3614150300744567,4.6129065209519045,657427.7166649073,climate
167,3.860806881293685,14.764347686360352,391566.51918069343,climate
168,2.4093618006809487,16.273836916440448,285779.1742522276,climate
169,0.31880877742946706,0.7287182767216503,337066.06532222044,climate
170,3.784100929965328,13.235430585654356,515295.67456201883,climate
171,0.686481866878068,3.014898024550529,254414.62629868902,climate
172,0.8221437798311514,1.96270623572554,214484.361509202,climate
173,2.2903398254331035,6.468127917845639,396393.84949382715,climate
174,1.6645235564727916,2.719989140633271,231849.82634953634,climate
175,0.42531840788713354,1.2425434201056933,315164.9359442506,climate
176,0.5730315252539111,2.1154690191208445,656299.4766310736,climate
177,0.7273375447534559,1.2860422132577394,297618.708236414,climate
178,1.5919112115256606,3.7105697233981187,295999.7012567507,climate
179,2.284944173780493,1.746578542047374,889916.7625583553,climate
180,2.7333657861557112,0.9549278301195171,374922.35952440876,climate
181,2.5612467275280624,2.2176180544188058,261392.7731864523,climate
182,3.045890080837392,3.361637531516168,31290.321629748276,climate
183,4.817691719751633,1.0544575369075204,366022.1876598157,climate
184,5.938581121791406,1.1450367231872276,208326.19709484885,climate
185,4.345228752542566,5.486021206012306,437307.3946444613,climate
186,3.6867551553061872,5.795451823782901,415662.127770712,climate
187,1.046023596573742,2.6214735043695163,655007.0655288335,climate
188,2.3261405270058364,4.448109354340582,214039.0036292437,climate
189,5.897473472184902,0.26966755275914944,964177.1349181269,climate
190,2.2596206711175104,0.6682776259630194,417200.7956468385,climate
191,1.2783148216099138,1.9662872260847954,418342.13441955537,climate
192,3.1084481036066904,14.415884181333817,366358.3892092179,climate
193,5.097837572203179,69.16918062773432,325647.43824395916,climate
194,3.9820213521226755,2.352869244230999,396052.40844513214,climate
195,7.814026621460197,1.618204791748484,550838.7274356685,climate
196,2.9082689783223548,12.06176889441257,355401.7117683848,climate
197,6.350561905740046,7.547044966065559,236299.0390370515,climate
198,4.125745081279643,8.041515004289826,368307.4849206504,climate
199,3.7916585865229697,12.101609986535081,706968.9793570383,climate
200,1.4894830587391277,2.6580642646964368,261802.3278232772,climate
201,1.711972792440326,3.2659058216136145,107243.05400740252,climate
202,29.16187907898371,2617.596359433422,246025.30614997927,climate
203,11.974766102967124,225.82063974527753,190126.7777424796,climate
204,6.357696474507256,3.8860174310179314,251738.1126809299,climate
205,6.316511397446483,5.807538098783217,441679.7612338397,climate
206,7.3452289009623986,0.5106088813977072,322244.3799664752,climate
207,5.958280617936328,0.5764625401997435,185669.70579155957,climate
208,5.486093399967757,0.3239242430849028,304048.4536507994,climate
209,4.96899543615463,7.594748065916799,541476.6059485067,climate
210,42.97930590259385,4500.655648433135,188414.3329821956,climate
211,17.054787033566086,1352.282098802029,182501.5519759565,climate
212,2.287612991268026,5.864818845216379,262832.76373001776,climate
213,4.686189193210221,0.37151545603414116,255082.66313200977,climate
214,4.407748091633253,1.203818561510594,400907.68270975165,climate
215,4.842228902411006,4.391534471514844,429349.4603581441,climate
216,4.893487469705211,4.475026332271545,327084.8089972363,climate
217,2.6490809367803485,2.8498306980257593,256493.83638744548,climate
218,0.4565237588348648,0.6258869849783193,122191.36071135566,climate
219,2.765974358354416,2.8026487522643606,405401.43119429634,climate
220,4.948079772088639,0.06732987244401842,403383.3486709624,climate
221,3.007120473455963,3.89208992694446,277083.3430798923,climate
222,1.9737826372803864,6.475055103148855,365234.51545838435,climate
223,1.3366670338989126,3.850754173915809,444173.76560779987,climate
224,0.49051099038017587,0.6426718215552433,2222803.9511057204,climate
225,0.40354767741466563,0.38725160806880493,233511.62259110418,climate
226,0.07410996371175815,0.058417680883832195,724539.6581941938,climate
227,0.06614211482616666,0.1832210094440399,1253450.1856690329,climate
228,0.6124424503757334,0.5787792090477923,1054900.0308235232,climate
229,0.15710561253716948,0.2593605243787612,1021146.2689656466,climate
230,2.1245019137908026,3.343786567997149,388993.922393804,climate
231,3.432110667700929,2.9661534694130234,214670.36392451148,climate
232,3.1479898636510364,2.492709932506471,168165.39408977533,climate
1,0.9291873239119096,1.5153252200865064,437003.50330887956,all
2,7.982325587387298,12.287184763384145,381146.8910440207,all
3,7.434070805314572,10.146999464420086,619647.3951630028,all
4,7.326278391806318,8.33477922157596,585307.6819241835,all
5,11.612315911081941,10.257927834165258,368163.3985622695,all
6,7.1426203313249985,4.614236856516524,337672.10135011,all
7,3.448840619616914,0.8066416025962155,314224.4449077915,all
8,2.0630628670266917,2.1406678801783148,1243280.3070409298,all
9,1.488884857560536,0.9042845098722928,245499.6091407016,all
10,0.3632880607143735,0.48700717511798713,588498.5401936525,all
11,1.1078231135310825,0.7981697327127867,469027.3556703618,all
12,2.502398015205242,0.9098001646260616,363002.4864674868,all
13,2.9815056613991295,1.233085672284643,625989.8156198129,all
14,8.968713547594653,6.039078395868443,991917.6922279028,all
15,1.2814716448459917,1.6681285090342257,912735.6785137028,all
16,2.374824071636288,0.6932190768927258,554690.6367060692,all
17,2.1743193989374965,2.1048497097642644,1006751.6030658919,all
18,4.295695863948095,7.173334918272734,1808482.2632537503,all
19,7.202132427668891,3.519947729003692,86379.34652876822,all
20,12.026980628943654,27.556167717354633,375562.4523208267,all
21,12.533688938253308,23.362243140208484,205458.4415290292,all
22,17.082643296325145,44.91435292645441,250887.56641851045,all
23,11.705665335570359,26.119613108268492,293347.638679646,all
24,4.12665561948017,1.77689901568717,373629.9483770984,all
25,21.674518921076253,33.06314906360015,700661.4890127811,all
26,25.842758109794847,151.39271454625742,759877.4971220953,all
27,21.903982008447887,268.6418397737513,664622.4297342574,all
28,25.138366364316305,295.79406400190715,550990.6730757578,all
29,13.58409661761904,89.43349051907154,1638499.634232241,all
30,33.56524397205505,129.24875097927097,131434.72017669465,all
31,19.674140090620043,104.32931117335932,315020.8496070272,all
32,13.799362437321802,149.7655998774475,475275.4649369879,all
33,19.891320025472503,360.7538751019431,392320.13464174065,all
34,16.5396673125187,225.2519324123764,368722.2789928037,all
35,24.511633340581877,228.51870120983403,756074.4900246201,all
36,34.62402383193383,160.93672770637917,83455.7029989649,all
37,11.671996202142072,13.483344347873949,415035.1337133741,all
38,13.574538459859717,24.044641010213915,336529.88936936663,all
39,14.171982775594804,56.762141994320146,260798.0894264821,all
40,23.136156131028155,107.59143750648367,186315.0381580247,all
41,25.601841980654864,327.30584990783666,313904.83501272893,all
42,16.096600929327394,257.4321373716327,335514.2986818218,all
43,21.601602775323894,341.444206564113,602698.4710451809,all
44,0.7952577623001204,1.0756142031182263,458185.0741050381,all
45,9.335617197259072,16.366148980162407,1051098.77028853,all
46,8.798451968320801,13.276002700882804,833331.8590369456,all
47,15.114701801623323,23.545259075267374,914561.6457683725,all
48,23.222894430994195,40.79701388449672,239318.74019729983,all
49,17.613540171597773,44.219377161576595,989108.4444543401,all
50,30.892910785000126,30.686525043398383,438180.64540827705,all
51,45.087478045943435,1696.0982149623483,582576.1534791223,all
52,51.66348587115845,1575.9348585709859,699524.5165283782,all
53,9.87587176428923,18.229255997614832,1204842.4278165721,all
54,9.880555145512796,68.14443883836712,779564.9358326622,all
55,11.393995859906697,54.05325512546975,391315.0229728563,all
56,17.00616436837614,56.753045582403516,14591.147141733269,all
57,10.986976565616292,95.77720823704513,344603.96595393796,all
58,9.838290520329776,143.80018755208363,332440.45597944874,all
59,13.779594349018135,220.78754894451976,526969.2908619803,all
60,33.13420837783138,332.7887375780889,263791.59308810177,all
61,15.825182184246895,278.0743061397227,180821.41750349477,all
62,5.1684847898953015,4.2150380875873035,379679.8297220616,all
63,6.6970697244769575,33.918628045145674,944174.4527247056,all
64,7.656692414598567,60.22200866957481,850844.903300597,all
65,8.458003995928594,101.56047916371661,1078948.4838970767,all
66,15.280906796806946,306.41096512904375,583249.4298869185,all
67,8.559665658194442,115.82656423110193,799503.8706593511,all
68,12.860525370366302,236.01639756154503,246979.769276333,all
69,19.37119198105232,432.74847921678776,745649.6223095356,all
70,30.075523386596423,370.5733059754378,170113.6165654306,all
71,14.34709073222945,227.7418917896853,449381.8330580544,all
72,21.842737386609375,217.09192352589886,554182.4046587453,all
73,4.781185031185031,1.1003616141385832,406592.5452538885,all
74,5.512769215703946,13.113812172150125,312096.3327580963,all
75,14.094643351242043,222.56242141601388,661075.2851048874,all
76,16.12970571159308,262.2907863807475,633614.1680736048,all
77,2.6316733343517784,6.994768223057212,437432.269502024,all
78,3.4474925371045346,12.835919287561348,863547.2090102574,all
79,10.394595133232205,42.92173117483336,768070.3358888923,all
80,24.837334908000393,399.98315674724773,332359.24366119376,all
81,19.7022214827942,390.39482213390755,640231.662407033,all
82,21.330473531732668,257.59687630207765,360724.1752317213,all
83,24.48785281065763,437.60675018453054,394299.79417180276,all
84,7.257809900228702,45.5430784613911,414771.4119673981,all
85,16.42245898842033,381.3952512291636,232195.63367227642,all
86,17.84659117402212,210.6076484274514,387274.4916703486,all
87,57.401069440188074,4546.430921347495,229343.59663120002,all
88,117.54071759262199,5104.797931162112,228033.72049280765,all
89,19.93294923974869,1505.2241968283838,551402.8474694128,all
90,75.90623501318287,187.77717997381527,239659.30804761217,all
91,30.025325279111236,664.4456347115232,276494.7720439704,all
92,26.687523750715783,723.11862699847,540087.2639581981,all
93,11.287860649782498,727.9357514433103,442847.29753372323,all
94,8.730582171519949,682.896023138535,309179.67518270615,all
95,22.330797148866047,2456.20153791196,471943.1400006261,all
96,12.871487619314882,1249.8585103014514,1182895.016196785,all
97,8.364399781701035,315.7866103974704,827607.7002533287,all
98,5.716663149231227,168.27683799587666,1009187.9726887239,all
99,17.10828128809632,1728.9837150154276,430308.2897307923,all
100,23.826812345037514,2597.335629741487,1159827.2237952524,all
101,37.98773562335681,3764.5986921856916,264919.83306377707,all
102,15.258562471696244,941.0584178692126,336756.93452847993,all
103,42.20488352439015,1462.8135331255332,630420.6899636602,all
104,25.379815168234362,2497.7376326165536,658738.4660392737,all
105,11.423362658344468,610.0448505796785,1303584.3854967542,all
106,10.107937627669697,963.4036984997409,632067.640984556,all
107,15.512805128964462,406.7857989894073,433802.1660193724,all
108,57.83236957066156,4743.312810955682,478104.79747529025,all
109,19.00664957907761,1713.7405726014783,777921.4778746357,all
110,130.8527201936643,11186.068673805254,258384.42428674278,all
111,59.283949105709816,13363.90474536424,727616.9939375902,all
112,61.55640673556361,2333.63442252,305387.14706167486,all
113,71.12246400831324,1131.6717884367708,278257.86532671005,all
114,26.54239945293161,968.0648613462075,1268100.7136890253,all
115,148.36137531125055,2429.501629150457,271402.8467712251,all
116,167.3950945087076,13103.884876455752,185194.6573842501,all
117,298.19415355015434,7575.1248857452665,1351277.8497120922,all
118,291.7997380350618,18268.664514842407,163302.26057424862,all
119,48.99832688080847,12141.869168860085,603518.4535269557,all
120,4.710168231858437,9.889731991569802,833064.6443210944,all
121,27.431615352364737,2103.559664490788,1011278.5350560276,all
122,20.046716911213274,90.49285807695884,1125070.0965791508,all
123,10.337195285215383,112.6790422234792,987827.3855647149,all
124,9.10335078591598,520.6656677206596,2240625.252718024,all
125,8.133904985131473,220.7404780557528,994360.1745867889,all
126,180.30322511298442,28752.82091033226,561347.4272912784,all
127,84.00397582489728,16959.558833882627,916929.9019559001,all
128,107.45659046761054,22406.61830355726,774832.7899368298,all
129,57.27286449688486,12437.539696621601,267337.86446437496,all
130,73.2698047357005,15124.65360070978,609483.6295501335,all
131,61.22845571817773,13368.896871988101,906384.525614196,all
132,45.29538288793108,9671.913556707968,631057.2898156901,all
133,116.49444487167784,21434.73588202259,69325.63220997447,all
134,43.188316633319204,4748.319895478456,711858.3104490334,all
135,27.472256791177717,3465.9418495417785,1654693.1965407648,all
136,56.32640240341812,7246.1867701299725,660078.9059531935,all
137,33.88241711857865,2157.6192284756503,226835.62044081735,all
138,82.56335785617964,7900.138137179195,72787.19832941075,all
139,161.7271783340702,3398.429059415653,372284.2689380048,all
140,108.2675221844358,4307.752953760405,591339.2249854084,all
141,144.47019204841516,2738.632446974594,357619.7686888723,all
142,110.86096363972163,10149.28743099214,184572.02956031534,all
143,186.0637638010355,4012.9651576209603,209813.34316403122,all
144,80.31678286471673,6331.965410297918,592562.6492981836,all
145,15.324728247646338,1446.6563357871992,148432.546399443,all
146,9.340348607931757,109.75288294179958,767990.8700853921,all
147,23.797696741379138,2992.901864169652,772907.2719177959,all
148,11.868502289582063,617.335449547653,1497647.7778206936,all
149,18.365845221164218,1739.608197581533,1167964.1744443544,all
150,12.10195245184299,972.0224320900754,733801.3558584446,all
151,9.361905732418597,12.56884039461269,745394.6331085009,all
152,7.8455337719496665,26.305933449571956,2661470.123846186,all
153,10.247566495020289,471.00258976431553,2194960.350186288,all
154,6.5791176538979395,286.3594122557673,2255878.3240125254,all
155,2.8333512989735046,15.091219168959652,1498691.312437189,all
156,4.084172761183081,29.482716840696394,2499131.9321985925,all
157,8.844777077053552,146.2364327950799,762967.0584032369,all
158,3.0784860426041196,46.03782296485197,2410767.6866919356,all
159,4.107457368484631,11.115050124821213,1180456.0267651642,all
160,6.570912632487577,12.91477130098066,1697786.3756136943,all
161,5.548245414267337,44.07476018280392,480019.8363764698,all
162,2.733063127065065,20.059564654017734,741373.313301399,all
163,1.6298269104510956,3.5206289901903682,665277.3678252506,all
164,7.445762047886964,25.35058192181776,641033.3066576186,all
165,7.421396283587767,17.01431736766104,435952.9826949672,all
166,10.190342224724418,97.32320141164682,657427.7166649073,all
167,12.946814715291618,195.24460410108307,391566.51918069343,all
168,9.664794552353184,182.84291345976516,285779.1742522276,all
169,3.83166144200627,17.80730356953473,337066.06532222044,all
170,11.262324271962692,141.9907919027304,515295.67456201883,all
171,17.43225144402314,194.90127611729326,254414.62629868902,all
172,9.09151955308521,63.55438017455193,214484.361509202,all
173,15.042069721577306,110.53315004539827,396393.84949382715,all
174,13.959051155722843,57.68090453256079,231849.82634953634,all
175,17.462428303866844,354.6260012646217,315164.9359442506,all
176,11.887133722894891,215.46212078045951,656299.4766310736,all
177,9.444050622314963,133.20696213523922,297618.708236414,all
178,11.461766228264455,161.90174270257785,295999.7012567507,all
179,4.4429339391170375,6.696689528550865,889916.7625583553,all
180,22.696883521880547,368.0273783440944,374922.35952440876,all
181,29.84320138069204,630.4170190920297,261392.7731864523,all
182,41.42994157360506,72.45462852557567,31290.321629748276,all
183,29.730208112301945,237.3809177661522,366022.1876598157,all
184,31.426930859505287,42.66275412770117,208326.19709484885,all
185,22.05865771010445,40.27425620080686,437307.3946444613,all
186,7.206754707415419,19.82882382878307,415662.127770712,all
187,5.343399828959821,45.60023181486148,655007.0655288335,all
188,12.184960793982306,118.5275903697244,214039.0036292437,all
189,6.616518615679471,1.91138657031331,964177.1349181269,all
190,7.966929423522713,87.68957906029226,417200.7956468385,all
191,8.183288350439232,53.76937466357655,418342.13441955537,all
192,11.455007222440093,83.01878310594431,366358.3892092179,all
193,11.098296124222422,165.8451739962093,325647.43824395916,all
194,4.622036080767133,4.007090298197671,396052.40844513214,all
195,9.82005238913952,5.188522086147289,550838.7274356685,all
196,12.185772518635325,201.78962895445846,355401.7117683848,all
197,11.519148401273883,54.84813499872939,236299.0390370515,all
198,6.087271140259345,20.562579080709902,368307.4849206504,all
199,14.626802110922648,181.80608067206302,706968.9793570383,all
200,8.994764322316476,106.89651412510744,261802.3278232772,all
201,7.119782209289122,59.349444295325455,107243.05400740252,all
202,34.39663041384248,2820.945865371175,246025.30614997927,all
203,18.325073603704887,416.23664697189156,190126.7777424796,all
204,11.143579497444621,25.10684014883299,251738.1126809299,all
205,8.471530232358257,23.015194582433477,441679.7612338397,all
206,9.86353112883882,7.421835792894591,322244.3799664752,all
207,9.909793261762621,10.949207575934073,185669.70579155957,all
208,7.798911482449899,9.617024523325231,304048.4536507994,all
209,7.840541659924402,20.02939086992063,541476.6059485067,all
210,48.049997992023044,4772.513945038244,188414.3329821956,all
211,22.347810813324426,1588.0986102722309,182501.5519759565,all
212,2.506815468517774,6.1279418108040655,262832.76373001776,all
213,4.9492263679461495,1.063504570249186,255082.66313200977,all
214,4.938098183842324,2.512333949373579,400907.68270975165,all
215,5.198341156989881,5.826052171274024,429349.4603581441,all
216,5.470057311668666,5.767947546645122,327084.8089972363,all
217,3.072445807763064,3.7365617859736373,256493.83638744548,all
218,0.570668991709597,0.8081863727947198,122191.36071135566,all
219,3.277903430131576,4.325780682010792,405401.43119429634,all
220,6.7162207508156815,10.963885394222935,403383.3486709624,all
221,4.6550530884102566,9.102098021973603,277083.3430798923,all
222,3.44210319114075,13.001953263196434,365234.51545838435,all
223,2.4948438073674626,8.623400569670807,444173.76560779987,all
224,0.7396562579590128,1.1180981250830457,2222803.9511057204,all
225,0.8483411554593264,1.2910493812743138,233511.62259110418,all
226,0.3222004473824222,0.46947792575234126,724539.6581941938,all
227,0.2370422595258756,0.5075220454469832,1253450.1856690329,all
228,0.7117690315789946,0.7756579931317744,1054900.0308235232,all
229,0.19471044890610792,0.3185142815021562,1021146.2689656466,all
230,2.6840189617755335,4.686426649457219,388993.922393804,all
231,4.798081864536447,7.213741768867391,214670.36392451148,all
232,5.508907398330476,25.12001237125353,168165.39408977533,all
