meow,intens_mean,intens_var,a_km2,impact
1,0.07333049580100522,0.13122090710494713,437003.50330887956,fishing
2,0.541777308628854,5.958756173668134,381146.8910440207,fishing
3,0.2662097812151978,1.3851723592149945,619647.3951630028,fishing
4,0.011744643585240612,0.20625576716938804,585307.6819241835,fishing
5,0.4231631330522732,6.590974813660388,368163.3985622695,fishing
6,0.08771244739228361,0.4262077673415962,337672.10135011,fishing
7,-0.008804084118122195,0.01753632357443808,314224.4449077915,fishing
8,0,0,1243280.3070409298,fishing
9,-0.0021377782058450263,0.005607053882398649,245499.6091407016,fishing
10,0,0,588498.5401936525,fishing
11,0,0,469027.3556703618,fishing
12,0.04705658773843777,0.1172132751922177,363002.4864674868,fishing
13,0.05402803931792433,0.1088462709882372,625989.8156198129,fishing
14,0.4878637121900519,5.12010168618723,991917.6922279028,fishing
15,0,0,912735.6785137028,fishing
16,0,0,554690.6367060692,fishing
17,0.005064716295428745,0.0193114109900214,1006751.6030658919,fishing
18,0.2769900389513124,1.114172962098674,1808482.2632537503,fishing
19,0.2910824227760341,1.1763758050724402,86379.34652876822,fishing
20,1.0102121972400326,17.03111394099204,375562.4523208267,fishing
21,1.1608168988870304,20.745726786038077,205458.4415290292,fishing
22,1.4837923734900162,32.57920912863172,250887.56641851045,fishing
23,1.3287092994758325,15.546995815358603,293347.638679646,fishing
24,-0.14654993105472328,1.310137498209828,373629.9483770984,fishing
25,1.0763348121711034,58.06561300567907,700661.4890127811,fishing
26,-0.2630103740380113,78.62877573991936,759877.4971220953,fishing
27,2.869922085904564,141.26426037220662,664622.4297342574,fishing
28,0.04866038415850589,129.66894152984622,550990.6730757578,fishing
29,0.846489568636791,20.171216270795153,1638499.634232241,fishing
30,-8.429513930118471,414.8458775476363,131434.72017669465,fishing
31,-3.2003659079615554,103.6958947206076,315020.8496070272,fishing
32,2.939769596611608,98.68807670110596,475275.4649369879,fishing
33,0.17773959561865824,289.7346557277978,392320.13464174065,fishing
34,0.09354136582325269,77.47950311308304,368722.2789928037,fishing
35,2.114828092399776,101.5114891344524,756074.4900246201,fishing
36,0.3265807962787614,216.14153059476595,83455.7029989649,fishing
37,0.0445509555669048,2.2349481999775325,415035.1337133741,fishing
38,1.1835428255799085,20.29854495955761,336529.88936936663,fishing
39,0.16746916134264364,4.461022832649488,260798.0894264821,fishing
40,0.9243196872608046,32.173681530070475,186315.0381580247,fishing
41,1.3083565438273006,186.93359627561097,313904.83501272893,fishing
42,-0.6709091057595198,47.15474780777955,335514.2986818218,fishing
43,-0.005358037499503009,65.46934351707542,602698.4710451809,fishing
44,0.024641263680160203,0.08599115410985168,458185.0741050381,fishing
45,1.131077495321029,10.087198832963646,1051098.77028853,fishing
46,0.7426801371495726,5.085286590428409,833331.8590369456,fishing
47,1.5580655904803526,27.995868349254266,914561.6457683725,fishing
48,-2.776836765217378,77.04678225228274,239318.74019729983,fishing
49,-1.915155640277239,83.18347537622705,989108.4444543401,fishing
50,0.27007399555609424,423.4611726694283,438180.64540827705,fishing
51,-8.09981187672181,1615.5297768297735,582576.1534791223,fishing
52,7.670487028313778,1665.761756932112,699524.5165283782,fishing
53,0.2662038195089566,4.253592535755438,1204842.4278165721,fishing
54,0.8114954811777325,19.010499560713043,779564.9358326622,fishing
55,3.232646675521824,32.66479117383348,391315.0229728563,fishing
56,0.9444012124089394,26.335827867414096,14591.147141733269,fishing
57,1.6146768292575284,27.041184870229493,344603.96595393796,fishing
58,3.6804091475048484,87.31988881451566,332440.45597944874,fishing
59,5.689199065126934,184.32426649940393,526969.2908619803,fishing
60,19.136990199850338,472.09808644021217,263791.59308810177,fishing
61,3.4155611434067854,131.29848407732112,180821.41750349477,fishing
62,0.3178139281373477,5.318338899526619,379679.8297220616,fishing
63,-0.23339419062076927,18.437722492555096,944174.4527247056,fishing
64,0.26682520087984707,20.44581072714283,850844.903300597,fishing
65,0.9353188949055847,53.27365826241809,1078948.4838970767,fishing
66,-8.095308323273025,240.04098475102757,583249.4298869185,fishing
67,0.7456902908405448,29.5552255280075,799503.8706593511,fishing
68,1.677157139144271,69.97019921362686,246979.769276333,fishing
69,-3.5024441436914793,207.57226252989355,745649.6223095356,fishing
70,0.8096455433339668,71.04659244988416,170113.6165654306,fishing
71,-3.7628894230537737,246.12764555938935,449381.8330580544,fishing
72,1.9913113343266167,171.65049429192868,554182.4046587453,fishing
73,0,0,406592.5452538885,fishing
74,0.04524672914164218,2.3717676536294485,312096.3327580963,fishing
75,6.212302582463214,179.31362327940653,661075.2851048874,fishing
76,5.636957142273947,194.6425093311159,633614.1680736048,fishing
77,0.12729875190676462,2.148392746993487,437432.269502024,fishing
78,0.14799754873657947,4.4643490799306385,863547.2090102574,fishing
79,0.9223003050354137,15.90441984018653,768070.3358888923,fishing
80,0.3114056769577021,216.23225256509124,332359.24366119376,fishing
81,3.328021615851966,251.3350794976413,640231.662407033,fishing
82,-1.0917856514606545,180.55328795238663,360724.1752317213,fishing
83,10.31654304854711,591.6502765244834,394299.79417180276,fishing
84,1.699779355305237,42.733070906069365,414771.4119673981,fishing
85,-2.47057142100682,300.28882879202627,232195.63367227642,fishing
86,-1.011788421491455,93.65749719114187,387274.4916703486,fishing
87,29.229922478459038,2910.458263318049,229343.59663120002,fishing
88,25.754304352139904,8808.37900073662,228033.72049280765,fishing
89,-2.5501863235085276,391.4160645189596,551402.8474694128,fishing
90,39.99763522112471,1179.8280291906794,239659.30804761217,fishing
91,8.567323694249344,666.1575151504561,276494.7720439704,fishing
92,6.964027880352669,558.6307457583197,540087.2639581981,fishing
93,-0.13806852369859082,10.713750378306024,442847.29753372323,fishing
94,-0.06206645300082772,5.371415215743716,309179.67518270615,fishing
95,9.695929640718138,1247.5968473547819,471943.1400006261,fishing
96,0.011718692300982296,2.75901137792319,1182895.016196785,fishing
97,0.004468562842648639,10.906070107487713,827607.7002533287,fishing
98,-0.43928273601584455,62.48112599355656,1009187.9726887239,fishing
99,-2.118254913178712,331.670871917098,430308.2897307923,fishing
100,-0.5955508772838461,910.4548837392921,1159827.2237952524,fishing
101,27.383967532154387,3465.4196464258603,264919.83306377707,fishing
102,8.149998957617807,883.2363780752194,336756.93452847993,fishing
103,21.798913733494906,1517.3179907346314,630420.6899636602,fishing
104,11.08872780908163,1353.502280823328,658738.4660392737,fishing
105,2.2771512488502492,76.55843000321559,1303584.3854967542,fishing
106,0,0,632067.640984556,fishing
107,9.386372281800718,367.53975341582384,433802.1660193724,fishing
108,-28.96130959765366,5520.47643231466,478104.79747529025,fishing
109,8.88215088573701,1430.5460265956724,777921.4778746357,fishing
110,-45.047115779939794,14946.51259001977,258384.42428674278,fishing
111,44.88323484945829,11952.126795050799,727616.9939375902,fishing
112,10.133166353318845,3612.8784062348964,305387.14706167486,fishing
113,17.723316779873983,1282.896384265396,278257.86532671005,fishing
114,0.8702795345427522,166.37937224856313,1268100.7136890253,fishing
115,-38.4995784999923,3076.47069182367,271402.8467712251,fishing
116,-93.08107979795454,14825.355227950224,185194.6573842501,fishing
117,97.01413586479956,28472.85021219138,1351277.8497120922,fishing
118,159.20719762335747,36083.2639466812,163302.26057424862,fishing
119,38.581603421305715,11325.824992624759,603518.4535269557,fishing
120,0.06760407177934567,1.2389690205381065,833064.6443210944,fishing
121,-5.678810808491327,768.303688689509,1011278.5350560276,fishing
122,-0.8926472987860101,44.75429789076057,1125070.0965791508,fishing
123,1.0103712229799484,19.24457454442528,987827.3855647149,fishing
124,1.8842314651065166,35.60923629446921,2240625.252718024,fishing
125,1.002611777746685,18.05608750996532,994360.1745867889,fishing
126,16.66719869315613,5480.927973052114,561347.4272912784,fishing
127,1.4045945854924744,87.71010790617422,916929.9019559001,fishing
128,79.63392980446294,20271.13932102696,774832.7899368298,fishing
129,48.66293965800094,12110.9180407645,267337.86446437496,fishing
130,64.00163623797984,15003.937473166434,609483.6295501335,fishing
131,52.051491274207635,12955.212205092252,906384.525614196,fishing
132,34.49702830394655,9033.928010767138,631057.2898156901,fishing
133,109.9460874380901,21222.37829892333,69325.63220997447,fishing
134,0.07622837589678828,1.5189802604558442,711858.3104490334,fishing
135,0.2692417301642274,9.69501123038966,1654693.1965407648,fishing
136,0,0,660078.9059531935,fishing
137,0,0,226835.62044081735,fishing
138,0.027581821665631456,0.5240271682930517,72787.19832941075,fishing
139,66.21475887069943,7528.610031947447,372284.2689380048,fishing
140,1.1069524639411017,34.214051719884864,591339.2249854084,fishing
141,2.4245678554094083,56.84457387079481,357619.7686888723,fishing
142,0.1760439432114773,3.6180191905011734,184572.02956031534,fishing
143,0,0,209813.34316403122,fishing
144,0.37482002627558686,13.178195650414896,592562.6492981836,fishing
145,-0.13454173211799925,2.8092681584033956,148432.546399443,fishing
146,0.05407055677150624,0.8214557210441218,767990.8700853921,fishing
147,0.1766290961173216,3.3354416200383747,772907.2719177959,fishing
148,0.24379747013655453,4.557079972275605,1497647.7778206936,fishing
149,-0.2840694136119393,5.930169688514276,1167964.1744443544,fishing
150,0,0,733801.3558584446,fishing
151,-0.034021176542327086,0.5432583884206181,745394.6331085009,fishing
152,0.6407094622957092,12.558627429856227,2661470.123846186,fishing
153,0.25465566435837783,5.4003498077864664,2194960.350186288,fishing
154,1.4524941056054417,31.429536485245283,2255878.3240125254,fishing
155,0.1462247577686605,2.8416935051042684,1498691.312437189,fishing
156,0.27300207695839124,5.20667564051175,2499131.9321985925,fishing
157,0.1280128738857231,2.1725732712044117,762967.0584032369,fishing
158,0.016655304739193647,0.31618723811122046,2410767.6866919356,fishing
159,0.050125943652827014,0.699313191556701,1180456.0267651642,fishing
160,0.01605687439760198,0.20700076166975245,1697786.3756136943,fishing
161,0,0,480019.8363764698,fishing
162,0.18684870450713686,3.5157136757623086,741373.313301399,fishing
163,0.030176940039693265,0.14459693077688854,665277.3678252506,fishing
164,0.008900973603470185,0.16016469154275953,641033.3066576186,fishing
165,0.10470524607919912,1.8741854804450926,435952.9826949672,fishing
166,1.9506887830387463,73.7583718742203,657427.7166649073,fishing
167,-1.4707059082704734,126.40469068805776,391566.51918069343,fishing
168,-1.3025401898377462,25.577799808872324,285779.1742522276,fishing
169,0.027899686520376176,0.4962423731262737,337066.06532222044,fishing
170,0.06298880288655706,26.780602979397113,515295.67456201883,fishing
171,9.01787246589592,177.09205825084425,254414.62629868902,fishing
172,2.268028141010993,43.07416804295684,214484.361509202,fishing
173,3.2731682707146024,62.941429048489,396393.84949382715,fishing
174,4.2531468689925775,63.31970426980001,231849.82634953634,fishing
175,8.15741320286312,331.04892951477694,315164.9359442506,fishing
176,1.443033748077069,145.70737537122432,656299.4766310736,fishing
177,-3.0156741022077913,75.25768430330557,297618.708236414,fishing
178,-5.479108337702432,125.85918970785434,295999.7012567507,fishing
179,-0.19312520547422765,1.4828824251070634,889916.7625583553,fishing
180,6.4980167275128675,158.00696803118183,374922.35952440876,fishing
181,6.110722842444987,218.08162941783573,261392.7731864523,fishing
182,12.189886142812542,348.0198728020009,31290.321629748276,fishing
183,-0.7920166816923869,106.38127280161363,366022.1876598157,fishing
184,-2.0323057973406007,62.5871443914702,208326.19709484885,fishing
185,-3.2396257049728288,50.64608968827361,437307.3946444613,fishing
186,0.5229645755204947,4.297474388934545,415662.127770712,fishing
187,-1.803086075502194,26.947642790365553,655007.0655288335,fishing
188,-6.565926578767959,97.2272868791236,214039.0036292437,fishing
189,0,0,964177.1349181269,fishing
190,0.5414960776980566,17.636135214712723,417200.7956468385,fishing
191,0.06638792786822281,1.6476140759874414,418342.13441955537,fishing
192,0.15117010792991564,3.1497259811973604,366358.3892092179,fishing
193,0.7233115415979082,32.41305681432091,325647.43824395916,fishing
194,0,0,396052.40844513214,fishing
195,0,0,550838.7274356685,fishing
196,-3.4654497569129736,114.50824595716716,355401.7117683848,fishing
197,-1.451239296656845,48.30130669494416,236299.0390370515,fishing
198,0.0014107348928649535,0.007053701995144676,368307.4849206504,fishing
199,-1.8954572909425793,66.21950029250833,706968.9793570383,fishing
200,-0.5288190207267299,14.69462509147404,261802.3278232772,fishing
201,-0.6236757892312665,9.446431157177255,107243.05400740252,fishing
202,-0.1821960351222128,25.76598229105888,246025.30614997927,fishing
203,-1.079440389892603,90.28831522635836,190126.7777424796,fishing
204,0,0,251738.1126809299,fishing
205,-0.029111011102858905,0.45871847596517723,441679.7612338397,fishing
206,-0.003381957900456601,0.04058529618647972,322244.3799664752,fishing
207,-0.029028450155433115,0.49027989332905003,185669.70579155957,fishing
208,-0.13918662749704083,4.477911182651017,304048.4536507994,fishing
209,-0.0105439710311771,0.34599759617093984,541476.6059485067,fishing
210,0,0,188414.3329821956,fishing
211,-0.017747174021800708,19.925470544995594,182501.5519759565,fishing
212,0,0,262832.76373001776,fishing
213,0,0,255082.66313200977,fishing
214,0,0,400907.68270975165,fishing
215,0,0,429349.4603581441,fishing
216,0,0,327084.8089972363,fishing
217,0,0,256493.83638744548,fishing
218,0,0,122191.36071135566,fishing
219,0,0,405401.43119429634,fishing
220,0.804164240442915,9.14843371082275,403383.3486709624,fishing
221,0.09495400266392816,0.7543351193932737,277083.3430798923,fishing
222,0.19421777085558797,1.5810873252855782,365234.51545838435,fishing
223,0.2298464151294791,1.3780817384213597,444173.76560779987,fishing
224,0,0,2222803.9511057204,fishing
225,0,0,233511.62259110418,fishing
226,0,0,724539.6581941938,fishing
227,0,0,1253450.1856690329,fishing
228,0,0,1054900.0308235232,fishing
229,0.009748905813945505,0.019404708648736196,1021146.2689656466,fishing
230,0,0,388993.922393804,fishing
231,0.2170655211572386,3.1493805850818783,214670.36392451148,fishing
232,0,0,168165.39408977533,fishing
1,-1.1589963373593318e-4,2.3183978607595055e-4,437003.50330887956,land-based
2,2.0620023615048958e-5,2.2688251781708183e-4,381146.8910440207,land-based
3,-8.554271692759125e-4,0.0023009862958926386,619647.3951630028,land-based
4,-0.016727762160405977,0.06062921823299862,585307.6819241835,land-based
5,-0.04829684991194446,0.35719262010338754,368163.3985622695,land-based
6,0.003716212723790771,0.005969617199331732,337672.10135011,land-based
7,5.113483159934522e-4,5.112520608532528e-4,314224.4449077915,land-based
8,0.003711357020915078,0.013723029621381142,1243280.3070409298,land-based
9,5.76239717286613e-4,7.825198646891592e-4,245499.6091407016,land-based
10,0,0,588498.5401936525,land-based
11,8.508578445476033e-4,0.0012823485030901468,469027.3556703618,land-based
12,8.179150903477092e-5,0.001299407901957048,363002.4864674868,land-based
13,0.004563018802245751,0.010790763577148694,625989.8156198129,land-based
14,7.430290276185722e-4,0.039517934088229595,991917.6922279028,land-based
15,0,0,912735.6785137028,land-based
16,0,0,554690.6367060692,land-based
17,0.0022604299881269422,0.0063934450290272955,1006751.6030658919,land-based
18,2.2115165974525877e-4,8.005856088554954e-4,1808482.2632537503,land-based
19,-0.0024566048476231603,0.09524377157292006,86379.34652876822,land-based
20,0.00495496118008215,0.02382215408600243,375562.4523208267,land-based
21,-0.008092485447874423,0.021273197459177884,205458.4415290292,land-based
22,-0.004778926545374403,0.6385194949340038,250887.56641851045,land-based
23,-0.04626614179012383,0.1981447857412398,293347.638679646,land-based
24,0.05800248222005199,0.43066122564822906,373629.9483770984,land-based
25,-0.1542524552528623,2.1151663221460626,700661.4890127811,land-based
26,-0.08242402892107618,0.9254103513793485,759877.4971220953,land-based
27,-0.1119906976581744,0.8417249919946452,664622.4297342574,land-based
28,-0.06142813003252459,0.5893874661156718,550990.6730757578,land-based
29,-0.006268646803221364,0.08848532093206399,1638499.634232241,land-based
30,-0.9083395344284485,4.609672031342661,131434.72017669465,land-based
31,-0.10137354634431146,1.3395877215660412,315020.8496070272,land-based
32,0.036140814989492266,0.4554727295885822,475275.4649369879,land-based
33,0.021635385905274224,0.07824593234741783,392320.13464174065,land-based
34,-0.2417600374449315,1.260758965958923,368722.2789928037,land-based
35,-0.10409140051197995,2.3653649343444267,756074.4900246201,land-based
36,0.23159183458322447,3.0825760467312997,83455.7029989649,land-based
37,-0.09522046131057414,0.6908867024969256,415035.1337133741,land-based
38,-0.008552686259337321,0.1719839342839718,336529.88936936663,land-based
39,-0.060953885805548884,0.40847376488498827,260798.0894264821,land-based
40,-0.2672222279337174,1.4043671047566608,186315.0381580247,land-based
41,-0.23603835650298802,1.6281560639957293,313904.83501272893,land-based
42,0.013315530564206503,0.6343882016305042,335514.2986818218,land-based
43,-0.04523470745115478,0.6442783054935489,602698.4710451809,land-based
44,0.05165536163634788,0.20528224069333,458185.0741050381,land-based
45,-0.039378995084461584,0.31892208609929484,1051098.77028853,land-based
46,-0.0019983506054211814,0.008966130930393628,833331.8590369456,land-based
47,-0.019478529269023544,0.27751180491989774,914561.6457683725,land-based
48,-0.5996533535373664,6.166227693148018,239318.74019729983,land-based
49,-0.32858086227739436,3.538186076380691,989108.4444543401,land-based
50,0.5114641653016069,6.172451359205365,438180.64540827705,land-based
51,-3.4237013538299266,319.4174658193134,582576.1534791223,land-based
52,-0.4566598159497373,81.10609996675802,699524.5165283782,land-based
53,0.002759253486479323,0.006351471588573517,1204842.4278165721,land-based
54,0.008942373575747224,0.13047268566725004,779564.9358326622,land-based
55,-0.06686929397148604,0.3712090941028856,391315.0229728563,land-based
56,0.18092046124307717,3.4757610071077205,14591.147141733269,land-based
57,-0.12115138041703223,0.8274397017957572,344603.96595393796,land-based
58,-0.04273522258221982,0.42616758311607306,332440.45597944874,land-based
59,0.03354671486757027,0.2599193309409467,526969.2908619803,land-based
60,0.1936970339976425,1.6950341341297794,263791.59308810177,land-based
61,0.016192826452254484,0.15366599216622157,180821.41750349477,land-based
62,-0.007302392594282834,0.056948782992641216,379679.8297220616,land-based
63,0.05030345387793046,0.8550781865347383,944174.4527247056,land-based
64,-0.01102487618018166,0.9008481941486318,850844.903300597,land-based
65,-0.06422139420189729,3.7129891824074015,1078948.4838970767,land-based
66,0.17718361583184397,2.1136851112741786,583249.4298869185,land-based
67,0.06521114608682768,1.2349498766213065,799503.8706593511,land-based
68,0.22610208332045384,4.33182041378113,246979.769276333,land-based
69,0.05908455311761024,0.3391151464401915,745649.6223095356,land-based
70,-0.14583301351153163,4.960210510183026,170113.6165654306,land-based
71,0.018246899122941626,0.6840793154601186,449381.8330580544,land-based
72,0.10570892823548443,0.6113742414721312,554182.4046587453,land-based
73,0,0,406592.5452538885,land-based
74,0.0027420563470284525,0.02742232784305747,312096.3327580963,land-based
75,0.06933297037212455,0.2431841386250363,661075.2851048874,land-based
76,0.06819362687232569,0.35519751287289764,633614.1680736048,land-based
77,0,0,437432.269502024,land-based
78,-0.001142697660654356,0.006240811711555779,863547.2090102574,land-based
79,-0.011041972437098743,0.16028155361200133,768070.3358888923,land-based
80,0.04769837052493463,0.5649080062975185,332359.24366119376,land-based
81,0.09800602557454882,0.7739751957660553,640231.662407033,land-based
82,0.06734740326406645,0.4556560845205258,360724.1752317213,land-based
83,0.17083655398994668,0.890996804956496,394299.79417180276,land-based
84,0.0021137998997095217,0.010828354910763,414771.4119673981,land-based
85,0.10894403161271787,0.7606359973832943,232195.63367227642,land-based
86,0.09426678600767864,0.8173727513384119,387274.4916703486,land-based
87,0.9034580706753715,119.58338158694568,229343.59663120002,land-based
88,3.5943890409936343,511.8205709602242,228033.72049280765,land-based
89,0.5883294765507636,67.01824045656345,551402.8474694128,land-based
90,2.8445590250325177,146.42229307518159,239659.30804761217,land-based
91,0.44172796144573334,26.831402219072395,276494.7720439704,land-based
92,0.11813335639650747,9.148475775650887,540087.2639581981,land-based
93,0.06725955025013758,6.626186005058594,442847.29753372323,land-based
94,0.402749845522058,43.66737119989534,309179.67518270615,land-based
95,0.8561682593526523,158.04762709695578,471943.1400006261,land-based
96,0.011495008223786142,1.6660885612563363,1182895.016196785,land-based
97,0,0,827607.7002533287,land-based
98,0.001300546525307776,0.004615169194019387,1009187.9726887239,land-based
99,0.3699626241085536,77.7602050815653,430308.2897307923,land-based
100,1.033161367236545,161.68709680158622,1159827.2237952524,land-based
101,0.31123834501143793,50.609150278050336,264919.83306377707,land-based
102,0.18594218288807698,18.024649692122342,336756.93452847993,land-based
103,0.33268044914988076,15.723723530607824,630420.6899636602,land-based
104,0.07635427279578345,33.41873117433897,658738.4660392737,land-based
105,-0.38702769148042643,73.72448165918674,1303584.3854967542,land-based
106,0,0,632067.640984556,land-based
107,0.37540537094222826,2.16423072918728,433802.1660193724,land-based
108,-0.3799926928746098,106.3078478829316,478104.79747529025,land-based
109,-0.3303398838020712,66.07248656892305,777921.4778746357,land-based
110,3.2945202265719002,687.6228492323072,258384.42428674278,land-based
111,0.3743441167549381,488.03463129333807,727616.9939375902,land-based
112,0.2655034265499969,4.6312364646763715,305387.14706167486,land-based
113,0.5724189206028745,27.94266074972105,278257.86532671005,land-based
114,0,0,1268100.7136890253,land-based
115,-0.23457831241313662,153.7099717269889,271402.8467712251,land-based
116,0.11683601760108928,256.7056921522338,185194.6573842501,land-based
117,1.3226679873902136,563.9934901974632,1351277.8497120922,land-based
118,10.383011170078982,3886.2812203305098,163302.26057424862,land-based
119,-0.11809289580842793,242.55350077285343,603518.4535269557,land-based
120,0.00479883766964632,0.20728411478342776,833064.6443210944,land-based
121,-0.4408770866737434,107.93025084141613,1011278.5350560276,land-based
122,0,0,1125070.0965791508,land-based
123,-0.049333146229401256,6.093096804006416,987827.3855647149,land-based
124,-0.13916707288295788,30.137837240454445,2240625.252718024,land-based
125,-0.10612213377731082,33.85724020835038,994360.1745867889,land-based
126,3.8893695853710355,4052.0273055879716,561347.4272912784,land-based
127,4.497337673092709,2496.5596434032523,916929.9019559001,land-based
128,2.1827020665260735,672.0164980489009,774832.7899368298,land-based
129,10.76974988794447,3359.3902912641865,267337.86446437496,land-based
130,4.243413538754129,1168.9774235920956,609483.6295501335,land-based
131,3.373876975859081,1742.1087524050847,906384.525614196,land-based
132,2.3347913821745006,801.7377370890982,631057.2898156901,land-based
133,6.939890084994098,2035.6730710747047,69325.63220997447,land-based
134,0.6538539861106084,171.74887122228208,711858.3104490334,land-based
135,1.1002413900476409,305.72484781809584,1654693.1965407648,land-based
136,0.625519426367331,173.92975002677937,660078.9059531935,land-based
137,0.5771596869322111,129.68770367660062,226835.62044081735,land-based
138,-0.3215279627552615,189.2652740558212,72787.19832941075,land-based
139,1.407309065759534,234.2645227287428,372284.2689380048,land-based
140,0.09214525224715218,18.847569857090658,591339.2249854084,land-based
141,0.018379740542015632,12.523339928243338,357619.7686888723,land-based
142,-0.011151484187249051,0.043706764127796796,184572.02956031534,land-based
143,0.9873307806093449,209.27622673366062,209813.34316403122,land-based
144,0.04751750339050896,7.045086841064014,592562.6492981836,land-based
145,5.294833983992827e-5,1.5895499942268412e-4,148432.546399443,land-based
146,-0.20181201891698322,19.97434349561619,767990.8700853921,land-based
147,-0.4114431047738355,101.6216535844027,772907.2719177959,land-based
148,0.1603305139812427,30.431646835643274,1497647.7778206936,land-based
149,-0.04707923060647524,50.56165660352325,1167964.1744443544,land-based
150,0,0,733801.3558584446,land-based
151,0,0,745394.6331085009,land-based
152,0.002404050439848593,0.01859509639793663,2661470.123846186,land-based
153,-0.28861678271120933,49.37224089500571,2194960.350186288,land-based
154,-0.11999368354124983,40.12236778920516,2255878.3240125254,land-based
155,-0.0031965580031682803,0.17443415825446063,1498691.312437189,land-based
156,-0.025809330575101114,1.981101310926488,2499131.9321985925,land-based
157,-0.08139094417471852,8.663501373846962,762967.0584032369,land-based
158,0.015032879718822311,3.2210412339227963,2410767.6866919356,land-based
159,0,0,1180456.0267651642,land-based
160,-0.004289651286986439,0.11554808500067054,1697786.3756136943,land-based
161,0.05471417677926365,3.5561597334831263,480019.8363764698,land-based
162,-0.002884634662674333,0.020653504726159396,741373.313301399,land-based
163,0.0031410795608188577,0.0478594909238708,665277.3678252506,land-based
164,0,0,641033.3066576186,land-based
165,0,0,435952.9826949672,land-based
166,0.04459182492935939,0.32464747258604093,657427.7166649073,land-based
167,0.020276493579525198,0.677703830319921,391566.51918069343,land-based
168,0.018933016131023956,0.9915927332206982,285779.1742522276,land-based
169,0,0,337066.06532222044,land-based
170,0.14057201577604245,1.3196687308820811,515295.67456201883,land-based
171,0.10370972932299131,0.8828571251308686,254414.62629868902,land-based
172,0,0,214484.361509202,land-based
173,0.016365995467839393,0.10200212459869352,396393.84949382715,land-based
174,0.008775828376365341,0.025350514721857967,231849.82634953634,land-based
175,0.08998088148351158,0.4643505460380558,315164.9359442506,land-based
176,0.04128085733113737,0.30987526966831924,656299.4766310736,land-based
177,0.012103269354222597,0.11803772137624227,297618.708236414,land-based
178,0.046556703996722376,0.33537757337814006,295999.7012567507,land-based
179,-4.5138531320351434e-4,0.0018055518510930121,889916.7625583553,land-based
180,0.10724575595352331,0.6563818528768476,374922.35952440876,land-based
181,0.08323171834121994,0.3319517989272744,261392.7731864523,land-based
182,0.7165661971943035,2.1993336419503122,31290.321629748276,land-based
183,0.027574919709399837,0.1465801274515588,366022.1876598157,land-based
184,0.03574302892786302,0.15984509632570457,208326.19709484885,land-based
185,0.0057150730321498385,0.011807685955747991,437307.3946444613,land-based
186,0,0,415662.127770712,land-based
187,7.865841151967176e-5,0.025189256968724753,655007.0655288335,land-based
188,0.022455590702048143,0.16186971270567913,214039.0036292437,land-based
189,0,0,964177.1349181269,land-based
190,0.016516799269437946,0.09668178797462847,417200.7956468385,land-based
191,0.016206636879461278,0.13179485394616908,418342.13441955537,land-based
192,0.032986599391273214,0.22874918226880286,366358.3892092179,land-based
193,-0.012362099401567305,1.3433304853229437,325647.43824395916,land-based
194,0,0,396052.40844513214,land-based
195,0,0,550838.7274356685,land-based
196,0.044468250827948495,0.1558177992917049,355401.7117683848,land-based
197,0,0,236299.0390370515,land-based
198,0,0,368307.4849206504,land-based
199,0.0833046147264084,0.2173041182576043,706968.9793570383,land-based
200,0.00933949738075219,0.028950152994265486,261802.3278232772,land-based
201,0,0,107243.05400740252,land-based
202,0.41881555142850285,56.9107130477439,246025.30614997927,land-based
203,0.1635885959542922,8.23802453845895,190126.7777424796,land-based
204,0.0159117794514822,0.14731539732845603,251738.1126809299,land-based
205,0.011063923908947814,0.1517557910783207,441679.7612338397,land-based
206,-0.004848015096715437,0.029505086585693552,322244.3799664752,land-based
207,0.025298773684167396,0.19621069843530445,185669.70579155957,land-based
208,-0.007073927314874855,0.031016445183793668,304048.4536507994,land-based
209,-0.0018804327358769098,0.12378072379512992,541476.6059485067,land-based
210,-0.002368350335342347,0.01536706585093337,188414.3329821956,land-based
211,0.002004870998205271,0.027845756022069502,182501.5519759565,land-based
212,0,0,262832.76373001776,land-based
213,0,0,255082.66313200977,land-based
214,0,0,400907.68270975165,land-based
215,0,0,429349.4603581441,land-based
216,0,0,327084.8089972363,land-based
217,0,0,256493.83638744548,land-based
218,0,0,122191.36071135566,land-based
219,0,0,405401.43119429634,land-based
220,0,0,403383.3486709624,land-based
221,0,0,277083.3430798923,land-based
222,0,0,365234.51545838435,land-based
223,0,0,444173.76560779987,land-based
224,0,0,2222803.9511057204,land-based
225,0,0,233511.62259110418,land-based
226,0,0,724539.6581941938,land-based
227,0,0,1253450.1856690329,land-based
228,0,0,1054900.0308235232,land-based
229,0,0,1021146.2689656466,land-based
230,0,0,388993.922393804,land-based
231,0,0,214670.36392451148,land-based
232,0,0,168165.39408977533,land-based
1,0,0,437003.50330887956,ocean
2,0.5857414846115755,1.4622181892038866,381146.8910440207,ocean
3,0.04740503983993314,0.1822873251881787,619647.3951630028,ocean
4,0.18626270591866773,0.666065020624148,585307.6819241835,ocean
5,0.5079470875957598,1.740131399170103,368163.3985622695,ocean
6,0,0,337672.10135011,ocean
7,0,0,314224.4449077915,ocean
8,0,0,1243280.3070409298,ocean
9,0,0,245499.6091407016,ocean
10,0,0,588498.5401936525,ocean
11,0,0,469027.3556703618,ocean
12,0,0,363002.4864674868,ocean
13,3.068982444752568e-5,6.138889989213051e-5,625989.8156198129,ocean
14,0.02101169918124438,0.4949244978408874,991917.6922279028,ocean
15,0,0,912735.6785137028,ocean
16,0,0,554690.6367060692,ocean
17,0,0,1006751.6030658919,ocean
18,0.08468515101268909,0.28840846545495197,1808482.2632537503,ocean
19,0.024121232968074745,0.047715457100633,86379.34652876822,ocean
20,1.0494519549012762,2.5941033224666836,375562.4523208267,ocean
21,1.6594993200129406,2.2257010428690482,205458.4415290292,ocean
22,0.9711001975888689,5.839357597861428,250887.56641851045,ocean
23,1.7669456961888166,2.317638596492846,293347.638679646,ocean
24,0.00427475275654486,0.0071705697709115845,373629.9483770984,ocean
25,1.5582082859267716,3.18589670680358,700661.4890127811,ocean
26,1.2663890200880525,3.1203966800668193,759877.4971220953,ocean
27,1.5914845812645466,2.672968177200297,664622.4297342574,ocean
28,1.4947643689073788,2.5208443893036163,550990.6730757578,ocean
29,1.415044432661974,4.164908405164001,1638499.634232241,ocean
30,1.1588644094766403,0.9705586361494313,131434.72017669465,ocean
31,1.913540035485852,1.622411401697199,315020.8496070272,ocean
32,1.4100319700140311,0.9139693247328851,475275.4649369879,ocean
33,0.4304351116240659,1.086759937012408,392320.13464174065,ocean
34,0.5724337523557415,0.9143732065912153,368722.2789928037,ocean
35,0.24513291509917567,1.9558244650073755,756074.4900246201,ocean
36,0.43834297745331474,0.6833966015850633,83455.7029989649,ocean
37,0.9443649587011417,2.560309554646997,415035.1337133741,ocean
38,2.111112264373263,2.95825301255473,336529.88936936663,ocean
39,1.7893735854005737,2.187769704337881,260798.0894264821,ocean
40,1.4113180662247125,3.8799537659121377,186315.0381580247,ocean
41,-0.08496468396722866,3.4499782705721107,313904.83501272893,ocean
42,-0.11848636036717136,3.5533297692154737,335514.2986818218,ocean
43,1.230295662755805,4.6128325195906745,602698.4710451809,ocean
44,0.004465502402735356,0.004660074934533201,458185.0741050381,ocean
45,0.4393849767895839,0.9468867642609353,1051098.77028853,ocean
46,0.5238183062473097,1.9750103795000304,833331.8590369456,ocean
47,2.109750054249233,2.4385636318326975,914561.6457683725,ocean
48,1.9008885075129451,3.344729710511676,239318.74019729983,ocean
49,1.1466847476632052,2.699054454212534,989108.4444543401,ocean
50,3.2836257255995087,5.661159034612269,438180.64540827705,ocean
51,-5.0699363660109364,696.4586450471085,582576.1534791223,ocean
52,1.8996414744713361,623.9283898892066,699524.5165283782,ocean
53,1.623355736369453,2.254119789285754,1204842.4278165721,ocean
54,1.1242858870605295,3.1210257224334086,779564.9358326622,ocean
55,0.7647044383823248,2.7582828985459242,391315.0229728563,ocean
56,2.681309480872218,3.3934427138238616,14591.147141733269,ocean
57,2.191509850022451,3.320053645520433,344603.96595393796,ocean
58,-0.011479065818837144,3.8520784312144283,332440.45597944874,ocean
59,2.3909789761875744,4.06430717301708,526969.2908619803,ocean
60,0.07791313563786689,0.44796399215610033,263791.59308810177,ocean
61,1.9715261245209434,4.036590990004521,180821.41750349477,ocean
62,1.433184832151271,4.116774540964208,379679.8297220616,ocean
63,1.1682454419677102,17.24045741002574,944174.4527247056,ocean
64,1.6634487683958958,6.829638067905689,850844.903300597,ocean
65,0.4440688146623091,4.128339566018604,1078948.4838970767,ocean
66,2.2631433174437667,20.303504837073525,583249.4298869185,ocean
67,2.4516688893566907,14.447637296603185,799503.8706593511,ocean
68,0.2520507164824457,0.9924883185428122,246979.769276333,ocean
69,1.6233384626587648,13.665811308841866,745649.6223095356,ocean
70,-1.789717922544007,34.395038525239535,170113.6165654306,ocean
71,2.2211547429904845,8.48576454820429,449381.8330580544,ocean
72,1.0707368187551873,3.121050732893112,554182.4046587453,ocean
73,0.2806652806652807,1.572883154895112,406592.5452538885,ocean
74,1.2012389618343722,2.161473562971629,312096.3327580963,ocean
75,1.6568515298424822,2.574943527710986,661075.2851048874,ocean
76,1.3217132201956103,3.4056543111855895,633614.1680736048,ocean
77,0,0,437432.269502024,ocean
78,0,0,863547.2090102574,ocean
79,0.7582226426589836,1.6999998344681548,768070.3358888923,ocean
80,2.175514976263589,2.2213280123427452,332359.24366119376,ocean
81,1.3140669350117802,2.5865800653303905,640231.662407033,ocean
82,1.8082390422346541,2.371851047298441,360724.1752317213,ocean
83,0.4572399237209938,3.628498500104405,394299.79417180276,ocean
84,1.5189126141519806,2.2498782226115153,414771.4119673981,ocean
85,1.595713393700035,2.552887279090624,232195.63367227642,ocean
86,1.2629959006891172,2.353168858183831,387274.4916703486,ocean
87,3.455546174098392,874.8352427121811,229343.59663120002,ocean
88,13.63215154601121,3085.187875688976,228033.72049280765,ocean
89,-3.030178782028652,575.3174877939409,551402.8474694128,ocean
90,-5.4844905179530725,965.4240252212337,239659.30804761217,ocean
91,3.37601973295156,162.72113218460282,276494.7720439704,ocean
92,1.2175934812005755,163.13615594332023,540087.2639581981,ocean
93,0.005010598964795934,0.013578314835247983,442847.29753372323,ocean
94,0,0,309179.67518270615,ocean
95,-0.4425305871538195,81.69716546951233,471943.1400006261,ocean
96,0,0,1182895.016196785,ocean
97,0.33488686675049656,30.91805117175909,827607.7002533287,ocean
98,2.6961229361792554,104.67910774206837,1009187.9726887239,ocean
99,6.12120560114086,522.5966729231802,430308.2897307923,ocean
100,0.7051277997758911,66.21177879642566,1159827.2237952524,ocean
101,0.6720494971297174,75.17987851473514,264919.83306377707,ocean
102,2.615878701054665,110.92909678659062,336756.93452847993,ocean
103,8.958046830215538,207.93292999184655,630420.6899636602,ocean
104,-1.0659798100000188,257.5184658796067,658738.4660392737,ocean
105,0.7424629635699516,27.47953292836374,1303584.3854967542,ocean
106,-0.035774581726845264,0.32241701394174066,632067.640984556,ocean
107,0.22094060194398782,2.3316342735140907,433802.1660193724,ocean
108,2.310602739556103,312.77447622306187,478104.79747529025,ocean
109,1.7874676989582299,218.8714229230188,777921.4778746357,ocean
110,26.34077760037708,5188.228582493509,258384.42428674278,ocean
111,-0.6703507316734807,204.1249094973496,727616.9939375902,ocean
112,17.098932555825595,932.3936248203813,305387.14706167486,ocean
113,12.738885785978276,280.5055359749965,278257.86532671005,ocean
114,3.517696729544936,315.98371494990965,1268100.7136890253,ocean
115,70.18852560279424,3689.7301437264287,271402.8467712251,ocean
116,31.779776027701892,5255.194851425163,185194.6573842501,ocean
117,85.01272318687761,21010.528245237634,1351277.8497120922,ocean
118,145.22923986325432,24572.360340763844,163302.26057424862,ocean
119,12.96586830111121,3730.839710753988,603518.4535269557,ocean
120,0.14345254255617254,1.0674368967058656,833064.6443210944,ocean
121,3.149053333029341,244.12007511935602,1011278.5350560276,ocean
122,0.4541831927170084,2.4837371871793934,1125070.0965791508,ocean
123,0.10953256123792489,1.3831931179408665,987827.3855647149,ocean
124,0.04201775322340129,0.6794634509189342,2240625.252718024,ocean
125,0.5945395051160121,2.3735806647811386,994360.1745867889,ocean
126,56.84655544508724,14528.852754018686,561347.4272912784,ocean
127,5.506773683213896,2239.3998821348705,916929.9019559001,ocean
128,49.15220045452251,13211.118469150279,774832.7899368298,ocean
129,-0.001420916276863053,79.78070215466941,267337.86446437496,ocean
130,0.313791285296591,1.0788696594308333,609483.6295501335,ocean
131,0.04042225730278425,110.71939314963159,906384.525614196,ocean
132,2.655832048328554,709.4929420711562,631057.2898156901,ocean
133,0,0,69325.63220997447,ocean
134,1.0740632075215786,566.8543093147592,711858.3104490334,ocean
135,0.20121528365209038,47.662036743126365,1654693.1965407648,ocean
136,8.15122233402841,1907.7457763283626,660078.9059531935,ocean
137,2.188431637737537,398.70704040458935,226835.62044081735,ocean
138,0.30775506279546677,58.123296815941075,72787.19832941075,ocean
139,-3.7947316569921132,667.702580592514,372284.2689380048,ocean
140,-6.251632526053168,1151.5419099626795,591339.2249854084,ocean
141,10.581827329941808,1640.376346876485,357619.7686888723,ocean
142,-4.207336228549795,6529.8143689983835,184572.02956031534,ocean
143,73.6763808359897,20695.684062135715,209813.34316403122,ocean
144,26.539784341511215,4250.628033700723,592562.6492981836,ocean
145,4.76392100473171,337.9616194834263,148432.546399443,ocean
146,0,0,767990.8700853921,ocean
147,0.003007596950379818,0.009561878704223026,772907.2719177959,ocean
148,0.0016227159237961416,0.0062770136135202135,1497647.7778206936,ocean
149,0.10648902032314617,20.277931971339743,1167964.1744443544,ocean
150,1.5613773494384695,90.49948468869117,733801.3558584446,ocean
151,0.07881572565639108,0.23083499768970075,745394.6331085009,ocean
152,0.3183055300491737,1.5006376251874407,2661470.123846186,ocean
153,0.027006016587316023,0.08029258865529706,2194960.350186288,ocean
154,0.004637072346239044,0.013890364293047462,2255878.3240125254,ocean
155,8.4604488583603e-4,0.002537597729862189,1498691.312437189,ocean
156,0,0,2499131.9321985925,ocean
157,0,0,762967.0584032369,ocean
158,0,0,2410767.6866919356,ocean
159,0,0,1180456.0267651642,ocean
160,0,0,1697786.3756136943,ocean
161,0.0018664963989336752,0.005597235750044242,480019.8363764698,ocean
162,0,0,741373.313301399,ocean
163,0,0,665277.3678252506,ocean
164,0.54312422265619,1.752693671960632,641033.3066576186,ocean
165,-0.2065020131006427,0.5857303564147395,435952.9826949672,ocean
166,0.5737137894733441,3.3460985747096714,657427.7166649073,ocean
167,0.9260371855340596,2.445324260208256,391566.51918069343,ocean
168,0.3267962072136224,1.6932162263739698,285779.1742522276,ocean
169,-0.10721003134796238,0.586809084126371,337066.06532222044,ocean
170,1.1016914396209025,3.9684848951827933,515295.67456201883,ocean
171,1.2376965903844062,2.970085700254536,254414.62629868902,ocean
172,0.016257084229285054,0.04853086678738144,214484.361509202,ocean
173,0.003998422660800256,0.01198246527949327,396393.84949382715,ocean
174,0,0,231849.82634953634,ocean
175,1.091466016526476,2.0837948590090942,315164.9359442506,ocean
176,0.17496962980089936,0.6229962742051344,656299.4766310736,ocean
177,0.8305718320248321,2.021816871652297,297618.708236414,ocean
178,0.4691308489832906,1.1877298488305938,295999.7012567507,ocean
179,0.009498716986288378,0.03648416600861524,889916.7625583553,ocean
180,2.4230646503090885,1.8891386367661929,374922.35952440876,ocean
181,1.3812409591342953,2.4366555680750075,261392.7731864523,ocean
182,0.9761944627352773,2.715581200910509,31290.321629748276,ocean
183,0.8306377924231586,1.996629814190842,366022.1876598157,ocean
184,0.004564812796048936,0.013680441077667645,208326.19709484885,ocean
185,0.08144877701783311,0.23776958151902572,437307.3946444613,ocean
186,0,0,415662.127770712,ocean
187,0.013350593747877032,0.03987974268531357,655007.0655288335,ocean
188,0.008690117730695418,0.026007180231535896,214039.0036292437,ocean
189,0.007561650684178206,0.02263025316084544,964177.1349181269,ocean
190,0.685280770975192,1.4064866734954862,417200.7956468385,ocean
191,1.415333682584607,2.9188082149945713,418342.13441955537,ocean
192,3.1845690695819124,24.77144611890965,366358.3892092179,ocean
193,6.011906230065597,61.841231547445666,325647.43824395916,ocean
194,0,0,396052.40844513214,ocean
195,0,0,550838.7274356685,ocean
196,0.2990070937745685,0.807853048459315,355401.7117683848,ocean
197,0.2736615705276456,0.7464277345903843,236299.0390370515,ocean
198,0,0,368307.4849206504,ocean
199,0.25751528876289237,0.7880838950798439,706968.9793570383,ocean
200,0,0,261802.3278232772,ocean
201,0,0,107243.05400740252,ocean
202,14.363387582173571,1652.0014294170687,246025.30614997927,ocean
203,6.874836375504178,251.1825204520838,190126.7777424796,ocean
204,0.6191163358848365,6.900233655337653,251738.1126809299,ocean
205,-0.28832633433521493,1.2213794106959475,441679.7612338397,ocean
206,0.14692277043952678,4.2162795201632886,322244.3799664752,ocean
207,0.5477356208689992,2.198591264248436,185669.70579155957,ocean
208,0.10008616232916306,0.29034150485122656,304048.4536507994,ocean
209,0.8163223506039357,3.408089043567625,541476.6059485067,ocean
210,27.508430587945792,3401.2047697612015,188414.3329821956,ocean
211,14.28046661553646,1171.1022861140184,182501.5519759565,ocean
212,0,0,262832.76373001776,ocean
213,0,0,255082.66313200977,ocean
214,0,0,400907.68270975165,ocean
215,0,0,429349.4603581441,ocean
216,0,0,327084.8089972363,ocean
217,0,0,256493.83638744548,ocean
218,0,0,122191.36071135566,ocean
219,0,0,405401.43119429634,ocean
220,0,0,403383.3486709624,ocean
221,0,0,277083.3430798923,ocean
222,8.679081977938404e-4,0.0026037215318042584,365234.51545838435,ocean
223,0.0033146955483154077,0.009935400640932467,444173.76560779987,ocean
224,6.285759959924971e-5,1.2571717125171896e-4,2222803.9511057204,ocean
225,0,0,233511.62259110418,ocean
226,0,0,724539.6581941938,ocean
227,0,0,1253450.1856690329,ocean
228,0,0,1054900.0308235232,ocean
229,0,0,1021146.2689656466,ocean
230,0,0,388993.922393804,ocean
231,0,0,214670.36392451148,ocean
232,0,0,168165.39408977533,ocean
1,4.07647003028701e-4,0.11320016784481188,437003.50330887956,climate
2,-0.7395805887296771,2.544005061896535,381146.8910440207,climate
3,-0.7350162842625182,3.803961214651692,619647.3951630028,climate
4,0.16596619527527232,1.217254667932143,585307.6819241835,climate
5,0.08547418049662964,0.7845676648444269,368163.3985622695,climate
6,-0.04769527572660321,0.9991667411252655,337672.10135011,climate
7,0.0299583417554787,0.272117045883051,314224.4449077915,climate
8,-0.07392722533567338,0.2187815447110995,1243280.3070409298,climate
9,0.0323334507403276,0.13030959677684215,245499.6091407016,climate
10,-2.849015519384617e-4,0.0019352021334792682,588498.5401936525,climate
11,0.007235084367608704,0.02152709876252734,469027.3556703618,climate
12,0.1396012903906748,0.40292872817858144,363002.4864674868,climate
13,-0.5320862104721112,1.5333681980296952,625989.8156198129,climate
14,-0.4080347498294696,4.036314325811513,991917.6922279028,climate
15,-0.02128937941998339,0.0708205144179886,912735.6785137028,climate
16,-0.1040314734325048,0.2899560887278253,554690.6367060692,climate
17,-0.1306764462284981,0.4180097877037179,1006751.6030658919,climate
18,0.3965481026292475,1.9169035266302514,1808482.2632537503,climate
19,-0.011868536939819126,0.3656158261535565,86379.34652876822,climate
20,0.7407027628180403,2.8451408341458326,375562.4523208267,climate
21,-0.46490989461256427,1.7266685366151082,205458.4415290292,climate
22,-0.2168686018720054,0.9861959624497726,250887.56641851045,climate
23,-0.20099962487541287,0.5387972111591363,293347.638679646,climate
24,0.06137507282831643,0.06800835237594624,373629.9483770984,climate
25,-0.3046562640861368,1.5198767215057964,700661.4890127811,climate
26,-0.6849377881072678,3.0391983492904644,759877.4971220953,climate
27,0.0835880119496444,0.6560682986817449,664622.4297342574,climate
28,2.5222238952543545,4.542193153914685,550990.6730757578,climate
29,0.10927601977732986,0.8266498037676494,1638499.634232241,climate
30,-0.12613612225560306,0.27019491503016896,131434.72017669465,climate
31,0.8926610210356432,1.3081062417144913,315020.8496070272,climate
32,1.1899533311068937,1.0670993639667399,475275.4649369879,climate
33,0.013466469603667857,0.02891394069391872,392320.13464174065,climate
34,-0.032417505637676876,0.06832688212693183,368722.2789928037,climate
35,-0.11077295870702358,0.37762744940783305,756074.4900246201,climate
36,0.6709288577391065,2.5784943518638412,83455.7029989649,climate
37,1.9146306567051787,6.340718094018854,415035.1337133741,climate
38,0.3089398405159111,1.5018287046626757,336529.88936936663,climate
39,0.3202255468027737,4.626713340237014,260798.0894264821,climate
40,2.20246252739233,6.82842046567337,186315.0381580247,climate
41,0.22948142673608446,0.839041325196099,313904.83501272893,climate
42,-0.030863088965449217,0.12820869917299854,335514.2986818218,climate
43,-0.0021269875427816155,0.01488696459377216,602698.4710451809,climate
44,0.1693936789155822,0.1641828457937953,458185.0741050381,climate
45,0.3993679288565945,1.6587093937648367,1051098.77028853,climate
46,0.41967877590616665,4.401520630411588,833331.8590369456,climate
47,0.7807424184850641,4.919533903124893,914561.6457683725,climate
48,0.003554031176152381,1.9063271957635455,239318.74019729983,climate
49,0.005699786498359481,1.3688691121352938,989108.4444543401,climate
50,-0.45655574852014646,1.0109144554474785,438180.64540827705,climate
51,-1.2222188907827365,66.49322385521529,582576.1534791223,climate
52,-0.7778625265457026,17.256852179467135,699524.5165283782,climate
53,-0.5678350912510225,9.86012549117387,1204842.4278165721,climate
54,-0.2684325138788278,3.092977487545513,779564.9358326622,climate
55,0.14580474125553672,0.8611730203848518,391315.0229728563,climate
56,0.4130708022829587,2.24859673723285,14591.147141733269,climate
57,0.007956981555753423,1.3703266130138763,344603.96595393796,climate
58,0.014365906391219947,0.4637338390612093,332440.45597944874,climate
59,-2.8336733327409856e-4,2.8334350572640067e-4,526969.2908619803,climate
60,1.0940148306160071,6.130546728889238,263791.59308810177,climate
61,0.15950392863744645,0.8818391415789759,180821.41750349477,climate
62,-0.09138685661093027,0.1732513810145806,379679.8297220616,climate
63,-0.1649408352483847,0.2921234154276476,944174.4527247056,climate
64,1.2366766494318755,3.8828663293522676,850844.903300597,climate
65,0.4049738011772752,1.8440049931792661,1078948.4838970767,climate
66,2.7165334646907833,21.549877282161383,583249.4298869185,climate
67,0.9593631799074218,8.845008487347846,799503.8706593511,climate
68,0.6885704385710484,7.015426552641248,246979.769276333,climate
69,0.030466881686727263,0.3163970787176086,745649.6223095356,climate
70,-0.09056749063714581,0.362836712304591,170113.6165654306,climate
71,2.585156079831104,4.3117582685814835,449381.8330580544,climate
72,2.5157732186142225,1.2907705686305022,554182.4046587453,climate
73,1.8581081081081081,0.2637190088450811,406592.5452538885,climate
74,1.9954672128365147,0.00904809120631453,312096.3327580963,climate
75,1.3812619876638323,1.2431634900093889,661075.2851048874,climate
76,-0.054698234933482054,0.11943190850312803,633614.1680736048,climate
77,0,0,437432.269502024,climate
78,1.4116634037359932,1.1937203995883325,863547.2090102574,climate
79,3.1734335509251435,2.3230577098642953,768070.3358888923,climate
80,1.3863084603964082,3.645198709839987,332359.24366119376,climate
81,2.3524351472361773,3.925119378408431,640231.662407033,climate
82,0.7847086050719824,0.9635971923611556,360724.1752317213,climate
83,0.5541767895921031,0.8014541608217788,394299.79417180276,climate
84,0.02547507863668844,0.05031398648985759,414771.4119673981,climate
85,9.101234307474712e-4,0.0018202418401521859,232195.63367227642,climate
86,0.23846074059609287,0.4414590511979991,387274.4916703486,climate
87,12.183180266356024,1382.73082596869,229343.59663120002,climate
88,-17.114838474646824,2094.397503059478,228033.72049280765,climate
89,-0.5469619297871442,52.11542230811213,551402.8474694128,climate
90,-1.6405582178670401,71.49488294133393,239659.30804761217,climate
91,0.026554905609557512,5.323651421638869,276494.7720439704,climate
92,0.2005355072753824,15.56148678411819,540087.2639581981,climate
93,0.6161478925506569,3.191694844838445,442847.29753372323,climate
94,1.3694076643402802,33.209085705360124,309179.67518270615,climate
95,5.772836779704975,605.6399218734047,471943.1400006261,climate
96,4.398771436080179,482.7331053749858,1182895.016196785,climate
97,1.9239246962736898,149.46905750557815,827607.7002533287,climate
98,1.6758601949804388,67.95675846890272,1009187.9726887239,climate
99,8.843686455525745,994.2011689844331,430308.2897307923,climate
100,9.68939188736011,1209.5235831390064,1159827.2237952524,climate
101,12.6259707568817,1214.3850283786865,264919.83306377707,climate
102,0.2943138088947693,27.797140070843916,336756.93452847993,climate
103,3.908518071334284,105.6087954730759,630420.6899636602,climate
104,1.7964332312927296,200.96107707709058,658738.4660392737,climate
105,2.282664393578373,206.3986327858365,1303584.3854967542,climate
106,0.14095411778944758,0.2620839776979368,632067.640984556,climate
107,0.3698715896630043,0.7433127044236276,433802.1660193724,climate
108,1.8354082190604069,162.66288665980017,478104.79747529025,climate
109,2.6190188087561648,338.7810855846042,777921.4778746357,climate
110,34.6907275636236,4625.625234589085,258384.42428674278,climate
111,12.552402232493787,3492.396334561696,727616.9939375902,climate
112,1.0457260680804337,186.4798326651696,305387.14706167486,climate
113,-1.281045423324722,24.786453308680642,278257.86532671005,climate
114,0.17937818190005508,5.135072354063868,1268100.7136890253,climate
115,29.13076423837623,2458.264579838843,271402.8467712251,climate
116,11.006224213720905,1980.351818158556,185194.6573842501,climate
117,170.6735502123,18595.653592444334,1351277.8497120922,climate
118,108.74025296473407,20144.155428117952,163302.26057424862,climate
119,3.374036523915137,914.6514993811842,603518.4535269557,climate
120,0.5645615582282085,0.7764649469402707,833064.6443210944,climate
121,-0.32198535294231173,114.68097775994181,1011278.5350560276,climate
122,-0.6810442652368378,9.238642097825698,1125070.0965791508,climate
123,0.24529728010741805,5.334287625909518,987827.3855647149,climate
124,0.0687372265319613,3.3885964160393423,2240625.252718024,climate
125,0.9903283422488741,54.68685622022873,994360.1745867889,climate
126,49.38832186366536,13033.710318470557,561347.4272912784,climate
127,20.776721185434482,5840.282806399974,916929.9019559001,climate
128,29.674288328532683,8151.411046352094,774832.7899368298,climate
129,18.42636889134253,4816.889092088654,267337.86446437496,climate
130,17.081636464460768,4320.910999949476,609483.6295501335,climate
131,6.872298378510179,1975.1016082291217,906384.525614196,climate
132,5.932071135476703,1694.6827397372692,631057.2898156901,climate
133,37.78555950701289,10139.513231209301,69325.63220997447,climate
134,5.508344148572922,1232.3093940168496,711858.3104490334,climate
135,4.64717294186554,1056.9426492625787,1654693.1965407648,climate
136,16.191959911758836,3355.7354750828886,660078.9059531935,climate
137,3.4611872557384236,474.5494613362005,226835.62044081735,climate
138,0.5198435554567211,0.7390991001321847,72787.19832941075,climate
139,0.8106610057848543,68.8277043459721,372284.2689380048,climate
140,0.2818169736033599,0.2024317664890233,591339.2249854084,climate
141,6.423654607065734,955.5989155613654,357619.7686888723,climate
142,0.8412628570453333,76.9798079206883,184572.02956031534,climate
143,14.282485732737456,2681.4552604318305,209813.34316403122,climate
144,21.33548147594359,2859.173439704391,592562.6492981836,climate
145,8.066679609659774,1016.9940737975618,148432.546399443,climate
146,4.485181849471902,99.32420958412277,767990.8700853921,climate
147,12.333746096488865,1818.6138095741505,772907.2719177959,climate
148,2.7988292897802722,160.17191682103098,1497647.7778206936,climate
149,4.656528269309916,624.3752705622347,1167964.1744443544,climate
150,2.5418095689766043,390.57859893964553,733801.3558584446,climate
151,1.8079572529915795,14.950982471573344,745394.6331085009,climate
152,0.10592094620385217,0.7197551333466932,2661470.123846186,climate
153,-0.014317593075342402,2.819614907990982,2194960.350186288,climate
154,-0.4239268907264457,8.43101993678076,2255878.3240125254,climate
155,0,0,1498691.312437189,climate
156,-0.017315239817210896,0.08551266667680284,2499131.9321985925,climate
157,0.02562065859400494,0.2728991694830406,762967.0584032369,climate
158,-0.23236069942859763,2.03744256100661,2410767.6866919356,climate
159,0.7855895309394627,4.984959711307974,1180456.0267651642,climate
160,1.3002781586789782,4.018468775704898,1697786.3756136943,climate
161,-0.09333209628031097,0.36469767131348924,480019.8363764698,climate
162,0,0,741373.313301399,climate
163,-0.7202680352786096,1.167321571348131,665277.3678252506,climate
164,0.1361519295641921,0.6781580086259291,641033.3066576186,climate
165,0.020359353404288717,0.0810425523372601,435952.9826949672,climate
166,0.04137073604777,0.38415279170180483,657427.7166649073,climate
167,0.2860386127936137,2.9169720392841088,391566.51918069343,climate
168,0,0,285779.1742522276,climate
169,0,0,337066.06532222044,climate
170,0.3525671551060848,4.253179567374003,515295.67456201883,climate
171,0,0,254414.62629868902,climate
172,0,0,214484.361509202,climate
173,0,0,396393.84949382715,climate
174,0,0,231849.82634953634,climate
175,0,0,315164.9359442506,climate
176,0,0,656299.4766310736,climate
177,-0.002485204669797996,0.017396391797211083,297618.708236414,climate
178,0,0,295999.7012567507,climate
179,0.1880745963285099,0.6122756633639136,889916.7625583553,climate
180,-1.1604621967521942,2.328088085582985,374922.35952440876,climate
181,-0.6415163046401763,1.7303665887153306,261392.7731864523,climate
182,0,0,31290.321629748276,climate
183,-0.3452614702621386,1.5578957889677225,366022.1876598157,climate
184,-0.017752049762412528,2.3527542320476726,208326.19709484885,climate
185,-0.5109598806700274,2.51606184659516,437307.3946444613,climate
186,-0.05643348445525303,0.33550088950731477,415662.127770712,climate
187,-0.042144894078585106,0.21696516728001117,655007.0655288335,climate
188,0,0,214039.0036292437,climate
189,4.694004477743847,6.169929033110124,964177.1349181269,climate
190,0.08709676066745926,0.20911928039302283,417200.7956468385,climate
191,-0.20357656506985655,0.5946933566150167,418342.13441955537,climate
192,-0.12517221488429325,0.3899557378296218,366358.3892092179,climate
193,-0.08144237008795996,1.6918732491484265,325647.43824395916,climate
194,0.25932115941497297,0.9879089260219087,396052.40844513214,climate
195,2.9391066138670277,15.17626504148528,550838.7274356685,climate
196,-0.04548793941881444,0.4342073020158092,355401.7117683848,climate
197,0.0433744646097739,0.32334810811010417,236299.0390370515,climate
198,-0.6503772233991992,5.23107856529683,368307.4849206504,climate
199,-0.7225522275459914,6.129522839529991,706968.9793570383,climate
200,-0.006457595346212377,0.051639674688143795,261802.3278232772,climate
201,0.029558094276363342,0.1766489232793982,107243.05400740252,climate
202,3.461802758987975,378.931806853888,246025.30614997927,climate
203,1.6116808972722076,13.081905070487995,190126.7777424796,climate
204,-1.739077345736084,10.620669673412639,251738.1126809299,climate
205,0.533086985176275,7.261368021430757,441679.7612338397,climate
206,4.3171534100910955,13.94912989479217,322244.3799664752,climate
207,5.166899477305554,4.208914429304292,185669.70579155957,climate
208,5.36617841347647,0.8052861636915202,304048.4536507994,climate
209,4.330238521249676,9.450767990721712,541476.6059485067,climate
210,35.030450220949945,3915.1555994539253,188414.3329821956,climate
211,15.756721579438327,1300.4212615304418,182501.5519759565,climate
212,0.004020173963917801,0.11259395111097224,262832.76373001776,climate
213,0.8098231127696703,3.378131393142141,255082.66313200977,climate
214,0.43399666307784085,2.1134380501711303,400907.68270975165,climate
215,-0.32214624502947536,2.344765466352869,429349.4603581441,climate
216,0.23550032038010033,2.962419990010409,327084.8089972363,climate
217,1.0216428403368698,3.057258983101614,256493.83638744548,climate
218,-0.005188419676124188,0.010358870011657414,122191.36071135566,climate
219,0.9276134963674326,2.9693513044798205,405401.43119429634,climate
220,3.378340581878917,5.432935056779015,403383.3486709624,climate
221,-0.04118486862531824,0.20354298625972173,277083.3430798923,climate
222,-0.07077875032966673,0.48084429138980933,365234.51545838435,climate
223,0.012845919735257042,0.05456172231653784,444173.76560779987,climate
224,-0.0061321518196933425,0.017313874578139474,2222803.9511057204,climate
225,0,0,233511.62259110418,climate
226,-0.0013125162708428255,0.0024778336995739383,724539.6581941938,climate
227,0,0,1253450.1856690329,climate
228,0.009315281681165587,0.03928165873345638,1054900.0308235232,climate
229,0,0,1021146.2689656466,climate
230,-0.013038354044521371,0.10416493021088687,388993.922393804,climate
231,0.02362617917357699,0.21021199286655304,214670.36392451148,climate
232,0.023248205884007247,0.1434370122543115,168165.39408977533,climate
1,0.07362224317029799,0.23396894819652003,437003.50330887956,all
2,0.35454064361363524,10.626918118227328,381146.8910440207,all
3,-0.42225689037666314,5.450995803449414,619647.3951630028,all
4,0.3467832776029864,1.9444664760246992,585307.6819241835,all
5,0.9457781169952404,9.799478262514073,368163.3985622695,all
6,0.04330150719166071,1.439518343825265,337672.10135011,all
7,0.02166560595334996,0.29067066218980275,314224.4449077915,all
8,-0.0702158683147583,0.23305336019692402,1243280.3070409298,all
9,0.030771912251769187,0.13680265434682903,245499.6091407016,all
10,-2.849015519384617e-4,0.0019352021334792682,588498.5401936525,all
11,0.008085942212156307,0.02279713262316296,469027.3556703618,all
12,0.18004479291441663,0.5244290704258218,363002.4864674868,all
13,-0.4761358721710491,1.6567140201034543,625989.8156198129,all
14,0.10037582819580526,9.106599928168418,991917.6922279028,all
15,-0.02128937941998339,0.0708205144179886,912735.6785137028,all
16,-0.1040314734325048,0.2899560887278253,554690.6367060692,all
17,-0.12343890678346178,0.445497149716028,1006751.6030658919,all
18,0.7416721672074025,3.044150520840391,1808482.2632537503,all
19,0.2986240986649016,1.591079168115745,86379.34652876822,all
20,2.708080471163717,21.321201527415404,375562.4523208267,all
21,2.247475348536571,27.22166813897216,205458.4415290292,all
22,2.1521703582879543,39.649614978814625,250887.56641851045,all
23,2.7815798721502927,18.68122257202066,293347.638679646,all
24,-0.030769338610732236,1.791629115870383,373629.9483770984,all
25,2.122772820134815,60.02869857070884,700661.4890127811,all
26,0.253231836128028,83.51146180795897,759877.4971220953,all
27,4.303696015283318,137.13171712989342,664622.4297342574,all
28,3.9545157011022973,121.04729000125238,550990.6730757578,all
29,2.3517733099375118,23.746703184284378,1638499.634232241,all
30,-8.019380518782151,411.9384666226754,131434.72017669465,all
31,-0.49160209915466335,104.73215638972428,315020.8496070272,all
32,5.447414839610469,92.99242787454062,475275.4649369879,all
33,0.624129691421533,282.8429944414653,392320.13464174065,all
34,0.3938390632412353,78.74406488747923,368722.2789928037,all
35,2.140269987685782,104.43139213573767,756074.4900246201,all
36,1.5811821839330653,221.14686283432175,83455.7029989649,all
37,2.7971241974911076,8.659464446688627,415035.1337133741,all
38,3.4713578425071394,23.360347895395403,336529.88936936663,all
39,2.1789507523725202,8.748141547324824,260798.0894264821,all
40,4.044282378081204,39.426542080630306,186315.0381580247,all
41,1.2359910692390614,189.67325745100828,313904.83501272893,all
42,-0.80312222720895865,53.86969488253355,335514.2986818218,all
43,1.1754011289017616,68.47452333374524,602698.4710451809,all
44,0.23010202241937638,0.3904401147051226,458185.0741050381,all
45,1.8330885249425768,11.878206686727328,1051098.77028853,all
46,1.6362970469727314,10.186083519043862,833331.8590369456,all
47,4.180538275388433,29.041625994602366,914561.6457683725,all
48,-1.409742568418449,86.49205454312892,239318.74019729983,all
49,-1.097957576035589,89.59843932952228,989108.4444543401,all
50,2.7410125133992422,417.8763180997337,438180.64540827705,all
51,-13.71813800217305,1388.5080204591034,582576.1534791223,all
52,6.258224747027574,1878.715723070132,699524.5165283782,all
53,1.3128357110139997,17.13737730090254,1204842.4278165721,all
54,1.6199788060923255,24.440403110205658,779564.9358326622,all
55,3.9465491958443795,38.71754197309864,391315.0229728563,all
56,3.639894665268474,27.536144779046214,14591.147141733269,all
57,3.584876159176421,31.56310196805716,344603.96595393796,all
58,3.4871300484125567,87.79473511355388,332440.45597944874,all
59,7.943566816275694,161.35376460599196,526969.2908619803,all
60,19.978078653268348,450.8822648803949,263791.59308810177,all
61,5.439558207331481,124.82394455707507,180821.41750349477,all
62,1.6412972729592579,9.749189114086679,379679.8297220616,all
63,0.8008070527219217,34.29705693170066,944174.4527247056,all
64,2.9202148730153112,28.668729785523475,850844.903300597,all
65,1.612449962636021,59.331258866760365,1078948.4838970767,all
66,-3.9842897059805984,195.94691393922946,583249.4298869185,all
67,3.9503052262939464,50.27818356426637,799503.8706593511,all
68,2.7787524550724196,85.41696904844584,246979.769276333,all
69,-1.793961199006665,213.2790309395571,745649.6223095356,all
70,-1.0801468130597058,94.44918696478351,170113.6165654306,all
71,0.5430191523726734,220.0214138396757,449381.8330580544,all
72,5.455077052400128,173.59134917591615,554182.4046587453,all
73,2.1387733887733886,1.9568222018183024,406592.5452538885,all
74,3.2326746801408173,4.533114326755844,312096.3327580963,all
75,9.020349312400175,166.14643538440512,661075.2851048874,all
76,6.766853046441535,194.73296619835205,633614.1680736048,all
77,0.12729875190676462,2.148392746993487,437432.269502024,all
78,1.5585182548119183,5.961464707816393,863547.2090102574,all
79,4.830638972568861,18.75001807527811,768070.3358888923,all
80,3.7306962703950726,207.3260484057034,332359.24366119376,all
81,6.806287585338474,239.24186636945123,640231.662407033,all
82,1.4848964602277526,175.35255385286783,360724.1752317213,all
83,11.180793786663873,574.5292140817786,394299.79417180276,all
84,3.18583122343145,42.13819674413087,414771.4119673981,all
85,-0.8689347028691297,300.199950576971,232195.63367227642,all
86,0.5692084981509958,90.78051112778152,387274.4916703486,all
87,38.19402053417046,3730.692753730184,229343.59663120002,all
88,29.928024913660654,8097.941034193664,228033.72049280765,all
89,-4.608721063914733,631.9040709904796,551402.8474694128,all
90,30.151644227352797,1483.781712395164,239659.30804761217,all
91,10.942190650160152,669.9293525887597,276494.7720439704,all
92,7.497526995770578,659.3316066409247,540087.2639581981,all
93,0.5437850616273394,21.188693284208263,442847.29753372323,all
94,1.6933140499302124,89.48058445656835,309179.67518270615,all
95,13.180932711705394,1621.091945910317,471943.1400006261,all
96,4.419500248216695,488.9639508048072,1182895.016196785,all
97,2.1431396220116246,174.88002017238378,827607.7002533287,all
98,3.529936798843917,86.52411404603482,1009187.9726887239,all
99,9.590761134509712,1006.7279822571809,430308.2897307923,all
100,9.932170684722697,1538.2648093385721,1159827.2237952524,all
101,31.100243258588492,3708.8272319645507,264919.83306377707,all
102,10.256843234239268,916.1887724905597,336756.93452847993,all
103,27.736486111052013,1372.3214801783495,630420.6899636602,all
104,10.82347232782204,1520.126609796868,658738.4660392737,all
105,4.689621809593434,391.047978772185,1303584.3854967542,all
106,0.10517953606260233,0.6200020578818767,632067.640984556,all
107,9.925254695334699,392.42429614129566,433802.1660193724,all
108,-24.603486765599246,5472.080551347502,478104.79747529025,all
109,10.154649466390824,1344.7726572397535,777921.4778746357,all
110,-3.541454862101137,15695.142606610478,258384.42428674278,all
111,46.37471617396261,12302.193708756742,727616.9939375902,all
112,23.342146288821823,1843.773194737661,305387.14706167486,all
113,27.271445424376324,1253.5719699475144,278257.86532671005,all
114,4.030032482752574,398.49449437504603,1268100.7136890253,all
115,37.23513817261944,5657.56760456769,271402.8467712251,all
116,-53.14748083809074,17033.800103047393,185194.6573842501,all
117,212.5274209597872,24693.527410065926,1351277.8497120922,all
118,217.79597872643845,28671.95746482673,163302.26057424862,all
119,39.784836732936,11468.41013899892,603518.4535269557,all
120,0.7804170102333731,3.053641140047143,833064.6443210944,all
121,-2.850680708198029,1140.2630510343433,1011278.5350560276,all
122,-1.1052329690533613,56.544623689725825,1125070.0965791508,all
123,1.3146603583765473,31.354435986413915,987827.3855647149,all
124,1.859813379318196,62.74500421920062,2240625.252718024,all
125,2.4627114706610764,89.16704825505667,994360.1745867889,all
126,98.13460584427683,23020.26620048351,561347.4272912784,all
127,29.321181812506275,8880.141599409966,916929.9019559001,all
128,92.44860629177064,22429.625950832793,774832.7899368298,all
129,51.41899324101407,12329.52439665193,267337.86446437496,all
130,66.52493166932953,15159.424416200738,609483.6295501335,all
131,51.92189744451592,12891.769033236289,906384.525614196,all
132,36.19393262622557,9316.437161784144,631057.2898156901,all
133,111.08055360315467,21408.820260954577,69325.63220997447,all
134,7.060361973099106,1767.6858170757196,711858.3104490334,all
135,6.1175766540785155,1389.5266639249287,1654693.1965407648,all
136,19.6350248111618,4008.6550469174767,660078.9059531935,all
137,5.126016333167241,719.2595529072394,226835.62044081735,all
138,0.5255302965379848,246.3170209187323,72787.19832941075,all
139,63.189920723695344,8633.554551512732,372284.2689380048,all
140,-4.77231123231931,1170.0554509513001,591339.2249854084,all
141,19.40087467088789,2455.4812784800006,357619.7686888723,all
142,-3.3217844268483296,6582.526767313961,184572.02956031534,all
143,80.75054833763261,20858.360772788827,209813.34316403122,all
144,42.53363612774585,5613.128740343143,592562.6492981836,all
145,11.278067036303987,1106.8666034235732,148432.546399443,all
146,4.33721297556818,100.28179887393307,767990.8700853921,all
147,12.090669669920906,1906.3213164918056,772907.2719177959,all
148,3.1838479427784,194.25581826252366,1497647.7778206936,all
149,4.417541808982231,700.1308621507827,1167964.1744443544,all
150,3.885117396426852,434.97043915839276,733801.3558584446,all
151,1.8527518021056435,15.810878450145182,745394.6331085009,all
152,1.0656348095016317,14.648486826960406,2661470.123846186,all
153,-0.013565669812294711,55.26880856905432,2194960.350186288,all
154,0.9267234949674314,73.16392414155443,2255878.3240125254,all
155,0.14387424465132828,3.01935812521112,1498691.312437189,all
156,0.22987750656607925,7.247741722502328,2499131.9321985925,all
157,0.07221511920526373,11.101085321895415,762967.0584032369,all
158,-0.1982180490377533,5.14685755194741,2410767.6866919356,all
159,0.8357154745922897,5.404987298223411,1180456.0267651642,all
160,1.3120201788034462,4.430375424940457,1697786.3756136943,all
161,-0.03675142310211364,3.9368142558014747,480019.8363764698,all
162,0.18396406984446254,3.537445314542019,741373.313301399,all
163,-0.6869500156780975,1.407591818679556,665277.3678252506,all
164,0.6881771258238523,3.398401295030378,641033.3066576186,all
165,-0.08143741361715487,2.5767218617354475,435952.9826949672,all
166,2.494079175092811,72.49548005321537,657427.7166649073,all
167,-0.24865243370303197,134.71848959722914,391566.51918069343,all
168,-0.958757436944412,24.108887842986654,285779.1742522276,all
169,-0.07931034482758621,1.089035585687871,337066.06532222044,all
170,1.568727767918127,32.6061015658517,515295.67456201883,all
171,10.052766164758523,178.39851139446736,254414.62629868902,all
172,2.284285225240278,43.048919516084226,214484.361509202,all
173,3.293266127332522,62.99434878515539,396393.84949382715,all
174,4.261922697368943,63.27037105548971,231849.82634953634,all
175,9.20236069673819,317.8724255124895,315164.9359442506,all
176,1.6305506295206518,143.89848491146444,656299.4766310736,all
177,-2.174800554142215,68.94996726758727,297618.708236414,all
178,-4.932606212337991,115.68781236535447,295999.7012567507,all
179,0.003996722527367081,2.1435013220849917,889916.7625583553,all
180,7.847133164344086,162.95288055660666,374922.35952440876,all
181,6.913614604978053,237.89028309643342,261392.7731864523,all
182,13.593547673818378,333.69113428182715,31290.321629748276,all
183,-0.29012594576677586,111.01630094278751,366022.1876598157,all
184,-1.99536392869578,63.49257376977958,208326.19709484885,all
185,-3.5764376048055184,51.66115337061427,437307.3946444613,all
186,0.4665310910652417,4.643195947952535,415662.127770712,all
187,-1.8304471934345934,26.84806712552683,655007.0655288335,all
188,-6.518098292184183,96.96074918340487,214039.0036292437,all
189,4.701566128428025,6.121562662602001,964177.1349181269,all
190,1.3076863504555423,19.68182660986756,417200.7956468385,all
191,1.2935626419850947,5.111480445216665,418342.13441955537,all
192,3.233392287817104,30.172526014830066,366358.3892092179,all
193,6.624615863758885,116.46976744269561,325647.43824395916,all
194,0.25932115941497297,0.9879089260219087,396052.40844513214,all
195,2.9391066138670277,15.17626504148528,550838.7274356685,all
196,-3.162715271344146,109.69855988213111,355401.7117683848,all
197,-1.1342032615194255,49.511001789507226,236299.0390370515,all
198,-0.6489664885063343,5.23996781203269,368307.4849206504,all
199,-2.2711445275860282,67.19222602425536,706968.9793570383,all
200,-0.5259571319008207,14.77838377607779,261802.3278232772,all
201,-0.5941176949549032,9.659985776344095,107243.05400740252,all
202,16.811187817355734,1888.290647870133,246025.30614997927,all
203,7.426078090725836,245.7424511089452,190126.7777424796,all
204,-1.1047291320515176,19.30888565075741,251738.1126809299,all
205,0.22711887180996482,5.764870394943256,441679.7612338397,all
206,4.438481153895035,16.60536109901836,322244.3799664752,all
207,5.6200998023886655,6.310472051578854,185669.70579155957,all
208,5.319418117171552,5.341004827604312,304048.4536507994,all
209,5.021755607849004,11.057441843478838,541476.6059485067,all
210,37.85652246628552,4199.68379681089,188414.3329821956,all
211,18.651702698595233,1412.5480107357957,182501.5519759565,all
212,0.004020173963917801,0.11259395111097224,262832.76373001776,all
213,0.8098231127696703,3.378131393142141,255082.66313200977,all
214,0.43399666307784085,2.1134380501711303,400907.68270975165,all
215,-0.32214624502947536,2.344765466352869,429349.4603581441,all
216,0.23550032038010033,2.962419990010409,327084.8089972363,all
217,1.0216428403368698,3.057258983101614,256493.83638744548,all
218,-0.005188419676124188,0.010358870011657414,122191.36071135566,all
219,0.9276134963674326,2.9693513044798205,405401.43119429634,all
220,3.946868918364646,11.085073154260868,403383.3486709624,all
221,0.053769134038609924,0.9657024217919229,277083.3430798923,all
222,0.12314971779332329,2.0643272902199072,365234.51545838435,all
223,0.2450554808030325,1.4326751094132537,444173.76560779987,all
224,-0.0060692942200940925,0.017440362690401397,2222803.9511057204,all
225,0,0,233511.62259110418,all
226,-0.0013125162708428255,0.0024778336995739383,724539.6581941938,all
227,0,0,1253450.1856690329,all
228,0.009315281681165587,0.03928165873345638,1054900.0308235232,all
229,0.009748905813945505,0.019404708648736196,1021146.2689656466,all
230,-0.013038354044521371,0.10416493021088687,388993.922393804,all
231,0.24069170033081558,3.3493306712700006,214670.36392451148,all
232,0.023248205884007247,0.1434370122543115,168165.39408977533,all
